type,EDI_Std_Nomenclature,AISC_Manual_Label,W,A,Ht,h,OD,B,b,tnom,tdes,b/tdes,h/tdes,D/t,Ix,Zx,Sx,rx,Iy,Zy,Sy,ry,J,C
HSS,HSS34X10X1,HSS34X10X1,277.07,76.2,34,31.2,,10,7.21,1,0.93,7.75,33.6,,9600,750,565,11.2,1340,307,268,4.19,4040,555
HSS,HSS34X10X.875,HSS34X10X7/8,244.88,67.3,34,31.6,,10,7.56,0.88,0.81,9.29,38.8,,8600,668,506,11.3,1210,274,242,4.24,3630,494
HSS,HSS34X10X.750,HSS34X10X3/4,212,58.2,34,31.9,,10,7.91,0.75,0.7,11.3,45.7,,7550,582,444,11.4,1070,240,215,4.29,3190,431
HSS,HSS34X10X.625,HSS34X10X5/8,178.41,48.9,34,32.3,,10,8.26,0.63,0.58,14.2,55.5,,6430,493,378,11.5,924,205,185,4.35,2720,365
HSS,HSS30X10X1,HSS30X10X1,249.85,68.7,30,27.2,,10,7.21,1,0.93,7.75,29.3,,6900,606,460,10,1180,273,237,4.15,3460,487
HSS,HSS30X10X.875,HSS30X10X7/8,221.06,60.8,30,27.6,,10,7.56,0.88,0.81,9.29,33.9,,6190,540,413,10.1,1070,245,215,4.2,3110,434
HSS,HSS30X10X.750,HSS30X10X3/4,191.58,52.6,30,27.9,,10,7.91,0.75,0.7,11.3,40,,5440,471,363,10.2,952,215,190,4.25,2730,379
HSS,HSS30X10X.625,HSS30X10X5/8,161.4,44.3,30,28.3,,10,8.26,0.63,0.58,14.2,48.6,,4640,400,310,10.2,820,183,164,4.31,2330,321
HSS,HSS30X10X.500,HSS30X10X1/2,130.52,35.8,30,28.6,,10,8.61,0.5,0.47,18.5,61.5,,3810,326,254,10.3,679,149,136,4.36,1910,262
HSS,HSS24X20X.750,HSS24X20X3/4,212,58.2,24,21.9,,20,17.9,0.75,0.7,25.7,31.4,,4960,489,413,9.23,3750,432,375,8.02,6740,627
HSS,HSS24X20X.625,HSS24X20X5/8,178.41,48.9,24,22.3,,20,18.3,0.63,0.58,31.4,38.3,,4220,413,351,9.29,3190,365,319,8.08,5690,528
HSS,HSS24X20X.500,HSS24X20X1/2,144.13,39.5,24,22.6,,20,18.6,0.5,0.47,40,48.6,,3450,336,287,9.34,2610,297,261,8.13,4620,427
HSS,HSS24X20X.375,HSS24X20X3/8,109.15,29.9,24,23,,20,19,0.38,0.35,54.3,65.8,,2640,256,220,9.4,2000,226,200,8.19,3510,324
HSS,HSS24X20X.313,HSS24X20X5/16,91.39,25.1,24,23.1,,20,19.1,0.31,0.29,65.7,79.5,,2230,215,186,9.43,1690,190,169,8.21,2950,272
HSS,HSS24X18X.750,HSS24X18X3/4,201.79,55.4,24,21.9,,18,15.9,0.75,0.7,22.8,31.4,,4580,456,382,9.09,2940,375,327,7.29,5690,562
HSS,HSS24X18X.625,HSS24X18X5/8,169.91,46.6,24,22.3,,18,16.3,0.63,0.58,28,38.3,,3900,386,325,9.15,2510,318,279,7.34,4810,473
HSS,HSS24X18X.500,HSS24X18X1/2,137.32,37.6,24,22.6,,18,16.6,0.5,0.47,35.7,48.6,,3190,314,266,9.21,2060,258,229,7.39,3910,383
HSS,HSS24X18X.375,HSS24X18X3/8,104.04,28.5,24,23,,18,17,0.38,0.35,48.6,65.8,,2450,240,204,9.27,1580,197,176,7.45,2970,291
HSS,HSS24X18X.313,HSS24X18X5/16,87.14,23.9,24,23.1,,18,17.1,0.31,0.29,58.9,79.5,,2060,201,172,9.3,1330,166,148,7.47,2500,244
HSS,HSS24X16X.750,HSS24X16X3/4,191.58,52.6,24,21.9,,16,13.9,0.75,0.7,19.9,31.4,,4200,424,350,8.93,2250,321,281,6.53,4680,496
HSS,HSS24X16X.625,HSS24X16X5/8,161.4,44.3,24,22.3,,16,14.3,0.63,0.58,24.5,38.3,,3580,359,298,8.99,1920,272,240,6.59,3960,419
HSS,HSS24X16X.500,HSS24X16X1/2,130.52,35.8,24,22.6,,16,14.6,0.5,0.47,31.4,48.6,,2930,292,244,9.05,1580,222,197,6.64,3220,340
HSS,HSS24X16X.375,HSS24X16X3/8,98.94,27.1,24,23,,16,15,0.38,0.35,42.8,65.8,,2250,223,188,9.12,1210,169,152,6.69,2460,258
HSS,HSS24X16X.313,HSS24X16X5/16,82.88,22.7,24,23.1,,16,15.1,0.31,0.29,52,79.5,,1900,188,158,9.15,1030,143,128,6.72,2070,217
HSS,HSS24X14X.750,HSS24X14X3/4,181.37,49.8,24,21.9,,14,11.9,0.75,0.7,17.1,31.4,,3820,391,318,8.76,1660,270,237,5.77,3730,431
HSS,HSS24X14X.625,HSS24X14X5/8,152.89,41.9,24,22.3,,14,12.3,0.63,0.58,21.1,38.3,,3260,332,272,8.82,1420,229,203,5.82,3170,364
HSS,HSS24X14X.500,HSS24X14X1/2,123.71,33.9,24,22.6,,14,12.6,0.5,0.47,27.1,48.6,,2680,270,223,8.88,1170,187,167,5.87,2580,296
HSS,HSS24X14X.375,HSS24X14X3/8,93.83,25.7,24,23,,14,13,0.38,0.35,37.1,65.8,,2060,207,171,8.94,902,143,129,5.92,1970,225
HSS,HSS24X14X.313,HSS24X14X5/16,78.63,21.6,24,23.1,,14,13.1,0.31,0.29,45.1,79.5,,1740,174,145,8.98,763,120,109,5.95,1660,189
HSS,HSS24X14X.250,HSS24X14X1/4,63.25,17.4,24,23.3,,14,13.3,0.25,0.23,57.1,100,,1410,140,117,9.01,619,97.4,88.5,5.98,1340,152
HSS,HSS24X12X1,HSS24X12X1,222.63,61.3,24,21.2,,12,9.21,1,0.93,9.9,22.8,,4340,459,362,8.42,1460,282,243,4.88,3630,472
HSS,HSS24X12X.875,HSS24X12X7/8,197.24,54.3,24,21.6,,12,9.56,0.88,0.81,11.7,26.5,,3910,410,326,8.49,1320,252,220,4.93,3250,420
HSS,HSS24X12X.750,HSS24X12X3/4,171.16,47.1,24,21.9,,12,9.91,0.75,0.7,14.2,31.4,,3440,359,287,8.55,1170,221,195,4.98,2850,366
HSS,HSS24X12X.625,HSS24X12X5/8,144.39,39.6,24,22.3,,12,10.3,0.63,0.58,17.7,38.4,,2940,304,245,8.62,1000,188,167,5.03,2430,310
HSS,HSS24X12X.500,HSS24X12X1/2,116.91,32.1,24,22.6,,12,10.6,0.5,0.47,22.8,48.6,,2420,248,202,8.68,829,154,138,5.08,1980,252
HSS,HSS24X12X.375,HSS24X12X3/8,88.73,24.3,24,23,,12,11,0.38,0.35,31.4,65.8,,1860,190,155,8.75,642,118,107,5.14,1520,192
HSS,HSS24X12X.313,HSS24X12X5/16,74.38,20.4,24,23.1,,12,11.1,0.31,0.29,38.2,79.5,,1570,160,131,8.78,543,99.4,90.6,5.16,1280,161
HSS,HSS24X12X.250,HSS24X12X1/4,59.85,16.4,24,23.3,,12,11.3,0.25,0.23,48.5,100,,1280,129,106,8.82,442,80.5,73.6,5.19,1030,130
HSS,HSS24X8X.500,HSS24X8X1/2,103.3,28.3,24,22.6,,8,6.61,0.5,0.47,14.2,48.6,,1900,205,159,8.19,336,93.5,84,3.44,955,165
HSS,HSS24X8X.375,HSS24X8X3/8,78.52,21.5,24,23,,8,6.95,0.38,0.35,19.9,65.8,,1470,157,123,8.27,263,72.2,65.8,3.5,739,126
HSS,HSS24X8X.313,HSS24X8X5/16,65.87,18.1,24,23.1,,8,7.13,0.31,0.29,24.5,79.5,,1250,132,104,8.3,224,61,56,3.52,625,106
HSS,HSS24X8X.250,HSS24X8X1/4,53.05,14.6,24,23.3,,8,7.3,0.25,0.23,31.3,100,,1010,107,84.4,8.34,183,49.5,45.8,3.55,508,86
HSS,HSS22X22X1,HSS22X22X1,277.07,76.2,22,19.2,,22,19.2,1,0.93,20.7,20.7,,5550,596,505,8.54,5550,596,505,8.54,8890,823
HSS,HSS22X22X.875,HSS22X22X7/8,244.88,67.3,22,19.6,,22,19.6,0.88,0.81,24.1,24.1,,4970,530,452,8.59,4970,530,452,8.59,7890,729
HSS,HSS22X22X.750,HSS22X22X3/4,212,58.2,22,19.9,,22,19.9,0.75,0.7,28.5,28.5,,4350,462,395,8.65,4350,462,395,8.65,6860,632
HSS,HSS22X22X.625,HSS22X22X5/8,178.41,48.9,22,20.3,,22,20.3,0.63,0.58,34.9,34.9,,3710,390,337,8.7,3710,390,337,8.7,5790,532
HSS,HSS22X22X.500,HSS22X22X1/2,144.13,39.5,22,20.6,,22,20.6,0.5,0.47,44.3,44.3,,3030,317,276,8.76,3030,317,276,8.76,4700,431
HSS,HSS22X20X.750,HSS22X20X3/4,201.79,55.4,22,19.9,,20,17.9,0.75,0.7,25.7,28.5,,4040,432,367,8.54,3490,405,349,7.93,5920,573
HSS,HSS22X20X.625,HSS22X20X5/8,169.91,46.6,22,20.3,,20,18.3,0.63,0.58,31.4,34.9,,3440,366,313,8.59,2970,343,297,7.99,5000,483
HSS,HSS22X20X.500,HSS22X20X1/2,137.32,37.6,22,20.6,,20,18.6,0.5,0.47,40,44.3,,2820,297,256,8.65,2440,279,244,8.04,4060,391
HSS,HSS22X20X.375,HSS22X20X3/8,104.04,28.5,22,21,,20,19,0.38,0.35,54.3,60,,2160,227,196,8.71,1870,213,187,8.1,3090,297
HSS,HSS22X20X.313,HSS22X20X5/16,87.14,23.9,22,21.1,,20,19.1,0.31,0.29,65.7,72.6,,1820,191,166,8.73,1580,179,158,8.13,2590,249
HSS,HSS22X18X.750,HSS22X18X3/4,191.58,52.6,22,19.9,,18,15.9,0.75,0.7,22.8,28.5,,3720,402,338,8.41,2730,351,304,7.21,5000,513
HSS,HSS22X18X.625,HSS22X18X5/8,161.4,44.3,22,20.3,,18,16.3,0.63,0.58,28,34.9,,3170,341,288,8.47,2330,297,259,7.26,4230,433
HSS,HSS22X18X.500,HSS22X18X1/2,130.52,35.8,22,20.6,,18,16.6,0.5,0.47,35.7,44.3,,2600,277,236,8.52,1910,242,213,7.31,3440,351
HSS,HSS22X18X.375,HSS22X18X3/8,98.94,27.1,22,21,,18,17,0.38,0.35,48.6,60,,2000,212,182,8.58,1470,185,164,7.37,2620,267
HSS,HSS22X18X.313,HSS22X18X5/16,82.88,22.7,22,21.1,,18,17.1,0.31,0.29,58.9,72.6,,1680,178,153,8.61,1240,156,138,7.4,2200,224
HSS,HSS22X16X.750,HSS22X16X3/4,181.37,49.8,22,19.9,,16,13.9,0.75,0.7,19.9,28.5,,3400,372,309,8.26,2080,300,260,6.47,4130,454
HSS,HSS22X16X.625,HSS22X16X5/8,152.89,41.9,22,20.3,,16,14.3,0.63,0.58,24.5,34.9,,2910,316,264,8.32,1780,254,223,6.52,3500,383
HSS,HSS22X16X.500,HSS22X16X1/2,123.71,33.9,22,20.6,,16,14.6,0.5,0.47,31.4,44.3,,2380,257,217,8.38,1470,207,183,6.57,2850,311
HSS,HSS22X16X.375,HSS22X16X3/8,93.83,25.7,22,21,,16,15,0.38,0.35,42.8,60,,1830,197,167,8.44,1130,159,141,6.63,2170,236
HSS,HSS22X16X.313,HSS22X16X5/16,78.63,21.6,22,21.1,,16,15.1,0.31,0.29,52,72.6,,1550,165,141,8.47,954,133,119,6.65,1830,198
HSS,HSS22X16X.250,HSS22X16X1/4,63.25,17.4,22,21.3,,16,15.3,0.25,0.23,65.7,91.4,,1250,134,114,8.5,774,108,96.7,6.68,1470,160
HSS,HSS22X14X.750,HSS22X14X3/4,171.16,47.1,22,19.9,,14,11.9,0.75,0.7,17.1,28.5,,3090,343,281,8.1,1530,251,219,5.71,3300,394
HSS,HSS22X14X.625,HSS22X14X5/8,144.39,39.6,22,20.3,,14,12.3,0.63,0.58,21.1,34.9,,2640,291,240,8.16,1320,213,188,5.76,2800,333
HSS,HSS22X14X.500,HSS22X14X1/2,116.91,32.1,22,20.6,,14,12.6,0.5,0.47,27.1,44.3,,2170,237,197,8.22,1080,174,155,5.81,2290,271
HSS,HSS22X14X.375,HSS22X14X3/8,88.73,24.3,22,21,,14,13,0.38,0.35,37.1,60,,1670,182,152,8.29,837,134,120,5.87,1750,206
HSS,HSS22X14X.313,HSS22X14X5/16,74.38,20.4,22,21.1,,14,13.1,0.31,0.29,45.1,72.6,,1410,153,128,8.32,708,112,101,5.89,1470,173
HSS,HSS22X14X.250,HSS22X14X1/4,59.85,16.4,22,21.3,,14,13.3,0.25,0.23,57.1,91.4,,1140,123,104,8.35,575,90.9,82.2,5.92,1190,140
HSS,HSS22X10X.625,HSS22X10X5/8,127.37,35,22,20.3,,10,8.26,0.63,0.58,14.2,34.9,,2110,241,191,7.76,614,139,123,4.19,1560,234
HSS,HSS22X10X.500,HSS22X10X1/2,103.3,28.3,22,20.6,,10,8.61,0.5,0.47,18.5,44.3,,1740,197,158,7.83,510,114,102,4.24,1280,191
HSS,HSS22X10X.375,HSS22X10X3/8,78.52,21.5,22,21,,10,8.95,0.38,0.35,25.7,60,,1340,151,122,7.9,397,87.7,79.4,4.29,986,146
HSS,HSS22X10X.313,HSS22X10X5/16,65.87,18.1,22,21.1,,10,9.13,0.31,0.29,31.4,72.6,,1140,128,103,7.93,337,74,67.4,4.32,832,123
HSS,HSS22X10X.250,HSS22X10X1/4,53.05,14.6,22,21.3,,10,9.3,0.25,0.23,39.9,91.4,,923,103,83.9,7.96,275,60,55,4.34,674,99
HSS,HSS20X20X1,HSS20X20X1,249.85,68.7,20,17.2,,20,17.2,1,0.93,18.5,18.5,,4100,486,410,7.72,4100,486,410,7.72,6600,673
HSS,HSS20X20X.875,HSS20X20X7/8,221.06,60.8,20,17.6,,20,17.6,0.88,0.81,21.6,21.6,,3670,433,367,7.77,3670,433,367,7.77,5870,597
HSS,HSS20X20X.750,HSS20X20X3/4,191.58,52.6,20,17.9,,20,17.9,0.75,0.7,25.6,25.6,,3230,378,323,7.84,3230,378,323,7.84,5110,519
HSS,HSS20X20X.625,HSS20X20X5/8,161.4,44.3,20,18.3,,20,18.3,0.63,0.58,31.5,31.5,,2750,320,275,7.88,2750,320,275,7.88,4320,437
HSS,HSS20X20X.500,HSS20X20X1/2,130.52,35.8,20,18.6,,20,18.6,0.5,0.47,40,40,,2260,261,226,7.95,2260,261,226,7.95,3510,355
HSS,HSS20X20X.375,HSS20X20X3/8,98.94,27.1,20,19,,20,19,0.38,0.35,54.3,54.3,,1740,199,174,8,1740,199,174,8,2680,269
HSS,HSS20X20X.313,HSS20X20X5/16,82.88,22.7,20,19.1,,20,19.1,0.31,0.29,65.7,65.7,,1460,167,146,8.03,1460,167,146,8.03,2250,226
HSS,HSS20X16X.750,HSS20X16X3/4,171.16,47.1,20,17.9,,16,13.9,0.75,0.7,19.9,25.7,,2710,324,271,7.59,1920,278,240,6.39,3590,411
HSS,HSS20X16X.625,HSS20X16X5/8,144.39,39.6,20,18.3,,16,14.3,0.63,0.58,24.5,31.4,,2320,275,232,7.65,1640,236,206,6.44,3040,347
HSS,HSS20X16X.500,HSS20X16X1/2,116.91,32.1,20,18.6,,16,14.6,0.5,0.47,31.4,40,,1900,224,190,7.7,1350,193,169,6.5,2480,282
HSS,HSS20X16X.375,HSS20X16X3/8,88.73,24.3,20,19,,16,15,0.38,0.35,42.8,54.3,,1470,172,147,7.76,1040,148,130,6.55,1890,215
HSS,HSS20X16X.313,HSS20X16X5/16,74.38,20.4,20,19.1,,16,15.1,0.31,0.29,52,65.7,,1240,144,124,7.79,882,124,110,6.58,1590,180
HSS,HSS20X16X.250,HSS20X16X1/4,59.85,16.4,20,19.3,,16,15.3,0.25,0.23,65.7,82.8,,1000,117,100,7.82,716,100,89.5,6.6,1280,145
HSS,HSS20X12X1,HSS20X12X1,195.4,53.8,20,17.2,,12,9.21,1,0.93,9.9,18.5,,2740,344,274,7.14,1230,241,205,4.78,2820,390
HSS,HSS20X12X.875,HSS20X12X7/8,173.43,47.7,20,17.6,,12,9.56,0.88,0.81,11.7,21.6,,2480,308,248,7.2,1110,216,186,4.83,2530,347
HSS,HSS20X12X.750,HSS20X12X3/4,150.75,41.5,20,17.9,,12,9.91,0.75,0.7,14.2,25.6,,2190,270,219,7.26,988,190,165,4.88,2220,303
HSS,HSS20X12X.625,HSS20X12X5/8,127.37,35,20,18.3,,12,10.3,0.63,0.58,17.7,31.4,,1880,230,188,7.33,851,162,142,4.93,1890,257
HSS,HSS20X12X.500,HSS20X12X1/2,103.3,28.3,20,18.6,,12,10.6,0.5,0.47,22.8,40,,1550,188,155,7.39,705,132,117,4.99,1540,209
HSS,HSS20X12X.375,HSS20X12X3/8,78.52,21.5,20,19,,12,11,0.38,0.35,31.4,54.3,,1200,144,120,7.45,547,102,91.1,5.04,1180,160
HSS,HSS20X12X.313,HSS20X12X5/16,65.87,18.1,20,19.1,,12,11.1,0.31,0.29,38.2,65.7,,1010,122,101,7.48,464,85.8,77.3,5.07,997,134
HSS,HSS20X8X1,HSS20X8X1,168.18,46.4,20,17.2,,8,5.21,1,0.93,5.6,18.5,,2060,273,206,6.67,472,141,118,3.19,1320,248
HSS,HSS20X8X.875,HSS20X8X7/8,149.61,41.2,20,17.6,,8,5.56,0.88,0.81,6.83,21.6,,1880,246,188,6.74,432,127,108,3.24,1200,222
HSS,HSS20X8X.750,HSS20X8X3/4,130.33,35.9,20,17.9,,8,5.91,0.75,0.7,8.46,25.7,,1670,216,167,6.82,388,112,97.1,3.29,1060,195
HSS,HSS20X8X.625,HSS20X8X5/8,110.36,30.3,20,18.3,,8,6.26,0.63,0.58,10.8,31.4,,1440,185,144,6.89,338,96.4,84.6,3.34,916,167
HSS,HSS20X8X.500,HSS20X8X1/2,89.68,24.6,20,18.6,,8,6.6,0.5,0.47,14.2,40,,1190,152,119,6.96,283,79.5,70.8,3.39,757,137
HSS,HSS20X8X.375,HSS20X8X3/8,68.31,18.7,20,19,,8,6.95,0.38,0.35,19.9,54.3,,926,117,92.6,7.03,222,61.5,55.6,3.44,586,105
HSS,HSS20X8X.313,HSS20X8X5/16,57.36,15.7,20,19.1,,8,7.13,0.31,0.29,24.5,65.7,,786,98.6,78.6,7.07,189,52,47.4,3.47,496,88.3
HSS,HSS20X6X.625,HSS20X6X5/8,101.85,28,20,18.3,,6,4.26,0.63,0.58,7.33,31.4,,1220,162,122,6.6,175,67.3,58.4,2.5,528,122
HSS,HSS20X6X.500,HSS20X6X1/2,82.88,22.8,20,18.6,,6,4.61,0.5,0.47,9.9,40,,1020,134,102,6.68,148,55.8,49.4,2.55,441,100
HSS,HSS20X6X.375,HSS20X6X3/8,63.21,17.3,20,19,,6,4.95,0.38,0.35,14.2,54.3,,792,103,79.2,6.76,118,43.4,39.2,2.6,345,77.3
HSS,HSS20X6X.313,HSS20X6X5/16,53.11,14.6,20,19.1,,6,5.13,0.31,0.29,17.6,65.7,,673,87.1,67.3,6.79,101,36.9,33.6,2.63,293,65.4
HSS,HSS20X6X.250,HSS20X6X1/4,42.84,11.8,20,19.3,,6,5.3,0.25,0.23,22.8,82.8,,549,70.7,54.9,6.83,82.9,30,27.6,2.66,240,53.1
HSS,HSS20X4X.500,HSS20X4X1/2,76.07,20.9,20,18.6,,4,2.6,0.5,0.47,5.6,40,,838,115,83.8,6.33,58.7,34,29.3,1.68,195,63.8
HSS,HSS20X4X.375,HSS20X4X3/8,58.1,16,20,19,,4,2.95,0.38,0.35,8.46,54.3,,657,89.3,65.7,6.42,47.6,26.8,23.8,1.73,156,49.9
HSS,HSS20X4X.313,HSS20X4X5/16,48.86,13.4,20,19.1,,4,3.13,0.31,0.29,10.7,65.7,,560,75.6,56,6.46,41.2,22.9,20.6,1.75,134,42.4
HSS,HSS20X4X.250,HSS20X4X1/4,39.43,10.8,20,19.3,,4,3.3,0.25,0.23,14.2,82.8,,458,61.5,45.8,6.5,34.3,18.7,17.1,1.78,111,34.7
HSS,HSS18X18X1,HSS18X18X1,222.63,61.3,18,15.2,,18,15.2,1,0.93,16.4,16.4,,2920,387,324,6.9,2920,387,324,6.9,4740,539
HSS,HSS18X18X.875,HSS18X18X7/8,197.24,54.3,18,15.6,,18,15.6,0.88,0.81,19.2,19.2,,2630,346,292,6.96,2630,346,292,6.96,4220,479
HSS,HSS18X18X.750,HSS18X18X3/4,171.16,47.1,18,15.9,,18,15.9,0.75,0.7,22.8,22.8,,2320,302,258,7.02,2320,302,258,7.02,3690,417
HSS,HSS18X18X.625,HSS18X18X5/8,144.39,39.6,18,16.3,,18,16.3,0.63,0.58,28.1,28.1,,1980,257,220,7.07,1980,257,220,7.07,3120,352
HSS,HSS18X18X.500,HSS18X18X1/2,116.91,32.1,18,16.6,,18,16.6,0.5,0.47,35.7,35.7,,1630,210,181,7.13,1630,210,181,7.13,2540,286
HSS,HSS18X18X.375,HSS18X18X3/8,88.73,24.3,18,17,,18,17,0.38,0.35,48.6,48.6,,1250,160,139,7.18,1250,160,139,7.18,1940,217
HSS,HSS18X18X.313,HSS18X18X5/16,74.38,20.4,18,17.1,,18,17.1,0.31,0.29,58.9,58.9,,1060,135,118,7.21,1060,135,118,7.21,1630,182
HSS,HSS18X18X.250,HSS18X18X1/4,59.85,16.4,18,17.3,,18,17.3,0.25,0.23,74.3,74.3,,860,109,95.6,7.24,860,109,95.6,7.24,1320,147
HSS,HSS18X10X.625,HSS18X10X5/8,110.36,30.3,18,16.3,,10,8.26,0.63,0.58,14.2,28,,1280,176,142,6.49,511,117,102,4.1,1190,190
HSS,HSS18X10X.500,HSS18X10X1/2,89.68,24.6,18,16.6,,10,8.61,0.5,0.47,18.5,35.7,,1060,144,117,6.55,425,96.2,85,4.16,977,155
HSS,HSS18X10X.375,HSS18X10X3/8,68.31,18.7,18,17,,10,8.95,0.38,0.35,25.7,48.6,,820,111,91.1,6.61,332,74.2,66.4,4.21,752,119
HSS,HSS18X10X.313,HSS18X10X5/16,57.36,15.7,18,17.1,,10,9.13,0.31,0.29,31.4,58.9,,695,93.7,77.2,6.65,282,62.7,56.4,4.23,635,100
HSS,HSS18X10X.250,HSS18X10X1/4,46.24,12.7,18,17.3,,10,9.3,0.25,0.23,39.9,74.3,,566,76,62.9,6.68,230,50.9,46.1,4.26,515,80.8
HSS,HSS18X8X.625,HSS18X8X5/8,101.85,28,18,16.3,,8,6.26,0.63,0.58,10.8,28,,1100,156,122,6.27,306,87.8,76.6,3.31,797,149
HSS,HSS18X8X.500,HSS18X8X1/2,82.88,22.8,18,16.6,,8,6.61,0.5,0.47,14.2,35.7,,913,128,101,6.33,257,72.5,64.2,3.36,659,122
HSS,HSS18X8X.375,HSS18X8X3/8,63.21,17.3,18,17,,8,6.95,0.38,0.35,19.9,48.6,,711,98.7,79,6.4,202,56.1,50.5,3.41,510,94.1
HSS,HSS18X8X.313,HSS18X8X5/16,53.11,14.6,18,17.1,,8,7.13,0.31,0.29,24.5,58.9,,604,83.4,67.1,6.44,172,47.5,43,3.44,432,79.4
HSS,HSS18X8X.250,HSS18X8X1/4,42.84,11.8,18,17.3,,8,7.3,0.25,0.23,31.3,74.3,,492,67.7,54.7,6.47,141,38.6,35.2,3.46,351,64.3
HSS,HSS18X6X.750,HSS18X6X3/4,109.91,30.3,18,15.9,,6,3.91,0.75,0.7,5.6,22.8,,1060,158,118,5.92,179,70.4,59.6,2.43,530,127
HSS,HSS18X6X.625,HSS18X6X5/8,93.34,25.7,18,16.3,,6,4.26,0.63,0.58,7.33,28,,923,135,103,6,158,61,52.7,2.48,462,109
HSS,HSS18X6X.500,HSS18X6X1/2,76.07,20.9,18,16.6,,6,4.61,0.5,0.47,9.9,35.7,,770,112,85.6,6.07,134,50.7,44.6,2.53,387,89.9
HSS,HSS18X6X.375,HSS18X6X3/8,58.1,16,18,17,,6,4.95,0.38,0.35,14.2,48.6,,602,86.4,66.9,6.15,106,39.5,35.5,2.58,302,69.5
HSS,HSS18X6X.313,HSS18X6X5/16,48.86,13.4,18,17.1,,6,5.13,0.31,0.29,17.6,58.9,,513,73.1,57,6.18,91.3,33.5,30.4,2.61,257,58.7
HSS,HSS18X6X.250,HSS18X6X1/4,39.43,10.8,18,17.3,,6,5.3,0.25,0.23,22.8,74.3,,419,59.4,46.5,6.22,75.1,27.3,25,2.63,210,47.7
HSS,HSS16X16X1,HSS16X16X1,195.4,53.8,16,13.2,,16,13.2,1,0.93,14.2,14.2,,1990,300,249,6.09,1990,300,249,6.09,3270,419
HSS,HSS16X16X.875,HSS16X16X7/8,173.43,47.7,16,13.6,,16,13.6,0.88,0.81,16.7,16.7,,1800,268,225,6.14,1800,268,225,6.14,2920,373
HSS,HSS16X16X.750,HSS16X16X3/4,150.75,41.5,16,13.9,,16,13.9,0.75,0.7,19.9,19.9,,1590,235,199,6.19,1590,235,199,6.19,2560,326
HSS,HSS16X16X.625,HSS16X16X5/8,127.37,35,16,14.3,,16,14.3,0.63,0.58,24.5,24.5,,1370,200,171,6.25,1370,200,171,6.25,2170,276
HSS,HSS16X16X.500,HSS16X16X1/2,103.3,28.3,16,14.6,,16,14.6,0.5,0.47,31.4,31.4,,1130,164,141,6.31,1130,164,141,6.31,1770,224
HSS,HSS16X16X.375,HSS16X16X3/8,78.52,21.5,16,15,,16,15,0.38,0.35,42.8,42.8,,873,126,109,6.37,873,126,109,6.37,1350,171
HSS,HSS16X16X.313,HSS16X16X5/16,65.87,18.1,16,15.1,,16,15.1,0.31,0.29,52,52,,739,106,92.3,6.39,739,106,92.3,6.39,1140,144
HSS,HSS16X16X.250,HSS16X16X1/4,53.05,14.6,16,15.3,,16,15.3,0.25,0.23,65.7,65.7,,600,85.8,75,6.42,600,85.8,75,6.42,921,116
HSS,HSS16X12X1,HSS16X12X1,168.18,46.4,16,13.2,,12,9.21,1,0.93,9.9,14.2,,1570,244,196,5.82,1000,200,167,4.64,2030,307
HSS,HSS16X12X.875,HSS16X12X7/8,149.61,41.2,16,13.6,,12,9.56,0.88,0.81,11.7,16.7,,1430,219,178,5.88,910,179,152,4.7,1830,274
HSS,HSS16X12X.750,HSS16X12X3/4,130.33,35.9,16,13.9,,12,9.91,0.75,0.7,14.2,19.9,,1270,193,159,5.95,810,158,135,4.75,1610,240
HSS,HSS16X12X.625,HSS16X12X5/8,110.36,30.3,16,14.3,,12,10.3,0.63,0.58,17.7,24.5,,1090,165,136,6,700,135,117,4.8,1370,204
HSS,HSS16X12X.500,HSS16X12X1/2,89.68,24.6,16,14.6,,12,10.6,0.5,0.47,22.8,31.4,,904,135,113,6.06,581,111,96.8,4.86,1120,166
HSS,HSS16X12X.375,HSS16X12X3/8,68.31,18.7,16,15,,12,11,0.38,0.35,31.4,42.8,,702,104,87.7,6.12,452,85.5,75.3,4.91,862,127
HSS,HSS16X12X.313,HSS16X12X5/16,57.36,15.7,16,15.1,,12,11.1,0.31,0.29,38.2,52,,595,87.7,74.4,6.15,384,72.2,64,4.94,727,107
HSS,HSS16X10X.625,HSS16X10X5/8,101.85,28,16,14.3,,10,8.26,0.63,0.58,14.2,24.5,,953,147,119,5.84,459,106,91.8,4.05,1010,168
HSS,HSS16X10X.500,HSS16X10X1/2,82.88,22.8,16,14.6,,10,8.61,0.5,0.47,18.5,31.4,,792,121,99,5.9,383,87.3,76.6,4.1,829,137
HSS,HSS16X10X.375,HSS16X10X3/8,63.21,17.3,16,15,,10,8.95,0.38,0.35,25.7,42.8,,616,93,77,5.96,299,67.4,59.9,4.15,639,105
HSS,HSS16X10X.313,HSS16X10X5/16,53.11,14.6,16,15.1,,10,9.13,0.31,0.29,31.4,52,,523,78.6,65.4,5.99,255,57,50.9,4.18,539,88.7
HSS,HSS16X10X.250,HSS16X10X1/4,42.84,11.8,16,15.3,,10,9.3,0.25,0.23,39.9,65.7,,426,63.7,53.3,6.02,208,46.3,41.6,4.21,437,71.7
HSS,HSS16X8X.875,HSS16X8X7/8,125.79,34.7,16,13.6,,8,5.56,0.88,0.81,6.83,16.7,,1050,170,131,5.5,348,104,87,3.17,888,176
HSS,HSS16X8X.750,HSS16X8X3/4,109.91,30.3,16,13.9,,8,5.91,0.75,0.7,8.46,19.9,,939,150,117,5.57,314,91.9,78.4,3.22,790,155
HSS,HSS16X8X.625,HSS16X8X5/8,93.34,25.7,16,14.3,,8,6.26,0.63,0.58,10.8,24.5,,815,129,102,5.64,274,79.2,68.6,3.27,681,132
HSS,HSS16X8X.500,HSS16X8X1/2,76.07,20.9,16,14.6,,8,6.6,0.5,0.47,14.2,31.4,,679,106,84.9,5.7,230,65.5,57.6,3.32,563,108
HSS,HSS16X8X.375,HSS16X8X3/8,58.1,16,16,15,,8,6.95,0.38,0.35,19.9,42.8,,531,82.1,66.3,5.77,181,50.8,45.3,3.37,436,83.4
HSS,HSS16X8X.313,HSS16X8X5/16,48.86,13.4,16,15.1,,8,7.13,0.31,0.29,24.5,52,,451,69.4,56.4,5.8,155,43,38.7,3.4,369,70.4
HSS,HSS16X8X.250,HSS16X8X1/4,39.43,10.8,16,15.3,,8,7.3,0.25,0.23,31.3,65.7,,368,56.4,46.1,5.83,127,35,31.7,3.42,300,57
HSS,HSS16X6X.625,HSS16X6X5/8,84.84,23.3,16,14.3,,6,4.26,0.63,0.58,7.33,24.5,,677,111,84.6,5.38,141,54.7,46.9,2.46,398,96.3
HSS,HSS16X6X.500,HSS16X6X1/2,69.27,19,16,14.6,,6,4.61,0.5,0.47,9.9,31.4,,567,91.7,70.9,5.46,120,45.5,39.9,2.51,333,79.6
HSS,HSS16X6X.375,HSS16X6X3/8,53,14.6,16,15,,6,4.95,0.38,0.35,14.2,42.8,,445,71.1,55.6,5.53,95.3,35.5,31.8,2.56,260,61.6
HSS,HSS16X6X.313,HSS16X6X5/16,44.6,12.2,16,15.1,,6,5.13,0.31,0.29,17.6,52,,379,60.3,47.4,5.57,81.8,30.2,27.3,2.58,222,52.1
HSS,HSS16X6X.250,HSS16X6X1/4,36.03,9.9,16,15.3,,6,5.3,0.25,0.23,22.8,65.7,,311,49,38.8,5.6,67.4,24.7,22.5,2.61,181,42.3
HSS,HSS16X6X.188,HSS16X6X3/16,27.29,7.46,16,15.5,,6,5.48,0.19,0.17,31.5,89,,237,37.2,29.6,5.64,51.8,18.8,17.3,2.64,138,32.1
HSS,HSS16X4X.625,HSS16X4X5/8,76.33,21,16,14.3,,4,2.26,0.63,0.58,3.88,24.5,,539,92.9,67.3,5.06,54.1,32.5,27,1.6,174,60.5
HSS,HSS16X4X.500,HSS16X4X1/2,62.46,17.2,16,14.6,,4,2.6,0.5,0.47,5.6,31.4,,455,77.3,56.9,5.15,47,27.4,23.5,1.65,150,50.7
HSS,HSS16X4X.375,HSS16X4X3/8,47.9,13.2,16,15,,4,2.95,0.38,0.35,8.46,42.8,,360,60.2,45,5.23,38.3,21.7,19.1,1.71,120,39.7
HSS,HSS16X4X.313,HSS16X4X5/16,40.35,11.1,16,15.1,,4,3.13,0.31,0.29,10.7,52,,308,51.1,38.5,5.27,33.2,18.5,16.6,1.73,103,33.8
HSS,HSS16X4X.250,HSS16X4X1/4,32.63,8.96,16,15.3,,4,3.3,0.25,0.23,14.2,65.7,,253,41.7,31.6,5.31,27.7,15.2,13.8,1.76,85.2,27.6
HSS,HSS16X4X.188,HSS16X4X3/16,24.73,6.76,16,15.5,,4,3.48,0.19,0.17,20,89,,193,31.7,24.2,5.35,21.5,11.7,10.8,1.78,65.5,21.1
HSS,HSS14X14X1,HSS14X14X1,168.18,46.4,14,11.2,,14,11.2,1,0.93,12.1,12.1,,1290,224,184,5.27,1290,224,184,5.27,2130,315
HSS,HSS14X14X.875,HSS14X14X7/8,149.61,41.2,14,11.6,,14,11.6,0.88,0.81,14.3,14.3,,1170,201,167,5.33,1170,201,167,5.33,1910,281
HSS,HSS14X14X.750,HSS14X14X3/4,130.33,35.9,14,11.9,,14,11.9,0.75,0.7,17,17,,1040,177,149,5.38,1040,177,149,5.38,1680,246
HSS,HSS14X14X.625,HSS14X14X5/8,110.36,30.3,14,12.3,,14,12.3,0.63,0.58,21.1,21.1,,897,151,128,5.44,897,151,128,5.44,1430,208
HSS,HSS14X14X.500,HSS14X14X1/2,89.68,24.6,14,12.6,,14,12.6,0.5,0.47,27.1,27.1,,743,124,106,5.49,743,124,106,5.49,1170,170
HSS,HSS14X14X.375,HSS14X14X3/8,68.31,18.7,14,13,,14,13,0.38,0.35,37.1,37.1,,577,95.4,82.5,5.55,577,95.4,82.5,5.55,900,130
HSS,HSS14X14X.313,HSS14X14X5/16,57.36,15.7,14,13.1,,14,13.1,0.31,0.29,45.1,45.1,,490,80.5,69.9,5.58,490,80.5,69.9,5.58,759,109
HSS,HSS14X14X.250,HSS14X14X1/4,46.24,12.7,14,13.3,,14,13.3,0.25,0.23,57.1,57.1,,399,65.3,57,5.6,399,65.3,57,5.6,614,88.3
HSS,HSS14X12X.625,HSS14X12X5/8,101.85,28,14,12.3,,12,10.3,0.63,0.58,17.7,21.1,,792,135,113,5.32,624,122,104,4.72,1120,177
HSS,HSS14X12X.500,HSS14X12X1/2,82.88,22.8,14,12.6,,12,10.6,0.5,0.47,22.8,27.1,,658,111,94,5.38,519,100,86.5,4.78,921,145
HSS,HSS14X12X.375,HSS14X12X3/8,63.21,17.3,14,13,,12,11,0.38,0.35,31.4,37.1,,512,85.9,73.2,5.43,405,77.4,67.4,4.83,708,111
HSS,HSS14X12X.313,HSS14X12X5/16,53.11,14.6,14,13.1,,12,11.1,0.31,0.29,38.2,45.1,,435,72.6,62.1,5.46,344,65.4,57.3,4.86,598,93.3
HSS,HSS14X12X.250,HSS14X12X1/4,42.84,11.8,14,13.3,,12,11.3,0.25,0.23,48.5,57.1,,354,58.9,50.6,5.49,280,53,46.7,4.88,484,75.4
HSS,HSS14X10X.875,HSS14X10X7/8,125.79,34.7,14,11.6,,10,7.56,0.88,0.81,9.29,14.2,,886,158,127,5.05,522,125,104,3.88,1100,195
HSS,HSS14X10X.750,HSS14X10X3/4,109.91,30.3,14,11.9,,10,7.91,0.75,0.7,11.3,17.1,,792,140,113,5.11,468,111,93.6,3.93,970,171
HSS,HSS14X10X.625,HSS14X10X5/8,93.34,25.7,14,12.3,,10,8.26,0.63,0.58,14.2,21.1,,687,120,98.2,5.17,407,95.1,81.5,3.98,832,146
HSS,HSS14X10X.500,HSS14X10X1/2,76.07,20.9,14,12.6,,10,8.6,0.5,0.47,18.5,27.1,,573,98.8,81.8,5.23,341,78.5,68.1,4.04,685,120
HSS,HSS14X10X.375,HSS14X10X3/8,58.1,16,14,13,,10,8.95,0.38,0.35,25.7,37.1,,447,76.3,63.9,5.29,267,60.7,53.4,4.09,528,91.8
HSS,HSS14X10X.313,HSS14X10X5/16,48.86,13.4,14,13.1,,10,9.13,0.31,0.29,31.4,45.1,,380,64.6,54.3,5.32,227,51.4,45.5,4.12,446,77.4
HSS,HSS14X10X.250,HSS14X10X1/4,39.43,10.8,14,13.3,,10,9.3,0.25,0.23,39.9,57.1,,310,52.4,44.3,5.35,186,41.8,37.2,4.14,362,62.6
HSS,HSS14X8X.625,HSS14X8X5/8,84.84,23.3,14,12.3,,8,6.26,0.63,0.58,10.8,21.1,,582,104,83.2,5,242,70.5,60.6,3.22,566,115
HSS,HSS14X8X.500,HSS14X8X1/2,69.27,19,14,12.6,,8,6.61,0.5,0.47,14.2,27.1,,487,86.2,69.6,5.06,204,58.5,51,3.27,469,94.5
HSS,HSS14X8X.375,HSS14X8X3/8,53,14.6,14,13,,8,6.95,0.38,0.35,19.9,37.1,,382,66.8,54.6,5.12,161,45.5,40.2,3.32,363,72.7
HSS,HSS14X8X.313,HSS14X8X5/16,44.6,12.2,14,13.1,,8,7.13,0.31,0.29,24.5,45.1,,325,56.6,46.5,5.15,138,38.6,34.4,3.35,308,61.4
HSS,HSS14X8X.250,HSS14X8X1/4,36.03,9.9,14,13.3,,8,7.3,0.25,0.23,31.3,57.1,,266,46,38,5.19,113,31.4,28.2,3.38,250,49.8
HSS,HSS14X8X.188,HSS14X8X3/16,27.29,7.46,14,13.5,,8,7.48,0.19,0.17,43,77.5,,203,34.9,29,5.22,86.4,23.8,21.6,3.4,190,37.6
HSS,HSS14X6X.625,HSS14X6X5/8,76.33,21,14,12.3,,6,4.26,0.63,0.58,7.33,21.1,,478,88.7,68.3,4.77,124,48.4,41.2,2.43,334,83.7
HSS,HSS14X6X.500,HSS14X6X1/2,62.46,17.2,14,12.6,,6,4.61,0.5,0.47,9.9,27.1,,402,73.6,57.4,4.84,105,40.4,35.1,2.48,279,69.3
HSS,HSS14X6X.375,HSS14X6X3/8,47.9,13.2,14,13,,6,4.95,0.38,0.35,14.2,37.1,,317,57.3,45.3,4.91,84.1,31.6,28,2.53,219,53.7
HSS,HSS14X6X.313,HSS14X6X5/16,40.35,11.1,14,13.1,,6,5.13,0.31,0.29,17.6,45.1,,271,48.6,38.7,4.94,72.3,26.9,24.1,2.55,186,45.5
HSS,HSS14X6X.250,HSS14X6X1/4,32.63,8.96,14,13.3,,6,5.3,0.25,0.23,22.8,57.1,,222,39.6,31.7,4.98,59.6,22,19.9,2.58,152,36.9
HSS,HSS14X6X.188,HSS14X6X3/16,24.73,6.76,14,13.5,,6,5.48,0.19,0.17,31.5,77.5,,170,30.1,24.3,5.01,45.9,16.7,15.3,2.61,116,28
HSS,HSS14X4X.625,HSS14X4X5/8,67.82,18.7,14,12.3,,4,2.26,0.63,0.58,3.88,21.1,,373,73.1,53.3,4.47,47.2,28.5,23.6,1.59,148,52.6
HSS,HSS14X4X.500,HSS14X4X1/2,55.66,15.3,14,12.6,,4,2.6,0.5,0.47,5.6,27.1,,317,61,45.3,4.55,41.2,24.1,20.6,1.64,127,44.1
HSS,HSS14X4X.375,HSS14X4X3/8,42.79,11.8,14,13,,4,2.95,0.38,0.35,8.46,37.1,,252,47.8,36,4.63,33.6,19.1,16.8,1.69,102,34.6
HSS,HSS14X4X.313,HSS14X4X5/16,36.1,9.92,14,13.1,,4,3.13,0.31,0.29,10.7,45.1,,216,40.6,30.9,4.67,29.2,16.4,14.6,1.72,87.7,29.5
HSS,HSS14X4X.250,HSS14X4X1/4,29.23,8.03,14,13.3,,4,3.3,0.25,0.23,14.2,57.1,,178,33.2,25.4,4.71,24.4,13.5,12.2,1.74,72.4,24.1
HSS,HSS14X4X.188,HSS14X4X3/16,22.18,6.06,14,13.5,,4,3.48,0.19,0.17,20,77.5,,137,25.3,19.5,4.74,19,10.3,9.48,1.77,55.8,18.4
HSS,HSS12X12X1,HSS12X12X1,140.96,39,12,9.21,,12,9.21,1,0.93,9.9,9.9,,772,158,129,4.45,772,158,129,4.45,1300,225
HSS,HSS12X12X.875,HSS12X12X7/8,125.79,34.7,12,9.56,,12,9.56,0.88,0.81,11.7,11.7,,706,143,118,4.51,706,143,118,4.51,1170,202
HSS,HSS12X12X.750,HSS12X12X3/4,109.91,30.3,12,9.91,,12,9.91,0.75,0.7,14.2,14.2,,631,127,105,4.56,631,127,105,4.56,1030,177
HSS,HSS12X12X.625,HSS12X12X5/8,93.34,25.7,12,10.3,,12,10.3,0.63,0.58,17.7,17.7,,548,109,91.4,4.62,548,109,91.4,4.62,885,151
HSS,HSS12X12X.500,HSS12X12X1/2,76.07,20.9,12,10.6,,12,10.6,0.5,0.47,22.8,22.8,,457,89.6,76.2,4.68,457,89.6,76.2,4.68,728,123
HSS,HSS12X12X.375,HSS12X12X3/8,58.1,16,12,11,,12,11,0.38,0.35,31.4,31.4,,357,69.2,59.5,4.73,357,69.2,59.5,4.73,561,94.6
HSS,HSS12X12X.313,HSS12X12X5/16,48.86,13.4,12,11.1,,12,11.1,0.31,0.29,38.2,38.2,,304,58.6,50.7,4.76,304,58.6,50.7,4.76,474,79.7
HSS,HSS12X12X.250,HSS12X12X1/4,39.43,10.8,12,11.3,,12,11.3,0.25,0.23,48.5,48.5,,248,47.6,41.4,4.79,248,47.6,41.4,4.79,384,64.5
HSS,HSS12X12X.188,HSS12X12X3/16,29.84,8.15,12,11.5,,12,11.5,0.19,0.17,66,66,,189,36,31.5,4.82,189,36,31.5,4.82,290,48.6
HSS,HSS12X10X.625,HSS12X10X5/8,84.84,23.3,12,10.3,,10,8.26,0.63,0.58,14.2,17.7,,472,95.3,78.7,4.5,356,84.1,71.2,3.9,661,124
HSS,HSS12X10X.500,HSS12X10X1/2,69.27,19,12,10.6,,10,8.6,0.5,0.47,18.5,22.8,,395,78.8,65.9,4.56,298,69.6,59.7,3.96,545,102
HSS,HSS12X10X.375,HSS12X10X3/8,53,14.6,12,11,,10,8.95,0.38,0.35,25.7,31.4,,310,61.1,51.6,4.61,234,54,46.9,4.01,421,78.3
HSS,HSS12X10X.313,HSS12X10X5/16,44.6,12.2,12,11.1,,10,9.13,0.31,0.29,31.4,38.2,,264,51.7,44,4.64,200,45.7,40,4.04,356,66.1
HSS,HSS12X10X.250,HSS12X10X1/4,36.03,9.9,12,11.3,,10,9.3,0.25,0.23,39.9,48.5,,216,42.1,36,4.67,164,37.2,32.7,4.07,289,53.5
HSS,HSS12X10X.188,HSS12X10X3/16,27.29,7.46,12,11.5,,10,9.48,0.19,0.17,54.5,66,,165,31.9,27.5,4.7,125,28.2,25,4.09,219,40.4
HSS,HSS12X8X.625,HSS12X8X5/8,76.33,21,12,10.3,,8,6.26,0.63,0.58,10.8,17.7,,397,82.1,66.1,4.34,210,61.9,52.5,3.16,454,97.7
HSS,HSS12X8X.500,HSS12X8X1/2,62.46,17.2,12,10.6,,8,6.6,0.5,0.47,14.2,22.8,,333,68.1,55.6,4.41,178,51.5,44.4,3.21,377,80.4
HSS,HSS12X8X.375,HSS12X8X3/8,47.9,13.2,12,11,,8,6.95,0.38,0.35,19.9,31.4,,262,53,43.7,4.47,140,40.1,35.1,3.27,293,62.1
HSS,HSS12X8X.313,HSS12X8X5/16,40.35,11.1,12,11.1,,8,7.13,0.31,0.29,24.5,38.2,,224,44.9,37.4,4.5,120,34.1,30.1,3.29,248,52.4
HSS,HSS12X8X.250,HSS12X8X1/4,32.63,8.96,12,11.3,,8,7.3,0.25,0.23,31.3,48.5,,184,36.6,30.6,4.53,98.8,27.8,24.7,3.32,202,42.5
HSS,HSS12X8X.188,HSS12X8X3/16,24.73,6.76,12,11.5,,8,7.48,0.19,0.17,43,66,,140,27.8,23.4,4.56,75.7,21.1,18.9,3.35,153,32.2
HSS,HSS12X6X.625,HSS12X6X5/8,67.82,18.7,12,10.3,,6,4.26,0.63,0.58,7.33,17.7,,321,68.8,53.4,4.14,107,42.1,35.5,2.39,271,71.1
HSS,HSS12X6X.500,HSS12X6X1/2,55.66,15.3,12,10.6,,6,4.61,0.5,0.47,9.9,22.8,,271,57.4,45.2,4.21,91.1,35.2,30.4,2.44,227,59
HSS,HSS12X6X.375,HSS12X6X3/8,42.79,11.8,12,11,,6,4.95,0.38,0.35,14.2,31.4,,215,44.8,35.9,4.28,72.9,27.7,24.3,2.49,178,45.8
HSS,HSS12X6X.313,HSS12X6X5/16,36.1,9.92,12,11.1,,6,5.13,0.31,0.29,17.6,38.2,,184,38.1,30.7,4.31,62.8,23.6,20.9,2.52,152,38.8
HSS,HSS12X6X.250,HSS12X6X1/4,29.23,8.03,12,11.3,,6,5.3,0.25,0.23,22.8,48.5,,151,31.1,25.2,4.34,51.9,19.3,17.3,2.54,124,31.6
HSS,HSS12X6X.188,HSS12X6X3/16,22.18,6.06,12,11.5,,6,5.48,0.19,0.17,31.5,66,,116,23.7,19.4,4.38,40,14.7,13.3,2.57,94.6,24
HSS,HSS12X4X.625,HSS12X4X5/8,59.32,16.4,12,10.3,,4,2.26,0.63,0.58,3.88,17.7,,245,55.5,40.8,3.87,40.4,24.5,20.2,1.57,122,44.6
HSS,HSS12X4X.500,HSS12X4X1/2,48.85,13.5,12,10.6,,4,2.6,0.5,0.47,5.6,22.8,,210,46.7,34.9,3.95,35.3,20.9,17.7,1.62,105,37.5
HSS,HSS12X4X.375,HSS12X4X3/8,37.69,10.4,12,11,,4,2.95,0.38,0.35,8.46,31.4,,168,36.7,28,4.02,28.9,16.6,14.5,1.67,84.1,29.5
HSS,HSS12X4X.313,HSS12X4X5/16,31.84,8.76,12,11.1,,4,3.13,0.31,0.29,10.7,38.2,,144,31.3,24.1,4.06,25.2,14.2,12.6,1.7,72.4,25.2
HSS,HSS12X4X.250,HSS12X4X1/4,25.82,7.1,12,11.3,,4,3.3,0.25,0.23,14.2,48.5,,119,25.6,19.9,4.1,21,11.7,10.5,1.72,59.8,20.6
HSS,HSS12X4X.188,HSS12X4X3/16,19.63,5.37,12,11.5,,4,3.48,0.19,0.17,20,66,,91.8,19.6,15.3,4.13,16.4,9,8.2,1.75,46.1,15.7
HSS,HSS12X3X.313,HSS12X3X5/16,29.72,8.17,12,11.1,,3,2.13,0.31,0.29,7.31,38.2,,124,27.9,20.7,3.9,13.1,10,8.73,1.27,41.3,18.4
HSS,HSS12X3X.250,HSS12X3X1/4,24.12,6.63,12,11.3,,3,2.3,0.25,0.23,9.88,48.5,,103,22.9,17.2,3.94,11.1,8.28,7.38,1.29,34.5,15.1
HSS,HSS12X3X.188,HSS12X3X3/16,18.35,5.02,12,11.5,,3,2.48,0.19,0.17,14.2,66,,79.6,17.5,13.3,3.98,8.72,6.4,5.81,1.32,26.8,11.6
HSS,HSS12X2X.313,HSS12X2X5/16,27.59,7.59,12,11.1,,2,1.13,0.31,0.29,3.87,38.2,,104,24.5,17.4,3.71,5.1,6.05,5.1,0.82,17.6,11.6
HSS,HSS12X2X.250,HSS12X2X1/4,22.42,6.17,12,11.3,,2,1.3,0.25,0.23,5.58,48.5,,86.9,20.1,14.5,3.75,4.41,5.08,4.41,0.85,15.1,9.64
HSS,HSS12X2X.188,HSS12X2X3/16,17.08,4.67,12,11.5,,2,1.48,0.19,0.17,8.49,66,,67.4,15.5,11.2,3.8,3.55,3.97,3.55,0.87,12,7.49
HSS,HSS10X10X.750,HSS10X10X3/4,89.5,24.7,10,7.91,,10,7.91,0.75,0.7,11.3,11.3,,347,84.7,69.4,3.75,347,84.7,69.4,3.75,578,119
HSS,HSS10X10X.625,HSS10X10X5/8,76.33,21,10,8.26,,10,8.26,0.63,0.58,14.2,14.2,,304,73.2,60.8,3.8,304,73.2,60.8,3.8,498,102
HSS,HSS10X10X.500,HSS10X10X1/2,62.46,17.2,10,8.6,,10,8.6,0.5,0.47,18.5,18.5,,256,60.7,51.2,3.86,256,60.7,51.2,3.86,412,84.2
HSS,HSS10X10X.375,HSS10X10X3/8,47.9,13.2,10,8.95,,10,8.95,0.38,0.35,25.7,25.7,,202,47.2,40.4,3.92,202,47.2,40.4,3.92,320,64.8
HSS,HSS10X10X.313,HSS10X10X5/16,40.35,11.1,10,9.13,,10,9.13,0.31,0.29,31.4,31.4,,172,40.1,34.5,3.94,172,40.1,34.5,3.94,271,54.8
HSS,HSS10X10X.250,HSS10X10X1/4,32.63,8.96,10,9.3,,10,9.3,0.25,0.23,39.9,39.9,,141,32.7,28.3,3.97,141,32.7,28.3,3.97,220,44.4
HSS,HSS10X10X.188,HSS10X10X3/16,24.73,6.76,10,9.48,,10,9.48,0.19,0.17,54.5,54.5,,108,24.8,21.6,4,108,24.8,21.6,4,167,33.6
HSS,HSS10X8X.625,HSS10X8X5/8,67.82,18.7,10,8.26,,8,6.26,0.63,0.58,10.8,14.2,,253,62.2,50.5,3.68,178,53.3,44.5,3.09,346,80.4
HSS,HSS10X8X.500,HSS10X8X1/2,55.66,15.3,10,8.6,,8,6.6,0.5,0.47,14.2,18.5,,214,51.9,42.7,3.73,151,44.5,37.8,3.14,288,66.4
HSS,HSS10X8X.375,HSS10X8X3/8,42.79,11.8,10,8.95,,8,6.95,0.38,0.35,19.9,25.7,,169,40.5,33.9,3.79,120,34.8,30,3.19,224,51.4
HSS,HSS10X8X.313,HSS10X8X5/16,36.1,9.92,10,9.13,,8,7.13,0.31,0.29,24.5,31.4,,145,34.4,29,3.82,103,29.6,25.7,3.22,190,43.5
HSS,HSS10X8X.250,HSS10X8X1/4,29.23,8.03,10,9.3,,8,7.3,0.25,0.23,31.3,39.9,,119,28.1,23.8,3.85,84.7,24.2,21.2,3.25,155,35.3
HSS,HSS10X8X.188,HSS10X8X3/16,22.18,6.06,10,9.48,,8,7.48,0.19,0.17,43,54.5,,91.4,21.4,18.3,3.88,65.1,18.4,16.3,3.28,118,26.7
HSS,HSS10X6X.625,HSS10X6X5/8,59.32,16.4,10,8.26,,6,4.26,0.63,0.58,7.33,14.2,,201,51.3,40.2,3.5,89.4,35.8,29.8,2.34,209,58.6
HSS,HSS10X6X.500,HSS10X6X1/2,48.85,13.5,10,8.6,,6,4.61,0.5,0.47,9.9,18.5,,171,43,34.3,3.57,76.8,30.1,25.6,2.39,176,48.7
HSS,HSS10X6X.375,HSS10X6X3/8,37.69,10.4,10,8.95,,6,4.95,0.38,0.35,14.2,25.7,,137,33.8,27.4,3.63,61.8,23.7,20.6,2.44,139,37.9
HSS,HSS10X6X.313,HSS10X6X5/16,31.84,8.76,10,9.13,,6,5.13,0.31,0.29,17.6,31.4,,118,28.8,23.5,3.66,53.3,20.2,17.8,2.47,118,32.2
HSS,HSS10X6X.250,HSS10X6X1/4,25.82,7.1,10,9.3,,6,5.3,0.25,0.23,22.8,39.9,,96.9,23.6,19.4,3.69,44.1,16.6,14.7,2.49,96.7,26.2
HSS,HSS10X6X.188,HSS10X6X3/16,19.63,5.37,10,9.48,,6,5.48,0.19,0.17,31.5,54.5,,74.6,18,14.9,3.73,34.1,12.7,11.4,2.52,73.8,19.9
HSS,HSS10X5X.375,HSS10X5X3/8,35.13,9.67,10,8.95,,5,3.95,0.38,0.35,11.3,25.7,,120,30.4,24.1,3.53,40.6,18.7,16.2,2.05,100,31.2
HSS,HSS10X5X.313,HSS10X5X5/16,29.72,8.17,10,9.13,,5,4.13,0.31,0.29,14.2,31.4,,104,26,20.8,3.56,35.2,16,14.1,2.07,86,26.5
HSS,HSS10X5X.250,HSS10X5X1/4,24.12,6.63,10,9.3,,5,4.3,0.25,0.23,18.5,39.9,,85.8,21.3,17.2,3.6,29.3,13.2,11.7,2.1,70.7,21.6
HSS,HSS10X4X.625,HSS10X4X5/8,50.81,14,10,8.26,,4,2.26,0.63,0.58,3.88,14.2,,149,40.3,29.9,3.26,33.5,20.6,16.8,1.54,95.7,36.7
HSS,HSS10X4X.500,HSS10X4X1/2,42.05,11.6,10,8.6,,4,2.6,0.5,0.47,5.6,18.5,,129,34.1,25.8,3.34,29.5,17.6,14.7,1.59,82.6,31
HSS,HSS10X4X.375,HSS10X4X3/8,32.58,8.97,10,8.95,,4,2.95,0.38,0.35,8.46,25.7,,104,27,20.8,3.41,24.3,14,12.1,1.64,66.5,24.4
HSS,HSS10X4X.313,HSS10X4X5/16,27.59,7.59,10,9.13,,4,3.13,0.31,0.29,10.7,31.4,,90.1,23.1,18,3.44,21.2,12.1,10.6,1.67,57.3,20.9
HSS,HSS10X4X.250,HSS10X4X1/4,22.42,6.17,10,9.3,,4,3.3,0.25,0.23,14.2,39.9,,74.7,19,14.9,3.48,17.7,10,8.87,1.7,47.4,17.1
HSS,HSS10X4X.188,HSS10X4X3/16,17.08,4.67,10,9.48,,4,3.48,0.19,0.17,20,54.5,,57.8,14.6,11.6,3.52,13.9,7.66,6.93,1.72,36.5,13.1
HSS,HSS10X4X.125,HSS10X4X1/8,11.56,3.16,10,9.65,,4,3.65,0.13,0.12,31.5,83.2,,39.8,10,7.97,3.55,9.65,5.26,4.83,1.75,25.1,8.9
HSS,HSS10X3-1/2X.375,HSS10X3-1/2X3/8,31.31,8.62,10,8.95,,3.5,2.45,0.38,0.35,7.03,25.7,,96.1,25.3,19.2,3.34,17.8,11.8,10.2,1.44,51.5,21.1
HSS,HSS10X3-1/2X.313,HSS10X3-1/2X5/16,26.53,7.3,10,9.13,,3.5,2.63,0.31,0.29,9.03,31.4,,83.2,21.7,16.6,3.38,15.6,10.2,8.92,1.46,44.6,18
HSS,HSS10X3-1/2X.250,HSS10X3-1/2X1/4,21.57,5.93,10,9.3,,3.5,2.8,0.25,0.23,12,39.9,,69.1,17.9,13.8,3.41,13.1,8.45,7.51,1.49,37,14.8
HSS,HSS10X3-1/2X.188,HSS10X3-1/2X3/16,16.44,4.5,10,9.48,,3.5,2.98,0.19,0.17,17.1,54.5,,53.6,13.7,10.7,3.45,10.3,6.52,5.89,1.51,28.6,11.4
HSS,HSS10X3X.375,HSS10X3X3/8,30.03,8.27,10,8.95,,3,1.95,0.38,0.35,5.6,25.7,,88,23.7,17.6,3.26,12.4,9.73,8.28,1.22,37.8,17.7
HSS,HSS10X3X.313,HSS10X3X5/16,25.46,7.01,10,9.13,,3,2.13,0.31,0.29,7.31,31.4,,76.3,20.3,15.3,3.3,11,8.42,7.3,1.25,33,15.2
HSS,HSS10X3X.250,HSS10X3X1/4,20.72,5.7,10,9.3,,3,2.3,0.25,0.23,9.88,39.9,,63.6,16.7,12.7,3.34,9.28,6.99,6.19,1.28,27.6,12.5
HSS,HSS10X3X.188,HSS10X3X3/16,15.8,4.32,10,9.48,,3,2.48,0.19,0.17,14.2,54.5,,49.4,12.8,9.87,3.38,7.33,5.41,4.89,1.3,21.5,9.64
HSS,HSS10X3X.125,HSS10X3X1/8,10.71,2.93,10,9.65,,3,2.65,0.13,0.12,22.9,83.2,,34.2,8.8,6.83,3.42,5.16,3.74,3.44,1.33,14.9,6.61
HSS,HSS10X2X.375,HSS10X2X3/8,27.48,7.58,10,8.95,,2,0.95,0.38,0.35,2.73,25.7,,71.7,20.3,14.3,3.08,4.7,5.76,4.7,0.79,15.9,11
HSS,HSS10X2X.313,HSS10X2X5/16,23.34,6.43,10,9.13,,2,1.13,0.31,0.29,3.87,31.4,,62.6,17.5,12.5,3.12,4.24,5.06,4.24,0.81,14.2,9.56
HSS,HSS10X2X.250,HSS10X2X1/4,19.02,5.24,10,9.3,,2,1.3,0.25,0.23,5.58,39.9,,52.5,14.4,10.5,3.17,3.67,4.26,3.67,0.84,12.2,7.99
HSS,HSS10X2X.188,HSS10X2X3/16,14.53,3.98,10,9.48,,2,1.48,0.19,0.17,8.49,54.5,,41,11.1,8.19,3.21,2.97,3.34,2.97,0.86,9.74,6.22
HSS,HSS10X2X.125,HSS10X2X1/8,9.86,2.7,10,9.65,,2,1.65,0.13,0.12,14.2,83.2,,28.5,7.65,5.7,3.25,2.14,2.33,2.14,0.89,6.9,4.31
HSS,HSS9X9X.625,HSS9X9X5/8,67.82,18.7,9,7.26,,9,7.26,0.63,0.58,12.5,12.5,,216,58.1,47.9,3.4,216,58.1,47.9,3.4,356,81.6
HSS,HSS9X9X.500,HSS9X9X1/2,55.66,15.3,9,7.6,,9,7.6,0.5,0.47,16.4,16.4,,183,48.4,40.6,3.45,183,48.4,40.6,3.45,296,67.4
HSS,HSS9X9X.375,HSS9X9X3/8,42.79,11.8,9,7.95,,9,7.95,0.38,0.35,22.8,22.8,,145,37.8,32.2,3.51,145,37.8,32.2,3.51,231,52.1
HSS,HSS9X9X.313,HSS9X9X5/16,36.1,9.92,9,8.13,,9,8.13,0.31,0.29,27.9,27.9,,124,32.1,27.6,3.54,124,32.1,27.6,3.54,196,44
HSS,HSS9X9X.250,HSS9X9X1/4,29.23,8.03,9,8.3,,9,8.3,0.25,0.23,35.6,35.6,,102,26.2,22.7,3.56,102,26.2,22.7,3.56,159,35.8
HSS,HSS9X9X.188,HSS9X9X3/16,22.18,6.06,9,8.48,,9,8.48,0.19,0.17,48.7,48.7,,78.2,20,17.4,3.59,78.2,20,17.4,3.59,121,27.1
HSS,HSS9X9X.125,HSS9X9X1/8,14.96,4.09,9,8.65,,9,8.65,0.13,0.12,74.6,74.6,,53.5,13.6,11.9,3.62,53.5,13.6,11.9,3.62,82,18.3
HSS,HSS9X7X.625,HSS9X7X5/8,59.32,16.4,9,7.26,,7,5.26,0.63,0.58,9.05,12.5,,174,48.3,38.7,3.26,117,40.5,33.5,2.68,235,62
HSS,HSS9X7X.500,HSS9X7X1/2,48.85,13.5,9,7.6,,7,5.6,0.5,0.47,12.1,16.4,,149,40.5,33,3.32,100,34,28.7,2.73,197,51.5
HSS,HSS9X7X.375,HSS9X7X3/8,37.69,10.4,9,7.95,,7,5.95,0.38,0.35,17.1,22.8,,119,31.8,26.4,3.38,80.4,26.7,23,2.78,154,40
HSS,HSS9X7X.313,HSS9X7X5/16,31.84,8.76,9,8.13,,7,6.13,0.31,0.29,21.1,27.9,,102,27.1,22.6,3.41,69.2,22.8,19.8,2.81,131,33.9
HSS,HSS9X7X.250,HSS9X7X1/4,25.82,7.1,9,8.3,,7,6.3,0.25,0.23,27,35.6,,84.1,22.2,18.7,3.44,57.2,18.7,16.3,2.84,107,27.6
HSS,HSS9X7X.188,HSS9X7X3/16,19.63,5.37,9,8.48,,7,6.48,0.19,0.17,37.2,48.7,,64.7,16.9,14.4,3.47,44.1,14.3,12.6,2.87,81.7,20.9
HSS,HSS9X5X.625,HSS9X5X5/8,50.81,14,9,7.26,,5,3.26,0.63,0.58,5.61,12.5,,133,38.5,29.6,3.08,52,25.3,20.8,1.92,128,42.5
HSS,HSS9X5X.500,HSS9X5X1/2,42.05,11.6,9,7.6,,5,3.6,0.5,0.47,7.75,16.4,,115,32.5,25.5,3.14,45.2,21.5,18.1,1.97,109,35.6
HSS,HSS9X5X.375,HSS9X5X3/8,32.58,8.97,9,7.95,,5,3.95,0.38,0.35,11.3,22.8,,92.5,25.7,20.5,3.21,36.8,17.1,14.7,2.03,86.9,27.9
HSS,HSS9X5X.313,HSS9X5X5/16,27.59,7.59,9,8.13,,5,4.13,0.31,0.29,14.2,27.9,,79.8,22,17.7,3.24,32,14.6,12.8,2.05,74.4,23.8
HSS,HSS9X5X.250,HSS9X5X1/4,22.42,6.17,9,8.3,,5,4.3,0.25,0.23,18.5,35.6,,66.1,18.1,14.7,3.27,26.6,12,10.6,2.08,61.2,19.4
HSS,HSS9X5X.188,HSS9X5X3/16,17.08,4.67,9,8.48,,5,4.48,0.19,0.17,25.7,48.7,,51.1,13.8,11.4,3.31,20.7,9.25,8.28,2.1,46.9,14.8
HSS,HSS9X3X.500,HSS9X3X1/2,35.24,9.74,9,7.6,,3,1.6,0.5,0.47,3.45,16.4,,80.8,24.6,18,2.88,13.2,10.8,8.81,1.17,40,19.7
HSS,HSS9X3X.375,HSS9X3X3/8,27.48,7.58,9,7.95,,3,1.95,0.38,0.35,5.6,22.8,,66.3,19.7,14.7,2.96,11.2,8.8,7.45,1.21,33.1,15.8
HSS,HSS9X3X.313,HSS9X3X5/16,23.34,6.43,9,8.13,,3,2.13,0.31,0.29,7.31,27.9,,57.7,16.9,12.8,3,9.88,7.63,6.59,1.24,28.9,13.6
HSS,HSS9X3X.250,HSS9X3X1/4,19.02,5.24,9,8.3,,3,2.3,0.25,0.23,9.88,35.6,,48.2,14,10.7,3.04,8.38,6.35,5.59,1.27,24.2,11.3
HSS,HSS9X3X.188,HSS9X3X3/16,14.53,3.98,9,8.48,,3,2.48,0.19,0.17,14.2,48.7,,37.6,10.8,8.35,3.07,6.64,4.92,4.42,1.29,18.9,8.66
HSS,HSS8X8X.625,HSS8X8X5/8,59.32,16.4,8,6.26,,8,6.26,0.63,0.58,10.8,10.8,,146,44.7,36.5,2.99,146,44.7,36.5,2.99,244,63.2
HSS,HSS8X8X.500,HSS8X8X1/2,48.85,13.5,8,6.6,,8,6.6,0.5,0.47,14.2,14.2,,125,37.5,31.2,3.04,125,37.5,31.2,3.04,204,52.4
HSS,HSS8X8X.375,HSS8X8X3/8,37.69,10.4,8,6.95,,8,6.95,0.38,0.35,19.9,19.9,,100,29.4,24.9,3.1,100,29.4,24.9,3.1,160,40.7
HSS,HSS8X8X.313,HSS8X8X5/16,31.84,8.76,8,7.13,,8,7.13,0.31,0.29,24.5,24.5,,85.6,25.1,21.4,3.13,85.6,25.1,21.4,3.13,136,34.5
HSS,HSS8X8X.250,HSS8X8X1/4,25.82,7.1,8,7.3,,8,7.3,0.25,0.23,31.3,31.3,,70.7,20.5,17.7,3.15,70.7,20.5,17.7,3.15,111,28.1
HSS,HSS8X8X.188,HSS8X8X3/16,19.63,5.37,8,7.48,,8,7.48,0.19,0.17,43,43,,54.4,15.7,13.6,3.18,54.4,15.7,13.6,3.18,84.5,21.3
HSS,HSS8X8X.125,HSS8X8X1/8,13.26,3.62,8,7.65,,8,7.65,0.13,0.12,66,66,,37.4,10.7,9.34,3.21,37.4,10.7,9.34,3.21,57.3,14.4
HSS,HSS8X6X.625,HSS8X6X5/8,50.81,14,8,6.26,,6,4.26,0.63,0.58,7.33,10.8,,114,36.1,28.5,2.85,72.3,29.5,24.1,2.27,150,46
HSS,HSS8X6X.500,HSS8X6X1/2,42.05,11.6,8,6.6,,6,4.61,0.5,0.47,9.9,14.2,,98.2,30.5,24.6,2.91,62.5,24.9,20.8,2.32,127,38.4
HSS,HSS8X6X.375,HSS8X6X3/8,32.58,8.97,8,6.95,,6,4.95,0.38,0.35,14.2,19.9,,79.1,24.1,19.8,2.97,50.6,19.8,16.9,2.38,100,30
HSS,HSS8X6X.313,HSS8X6X5/16,27.59,7.59,8,7.13,,6,5.13,0.31,0.29,17.6,24.5,,68.3,20.6,17.1,3,43.8,16.9,14.6,2.4,85.8,25.5
HSS,HSS8X6X.250,HSS8X6X1/4,22.42,6.17,8,7.3,,6,5.3,0.25,0.23,22.8,31.3,,56.6,16.9,14.2,3.03,36.4,13.9,12.1,2.43,70.3,20.8
HSS,HSS8X6X.188,HSS8X6X3/16,17.08,4.67,8,7.48,,6,5.48,0.19,0.17,31.5,43,,43.7,13,10.9,3.06,28.2,10.7,9.39,2.46,53.7,15.8
HSS,HSS8X4X.625,HSS8X4X5/8,42.3,11.7,8,6.26,,4,2.26,0.63,0.58,3.88,10.8,,82,27.4,20.5,2.64,26.6,16.6,13.3,1.51,70.3,28.7
HSS,HSS8X4X.500,HSS8X4X1/2,35.24,9.74,8,6.6,,4,2.6,0.5,0.47,5.6,14.2,,71.8,23.5,17.9,2.71,23.6,14.3,11.8,1.56,61.1,24.4
HSS,HSS8X4X.375,HSS8X4X3/8,27.48,7.58,8,6.95,,4,2.95,0.38,0.35,8.46,19.9,,58.7,18.8,14.7,2.78,19.6,11.5,9.8,1.61,49.3,19.3
HSS,HSS8X4X.313,HSS8X4X5/16,23.34,6.43,8,7.13,,4,3.13,0.31,0.29,10.7,24.5,,51,16.1,12.8,2.82,17.2,9.91,8.58,1.63,42.6,16.5
HSS,HSS8X4X.250,HSS8X4X1/4,19.02,5.24,8,7.3,,4,3.3,0.25,0.23,14.2,31.3,,42.5,13.3,10.6,2.85,14.4,8.2,7.21,1.66,35.3,13.6
HSS,HSS8X4X.188,HSS8X4X3/16,14.53,3.98,8,7.48,,4,3.48,0.19,0.17,20,43,,33.1,10.2,8.27,2.88,11.3,6.33,5.65,1.69,27.2,10.4
HSS,HSS8X4X.125,HSS8X4X1/8,9.86,2.7,8,7.65,,4,3.65,0.13,0.12,31.5,66,,22.9,7.02,5.73,2.92,7.9,4.36,3.95,1.71,18.7,7.1
HSS,HSS8X3X.500,HSS8X3X1/2,31.84,8.81,8,6.6,,3,1.6,0.5,0.47,3.45,14.2,,58.6,20,14.6,2.58,11.7,9.64,7.81,1.15,34.3,17.4
HSS,HSS8X3X.375,HSS8X3X3/8,24.93,6.88,8,6.95,,3,1.95,0.38,0.35,5.6,19.9,,48.5,16.1,12.1,2.65,10,7.88,6.63,1.2,28.5,14
HSS,HSS8X3X.313,HSS8X3X5/16,21.21,5.85,8,7.13,,3,2.13,0.31,0.29,7.31,24.5,,42.4,13.9,10.6,2.69,8.81,6.84,5.87,1.23,24.9,12.1
HSS,HSS8X3X.250,HSS8X3X1/4,17.32,4.77,8,7.3,,3,2.3,0.25,0.23,9.88,31.3,,35.5,11.5,8.88,2.73,7.49,5.7,4.99,1.25,20.8,10
HSS,HSS8X3X.188,HSS8X3X3/16,13.25,3.63,8,7.48,,3,2.48,0.19,0.17,14.2,43,,27.8,8.87,6.94,2.77,5.94,4.43,3.96,1.28,16.2,7.68
HSS,HSS8X3X.125,HSS8X3X1/8,9.01,2.46,8,7.65,,3,2.65,0.13,0.12,22.9,66,,19.3,6.11,4.83,2.8,4.2,3.07,2.8,1.31,11.3,5.27
HSS,HSS8X2X.500,HSS8X2X1/2,28.43,7.88,8,6.61,,2,0.605,0.5,0.47,1.3,14.2,,45.3,16.5,11.3,2.4,4.19,5.47,4.19,0.73,13.6,10.4
HSS,HSS8X2X.375,HSS8X2X3/8,22.37,6.18,8,6.95,,2,0.95,0.38,0.35,2.73,19.9,,38.2,13.4,9.56,2.49,3.73,4.61,3.73,0.78,12.1,8.65
HSS,HSS8X2X.313,HSS8X2X5/16,19.08,5.26,8,7.13,,2,1.13,0.31,0.29,3.87,24.5,,33.7,11.6,8.43,2.53,3.38,4.06,3.38,0.8,10.9,7.57
HSS,HSS8X2X.250,HSS8X2X1/4,15.62,4.3,8,7.3,,2,1.3,0.25,0.23,5.58,31.3,,28.5,9.68,7.12,2.57,2.94,3.43,2.94,0.83,9.36,6.35
HSS,HSS8X2X.188,HSS8X2X3/16,11.97,3.28,8,7.48,,2,1.48,0.19,0.17,8.49,43,,22.4,7.51,5.61,2.61,2.39,2.7,2.39,0.85,7.48,4.95
HSS,HSS8X2X.125,HSS8X2X1/8,8.16,2.23,8,7.65,,2,1.65,0.13,0.12,14.2,66,,15.7,5.19,3.93,2.65,1.72,1.9,1.72,0.88,5.3,3.44
HSS,HSS7X7X.625,HSS7X7X5/8,50.81,14,7,5.26,,7,5.26,0.63,0.58,9.05,9.05,,93.4,33.1,26.7,2.58,93.4,33.1,26.7,2.58,158,47.1
HSS,HSS7X7X.500,HSS7X7X1/2,42.05,11.6,7,5.6,,7,5.6,0.5,0.47,12.1,12.1,,80.5,27.9,23,2.63,80.5,27.9,23,2.63,133,39.3
HSS,HSS7X7X.375,HSS7X7X3/8,32.58,8.97,7,5.95,,7,5.95,0.38,0.35,17.1,17.1,,65,22.1,18.6,2.69,65,22.1,18.6,2.69,105,30.7
HSS,HSS7X7X.313,HSS7X7X5/16,27.59,7.59,7,6.13,,7,6.13,0.31,0.29,21.1,21.1,,56.1,18.9,16,2.72,56.1,18.9,16,2.72,89.7,26.1
HSS,HSS7X7X.250,HSS7X7X1/4,22.42,6.17,7,6.3,,7,6.3,0.25,0.23,27,27,,46.5,15.5,13.3,2.75,46.5,15.5,13.3,2.75,73.5,21.3
HSS,HSS7X7X.188,HSS7X7X3/16,17.08,4.67,7,6.48,,7,6.48,0.19,0.17,37.2,37.2,,36,11.9,10.3,2.77,36,11.9,10.3,2.77,56.1,16.2
HSS,HSS7X7X.125,HSS7X7X1/8,11.56,3.16,7,6.65,,7,6.65,0.13,0.12,57.3,57.3,,24.8,8.13,7.09,2.8,24.8,8.13,7.09,2.8,38.2,11
HSS,HSS7X5X.500,HSS7X5X1/2,35.24,9.74,7,5.6,,5,3.6,0.5,0.47,7.75,12.1,,60.6,21.9,17.3,2.5,35.6,17.3,14.2,1.91,75.8,27.2
HSS,HSS7X5X.375,HSS7X5X3/8,27.48,7.58,7,5.95,,5,3.95,0.38,0.35,11.3,17.1,,49.5,17.5,14.1,2.56,29.3,13.8,11.7,1.97,60.6,21.4
HSS,HSS7X5X.313,HSS7X5X5/16,23.34,6.43,7,6.13,,5,4.13,0.31,0.29,14.2,21.1,,43,15,12.3,2.59,25.5,11.9,10.2,1.99,52.1,18.3
HSS,HSS7X5X.250,HSS7X5X1/4,19.02,5.24,7,6.3,,5,4.3,0.25,0.23,18.5,27,,35.9,12.4,10.2,2.62,21.3,9.83,8.53,2.02,42.9,15
HSS,HSS7X5X.188,HSS7X5X3/16,14.53,3.98,7,6.48,,5,4.48,0.19,0.17,25.7,37.2,,27.9,9.52,7.96,2.65,16.6,7.57,6.65,2.05,32.9,11.4
HSS,HSS7X5X.125,HSS7X5X1/8,9.86,2.7,7,6.65,,5,4.65,0.13,0.12,40.1,57.3,,19.3,6.53,5.52,2.68,11.6,5.2,4.63,2.07,22.5,7.79
HSS,HSS7X4X.500,HSS7X4X1/2,31.84,8.81,7,5.6,,4,2.6,0.5,0.47,5.6,12.1,,50.7,18.8,14.5,2.4,20.7,12.6,10.4,1.53,50.5,21.1
HSS,HSS7X4X.375,HSS7X4X3/8,24.93,6.88,7,5.95,,4,2.95,0.38,0.35,8.46,17.1,,41.8,15.1,11.9,2.46,17.3,10.2,8.63,1.58,41,16.8
HSS,HSS7X4X.313,HSS7X4X5/16,21.21,5.85,7,6.13,,4,3.13,0.31,0.29,10.7,21.1,,36.5,13.1,10.4,2.5,15.2,8.83,7.58,1.61,35.4,14.4
HSS,HSS7X4X.250,HSS7X4X1/4,17.32,4.77,7,6.3,,4,3.3,0.25,0.23,14.2,27,,30.5,10.8,8.72,2.53,12.8,7.33,6.38,1.64,29.3,11.8
HSS,HSS7X4X.188,HSS7X4X3/16,13.25,3.63,7,6.48,,4,3.48,0.19,0.17,20,37.2,,23.8,8.33,6.81,2.56,10,5.67,5.02,1.66,22.7,9.07
HSS,HSS7X4X.125,HSS7X4X1/8,9.01,2.46,7,6.65,,4,3.65,0.13,0.12,31.5,57.3,,16.6,5.73,4.73,2.59,7.03,3.91,3.51,1.69,15.6,6.2
HSS,HSS7X3X.500,HSS7X3X1/2,28.43,7.88,7,5.6,,3,1.6,0.5,0.47,3.45,12.1,,40.7,15.8,11.6,2.27,10.2,8.46,6.8,1.14,28.6,15
HSS,HSS7X3X.375,HSS7X3X3/8,22.37,6.18,7,5.95,,3,1.95,0.38,0.35,5.6,17.1,,34.1,12.8,9.73,2.35,8.71,6.95,5.81,1.19,23.9,12.1
HSS,HSS7X3X.313,HSS7X3X5/16,19.08,5.26,7,6.13,,3,2.13,0.31,0.29,7.31,21.1,,29.9,11.1,8.54,2.38,7.74,6.05,5.16,1.21,20.9,10.5
HSS,HSS7X3X.250,HSS7X3X1/4,15.62,4.3,7,6.3,,3,2.3,0.25,0.23,9.88,27,,25.2,9.22,7.19,2.42,6.6,5.06,4.4,1.24,17.5,8.68
HSS,HSS7X3X.188,HSS7X3X3/16,11.97,3.28,7,6.48,,3,2.48,0.19,0.17,14.2,37.2,,19.8,7.14,5.65,2.45,5.24,3.94,3.5,1.26,13.7,6.69
HSS,HSS7X3X.125,HSS7X3X1/8,8.16,2.23,7,6.65,,3,2.65,0.13,0.12,22.9,57.3,,13.8,4.93,3.95,2.49,3.71,2.73,2.48,1.29,9.48,4.6
HSS,HSS7X2X.250,HSS7X2X1/4,13.91,3.84,7,6.3,,2,1.3,0.25,0.23,5.58,27,,19.8,7.64,5.67,2.27,2.58,3.02,2.58,0.82,7.95,5.52
HSS,HSS7X2X.188,HSS7X2X3/16,10.7,2.93,7,6.48,,2,1.48,0.19,0.17,8.49,37.2,,15.7,5.95,4.49,2.31,2.1,2.39,2.1,0.85,6.35,4.32
HSS,HSS7X2X.125,HSS7X2X1/8,7.31,2,7,6.65,,2,1.65,0.13,0.12,14.2,57.3,,11.1,4.13,3.16,2.35,1.52,1.68,1.52,0.87,4.51,3
HSS,HSS6X6X.625,HSS6X6X5/8,42.3,11.7,6,4.26,,6,4.26,0.63,0.58,7.33,7.33,,55.2,23.2,18.4,2.17,55.2,23.2,18.4,2.17,94.9,33.4
HSS,HSS6X6X.500,HSS6X6X1/2,35.24,9.74,6,4.61,,6,4.61,0.5,0.47,9.9,9.9,,48.3,19.8,16.1,2.23,48.3,19.8,16.1,2.23,81.1,28.1
HSS,HSS6X6X.375,HSS6X6X3/8,27.48,7.58,6,4.95,,6,4.95,0.38,0.35,14.2,14.2,,39.5,15.8,13.2,2.28,39.5,15.8,13.2,2.28,64.6,22.1
HSS,HSS6X6X.313,HSS6X6X5/16,23.34,6.43,6,5.13,,6,5.13,0.31,0.29,17.6,17.6,,34.3,13.6,11.4,2.31,34.3,13.6,11.4,2.31,55.4,18.9
HSS,HSS6X6X.250,HSS6X6X1/4,19.02,5.24,6,5.3,,6,5.3,0.25,0.23,22.8,22.8,,28.6,11.2,9.54,2.34,28.6,11.2,9.54,2.34,45.6,15.4
HSS,HSS6X6X.188,HSS6X6X3/16,14.53,3.98,6,5.48,,6,5.48,0.19,0.17,31.5,31.5,,22.3,8.63,7.42,2.37,22.3,8.63,7.42,2.37,35,11.8
HSS,HSS6X6X.125,HSS6X6X1/8,9.86,2.7,6,5.65,,6,5.65,0.13,0.12,48.7,48.7,,15.5,5.92,5.15,2.39,15.5,5.92,5.15,2.39,23.9,8.03
HSS,HSS6X5X.500,HSS6X5X1/2,31.84,8.81,6,4.61,,5,3.6,0.5,0.47,7.75,9.9,,41.1,17.2,13.7,2.16,30.8,15.2,12.3,1.87,59.8,23
HSS,HSS6X5X.375,HSS6X5X3/8,24.93,6.88,6,4.95,,5,3.95,0.38,0.35,11.3,14.2,,33.9,13.8,11.3,2.22,25.5,12.2,10.2,1.92,48.1,18.2
HSS,HSS6X5X.313,HSS6X5X5/16,21.21,5.85,6,5.13,,5,4.13,0.31,0.29,14.2,17.6,,29.6,11.9,9.85,2.25,22.3,10.5,8.91,1.95,41.4,15.6
HSS,HSS6X5X.250,HSS6X5X1/4,17.32,4.77,6,5.3,,5,4.3,0.25,0.23,18.5,22.8,,24.7,9.87,8.25,2.28,18.7,8.72,7.47,1.98,34.2,12.8
HSS,HSS6X5X.188,HSS6X5X3/16,13.25,3.63,6,5.48,,5,4.48,0.19,0.17,25.7,31.5,,19.3,7.62,6.44,2.31,14.6,6.73,5.84,2.01,26.3,9.76
HSS,HSS6X5X.125,HSS6X5X1/8,9.01,2.46,6,5.65,,5,4.65,0.13,0.12,40.1,48.7,,13.4,5.24,4.48,2.34,10.2,4.63,4.07,2.03,18,6.66
HSS,HSS6X4X.500,HSS6X4X1/2,28.43,7.88,6,4.61,,4,2.6,0.5,0.47,5.6,9.9,,34,14.6,11.3,2.08,17.8,11,8.89,1.5,40.3,17.8
HSS,HSS6X4X.375,HSS6X4X3/8,22.37,6.18,6,4.95,,4,2.95,0.38,0.35,8.46,14.2,,28.3,11.9,9.43,2.14,14.9,8.94,7.47,1.55,32.8,14.2
HSS,HSS6X4X.313,HSS6X4X5/16,19.08,5.26,6,5.13,,4,3.13,0.31,0.29,10.7,17.6,,24.8,10.3,8.27,2.17,13.2,7.75,6.58,1.58,28.4,12.2
HSS,HSS6X4X.250,HSS6X4X1/4,15.62,4.3,6,5.3,,4,3.3,0.25,0.23,14.2,22.8,,20.9,8.53,6.96,2.2,11.1,6.45,5.56,1.61,23.6,10.1
HSS,HSS6X4X.188,HSS6X4X3/16,11.97,3.28,6,5.48,,4,3.48,0.19,0.17,20,31.5,,16.4,6.6,5.46,2.23,8.76,5,4.38,1.63,18.2,7.74
HSS,HSS6X4X.125,HSS6X4X1/8,8.16,2.23,6,5.65,,4,3.65,0.13,0.12,31.5,48.7,,11.4,4.56,3.81,2.26,6.15,3.46,3.08,1.66,12.6,5.3
HSS,HSS6X3X.500,HSS6X3X1/2,25.03,6.95,6,4.61,,3,1.6,0.5,0.47,3.45,9.9,,26.8,12.1,8.95,1.97,8.69,7.28,5.79,1.12,23.1,12.7
HSS,HSS6X3X.375,HSS6X3X3/8,19.82,5.48,6,4.95,,3,1.95,0.38,0.35,5.6,14.2,,22.7,9.9,7.57,2.04,7.48,6.03,4.99,1.17,19.3,10.3
HSS,HSS6X3X.313,HSS6X3X5/16,16.96,4.68,6,5.13,,3,2.13,0.31,0.29,7.31,17.6,,20.1,8.61,6.69,2.07,6.67,5.27,4.45,1.19,16.9,8.91
HSS,HSS6X3X.250,HSS6X3X1/4,13.91,3.84,6,5.3,,3,2.3,0.25,0.23,9.88,22.8,,17,7.19,5.66,2.1,5.7,4.41,3.8,1.22,14.2,7.39
HSS,HSS6X3X.188,HSS6X3X3/16,10.7,2.93,6,5.48,,3,2.48,0.19,0.17,14.2,31.5,,13.4,5.59,4.47,2.14,4.55,3.45,3.03,1.25,11.1,5.71
HSS,HSS6X3X.125,HSS6X3X1/8,7.31,2,6,5.65,,3,2.65,0.13,0.12,22.9,48.7,,9.43,3.87,3.14,2.17,3.23,2.4,2.15,1.27,7.73,3.93
HSS,HSS6X2X.375,HSS6X2X3/8,17.27,4.78,6,4.95,,2,0.95,0.38,0.35,2.73,14.2,,17.1,7.93,5.71,1.89,2.77,3.46,2.77,0.76,8.42,6.35
HSS,HSS6X2X.313,HSS6X2X5/16,14.83,4.1,6,5.13,,2,1.13,0.31,0.29,3.87,17.6,,15.3,6.95,5.11,1.93,2.52,3.07,2.52,0.79,7.6,5.58
HSS,HSS6X2X.250,HSS6X2X1/4,12.21,3.37,6,5.3,,2,1.3,0.25,0.23,5.58,22.8,,13.1,5.84,4.37,1.97,2.21,2.61,2.21,0.81,6.55,4.7
HSS,HSS6X2X.188,HSS6X2X3/16,9.42,2.58,6,5.48,,2,1.48,0.19,0.17,8.49,31.5,,10.5,4.58,3.49,2.01,1.8,2.07,1.8,0.84,5.24,3.68
HSS,HSS6X2X.125,HSS6X2X1/8,6.46,1.77,6,5.65,,2,1.65,0.13,0.12,14.2,48.7,,7.42,3.19,2.47,2.05,1.31,1.46,1.31,0.86,3.72,2.57
HSS,HSS5-1/2X5-1/2X.375,HSS5-1/2X5-1/2X3/8,24.93,6.88,5.5,4.45,,5.5,4.45,0.38,0.35,12.8,12.8,,29.7,13.1,10.8,2.08,29.7,13.1,10.8,2.08,49,18.4
HSS,HSS5-1/2X5-1/2X.313,HSS5-1/2X5-1/2X5/16,21.21,5.85,5.5,4.63,,5.5,4.63,0.31,0.29,15.9,15.9,,25.9,11.3,9.43,2.11,25.9,11.3,9.43,2.11,42.2,15.7
HSS,HSS5-1/2X5-1/2X.250,HSS5-1/2X5-1/2X1/4,17.32,4.77,5.5,4.8,,5.5,4.8,0.25,0.23,20.6,20.6,,21.7,9.32,7.9,2.13,21.7,9.32,7.9,2.13,34.8,12.9
HSS,HSS5-1/2X5-1/2X.188,HSS5-1/2X5-1/2X3/16,13.25,3.63,5.5,4.98,,5.5,4.98,0.19,0.17,28.6,28.6,,17,7.19,6.17,2.16,17,7.19,6.17,2.16,26.7,9.85
HSS,HSS5-1/2X5-1/2X.125,HSS5-1/2X5-1/2X1/8,9.01,2.46,5.5,5.15,,5.5,5.15,0.13,0.12,44.4,44.4,,11.8,4.95,4.3,2.19,11.8,4.95,4.3,2.19,18.3,6.72
HSS,HSS5X5X.500,HSS5X5X1/2,28.43,7.88,5,3.6,,5,3.6,0.5,0.47,7.75,7.75,,26,13.1,10.4,1.82,26,13.1,10.4,1.82,44.6,18.7
HSS,HSS5X5X.375,HSS5X5X3/8,22.37,6.18,5,3.95,,5,3.95,0.38,0.35,11.3,11.3,,21.7,10.6,8.68,1.87,21.7,10.6,8.68,1.87,36.1,14.9
HSS,HSS5X5X.313,HSS5X5X5/16,19.08,5.26,5,4.13,,5,4.13,0.31,0.29,14.2,14.2,,19,9.16,7.62,1.9,19,9.16,7.62,1.9,31.2,12.8
HSS,HSS5X5X.250,HSS5X5X1/4,15.62,4.3,5,4.3,,5,4.3,0.25,0.23,18.5,18.5,,16,7.61,6.41,1.93,16,7.61,6.41,1.93,25.8,10.5
HSS,HSS5X5X.188,HSS5X5X3/16,11.97,3.28,5,4.48,,5,4.48,0.19,0.17,25.7,25.7,,12.6,5.89,5.03,1.96,12.6,5.89,5.03,1.96,19.9,8.08
HSS,HSS5X5X.125,HSS5X5X1/8,8.16,2.23,5,4.65,,5,4.65,0.13,0.12,40.1,40.1,,8.8,4.07,3.52,1.99,8.8,4.07,3.52,1.99,13.7,5.53
HSS,HSS5X4X.500,HSS5X4X1/2,25.03,6.95,5,3.6,,4,2.6,0.5,0.47,5.6,7.75,,21.2,10.9,8.49,1.75,14.9,9.35,7.43,1.46,30.3,14.5
HSS,HSS5X4X.375,HSS5X4X3/8,19.82,5.48,5,3.95,,4,2.95,0.38,0.35,8.46,11.3,,17.9,8.96,7.17,1.81,12.6,7.67,6.3,1.52,24.9,11.7
HSS,HSS5X4X.313,HSS5X4X5/16,16.96,4.68,5,4.13,,4,3.13,0.31,0.29,10.7,14.2,,15.8,7.79,6.32,1.84,11.1,6.67,5.57,1.54,21.7,10.1
HSS,HSS5X4X.250,HSS5X4X1/4,13.91,3.84,5,4.3,,4,3.3,0.25,0.23,14.2,18.5,,13.4,6.49,5.35,1.87,9.46,5.57,4.73,1.57,18,8.32
HSS,HSS5X4X.188,HSS5X4X3/16,10.7,2.93,5,4.48,,4,3.48,0.19,0.17,20,25.7,,10.6,5.05,4.22,1.9,7.48,4.34,3.74,1.6,14,6.41
HSS,HSS5X4X.125,HSS5X4X1/8,7.31,2,5,4.65,,4,3.65,0.13,0.12,31.5,40.1,,7.42,3.5,2.97,1.93,5.27,3.01,2.64,1.62,9.66,4.39
HSS,HSS5X3X.500,HSS5X3X1/2,21.63,6.02,5,3.6,,3,1.6,0.5,0.47,3.45,7.75,,16.4,8.83,6.57,1.65,7.18,6.1,4.78,1.09,17.6,10.3
HSS,HSS5X3X.375,HSS5X3X3/8,17.27,4.78,5,3.95,,3,1.95,0.38,0.35,5.6,11.3,,14.1,7.34,5.65,1.72,6.25,5.1,4.16,1.14,14.9,8.44
HSS,HSS5X3X.313,HSS5X3X5/16,14.83,4.1,5,4.13,,3,2.13,0.31,0.29,7.31,14.2,,12.6,6.42,5.03,1.75,5.6,4.48,3.73,1.17,13.1,7.33
HSS,HSS5X3X.250,HSS5X3X1/4,12.21,3.37,5,4.3,,3,2.3,0.25,0.23,9.88,18.5,,10.7,5.38,4.29,1.78,4.81,3.77,3.21,1.19,11,6.1
HSS,HSS5X3X.188,HSS5X3X3/16,9.42,2.58,5,4.48,,3,2.48,0.19,0.17,14.2,25.7,,8.53,4.21,3.41,1.82,3.85,2.96,2.57,1.22,8.64,4.73
HSS,HSS5X3X.125,HSS5X3X1/8,6.46,1.77,5,4.65,,3,2.65,0.13,0.12,22.9,40.1,,6.03,2.93,2.41,1.85,2.75,2.07,1.83,1.25,6.02,3.26
HSS,HSS5X2-1/2X.250,HSS5X2-1/2X1/4,11.36,3.14,5,4.3,,2.5,1.8,0.25,0.23,7.73,18.5,,9.4,4.83,3.76,1.73,3.13,2.95,2.5,1,7.93,4.99
HSS,HSS5X2-1/2X.188,HSS5X2-1/2X3/16,8.78,2.41,5,4.48,,2.5,1.98,0.19,0.17,11.4,25.7,,7.51,3.79,3.01,1.77,2.53,2.33,2.03,1.02,6.26,3.89
HSS,HSS5X2-1/2X.125,HSS5X2-1/2X1/8,6.03,1.65,5,4.65,,2.5,2.15,0.13,0.12,18.6,40.1,,5.34,2.65,2.14,1.8,1.82,1.64,1.46,1.05,4.4,2.7
HSS,HSS5X2X.375,HSS5X2X3/8,14.72,4.09,5,3.95,,2,0.95,0.38,0.35,2.73,11.3,,10.4,5.71,4.14,1.59,2.28,2.88,2.28,0.75,6.61,5.2
HSS,HSS5X2X.313,HSS5X2X5/16,12.7,3.52,5,4.13,,2,1.13,0.31,0.29,3.87,14.2,,9.35,5.05,3.74,1.63,2.1,2.57,2.1,0.77,5.99,4.59
HSS,HSS5X2X.250,HSS5X2X1/4,10.51,2.91,5,4.3,,2,1.3,0.25,0.23,5.58,18.5,,8.08,4.27,3.23,1.67,1.84,2.2,1.84,0.8,5.17,3.88
HSS,HSS5X2X.188,HSS5X2X3/16,8.15,2.24,5,4.48,,2,1.48,0.19,0.17,8.49,25.7,,6.5,3.37,2.6,1.7,1.51,1.75,1.51,0.82,4.15,3.05
HSS,HSS5X2X.125,HSS5X2X1/8,5.61,1.54,5,4.65,,2,1.65,0.13,0.12,14.2,40.1,,4.65,2.37,1.86,1.74,1.1,1.24,1.1,0.85,2.95,2.13
HSS,HSS4-1/2X4-1/2X.500,HSS4-1/2X4-1/2X1/2,25.03,6.95,4.5,3.1,,4.5,3.1,0.5,0.47,6.68,6.68,,18.1,10.2,8.03,1.61,18.1,10.2,8.03,1.61,31.3,14.8
HSS,HSS4-1/2X4-1/2X.375,HSS4-1/2X4-1/2X3/8,19.82,5.48,4.5,3.45,,4.5,3.45,0.38,0.35,9.89,9.89,,15.3,8.36,6.79,1.67,15.3,8.36,6.79,1.67,25.7,11.9
HSS,HSS4-1/2X4-1/2X.313,HSS4-1/2X4-1/2X5/16,16.96,4.68,4.5,3.63,,4.5,3.63,0.31,0.29,12.5,12.5,,13.5,7.27,6,1.7,13.5,7.27,6,1.7,22.3,10.2
HSS,HSS4-1/2X4-1/2X.250,HSS4-1/2X4-1/2X1/4,13.91,3.84,4.5,3.8,,4.5,3.8,0.25,0.23,16.3,16.3,,11.4,6.06,5.08,1.73,11.4,6.06,5.08,1.73,18.5,8.44
HSS,HSS4-1/2X4-1/2X.188,HSS4-1/2X4-1/2X3/16,10.7,2.93,4.5,3.98,,4.5,3.98,0.19,0.17,22.9,22.9,,9.02,4.71,4.01,1.75,9.02,4.71,4.01,1.75,14.4,6.49
HSS,HSS4-1/2X4-1/2X.125,HSS4-1/2X4-1/2X1/8,7.31,2,4.5,4.15,,4.5,4.15,0.13,0.12,35.8,35.8,,6.35,3.27,2.82,1.78,6.35,3.27,2.82,1.78,9.92,4.45
HSS,HSS4X4X.500,HSS4X4X1/2,21.63,6.02,4,2.6,,4,2.6,0.5,0.47,5.6,5.6,,11.9,7.7,5.97,1.41,11.9,7.7,5.97,1.41,21,11.2
HSS,HSS4X4X.375,HSS4X4X3/8,17.27,4.78,4,2.95,,4,2.95,0.38,0.35,8.46,8.46,,10.3,6.39,5.13,1.47,10.3,6.39,5.13,1.47,17.5,9.14
HSS,HSS4X4X.313,HSS4X4X5/16,14.83,4.1,4,3.13,,4,3.13,0.31,0.29,10.7,10.7,,9.14,5.59,4.57,1.49,9.14,5.59,4.57,1.49,15.3,7.91
HSS,HSS4X4X.250,HSS4X4X1/4,12.21,3.37,4,3.3,,4,3.3,0.25,0.23,14.2,14.2,,7.8,4.69,3.9,1.52,7.8,4.69,3.9,1.52,12.8,6.56
HSS,HSS4X4X.188,HSS4X4X3/16,9.42,2.58,4,3.48,,4,3.48,0.19,0.17,20,20,,6.21,3.67,3.1,1.55,6.21,3.67,3.1,1.55,10,5.07
HSS,HSS4X4X.125,HSS4X4X1/8,6.46,1.77,4,3.65,,4,3.65,0.13,0.12,31.5,31.5,,4.4,2.56,2.2,1.58,4.4,2.56,2.2,1.58,6.91,3.49
HSS,HSS4X3X.375,HSS4X3X3/8,14.72,4.09,4,2.95,,3,1.95,0.38,0.35,5.6,8.46,,7.93,5.12,3.97,1.39,5.01,4.18,3.34,1.11,10.6,6.59
HSS,HSS4X3X.313,HSS4X3X5/16,12.7,3.52,4,3.13,,3,2.13,0.31,0.29,7.31,10.7,,7.14,4.51,3.57,1.42,4.52,3.69,3.02,1.13,9.41,5.75
HSS,HSS4X3X.250,HSS4X3X1/4,10.51,2.91,4,3.3,,3,2.3,0.25,0.23,9.88,14.2,,6.15,3.81,3.07,1.45,3.91,3.12,2.61,1.16,7.96,4.81
HSS,HSS4X3X.188,HSS4X3X3/16,8.15,2.24,4,3.48,,3,2.48,0.19,0.17,14.2,20,,4.93,3,2.47,1.49,3.16,2.46,2.1,1.19,6.26,3.74
HSS,HSS4X3X.125,HSS4X3X1/8,5.61,1.54,4,3.65,,3,2.65,0.13,0.12,22.9,31.5,,3.52,2.11,1.76,1.52,2.27,1.73,1.51,1.21,4.38,2.59
HSS,HSS4X2-1/2X.250,HSS4X2-1/2X1/4,9.66,2.67,4,3.3,,2.5,1.8,0.25,0.23,7.73,14.2,,5.32,3.38,2.66,1.41,2.53,2.43,2.02,0.97,5.78,3.93
HSS,HSS4X2-1/2X.188,HSS4X2-1/2X3/16,7.51,2.06,4,3.48,,2.5,1.98,0.19,0.17,11.4,20,,4.3,2.67,2.15,1.44,2.06,1.93,1.65,1,4.59,3.08
HSS,HSS4X2-1/2X.125,HSS4X2-1/2X1/8,5.18,1.42,4,3.65,,2.5,2.15,0.13,0.12,18.6,31.5,,3.09,1.88,1.54,1.47,1.49,1.36,1.19,1.03,3.23,2.14
HSS,HSS4X2X.375,HSS4X2X3/8,12.17,3.39,4,2.95,,2,0.95,0.38,0.35,2.73,8.46,,5.6,3.84,2.8,1.29,1.8,2.31,1.8,0.73,4.83,4.04
HSS,HSS4X2X.313,HSS4X2X5/16,10.58,2.94,4,3.13,,2,1.13,0.31,0.29,3.87,10.7,,5.13,3.43,2.56,1.32,1.67,2.08,1.67,0.75,4.4,3.59
HSS,HSS4X2X.250,HSS4X2X1/4,8.81,2.44,4,3.3,,2,1.3,0.25,0.23,5.58,14.2,,4.49,2.94,2.25,1.36,1.48,1.79,1.48,0.78,3.82,3.05
HSS,HSS4X2X.188,HSS4X2X3/16,6.87,1.89,4,3.48,,2,1.48,0.19,0.17,8.49,20,,3.66,2.34,1.83,1.39,1.22,1.43,1.22,0.8,3.08,2.41
HSS,HSS4X2X.125,HSS4X2X1/8,4.75,1.3,4,3.65,,2,1.65,0.13,0.12,14.2,31.5,,2.65,1.66,1.32,1.43,0.9,1.02,0.9,0.83,2.2,1.69
HSS,HSS4X1-1/2X.250,HSS4X1-1/2X1/4,7.96,2.21,4,3.3,,1.5,0.801,0.25,0.23,3.44,14.2,,3.66,2.5,1.83,1.29,0.73,1.21,0.98,0.58,2.14,2.18
HSS,HSS4X1-1/2X.188,HSS4X1-1/2X3/16,6.23,1.71,4,3.48,,1.5,0.978,0.19,0.17,5.62,20,,3.02,2.01,1.51,1.33,0.62,0.98,0.83,0.6,1.78,1.75
HSS,HSS4X1-1/2X.125,HSS4X1-1/2X1/8,4.33,1.19,4,3.65,,1.5,1.15,0.13,0.12,9.93,31.5,,2.21,1.43,1.11,1.36,0.47,0.71,0.62,0.63,1.3,1.24
HSS,HSS3-1/2X3-1/2X.375,HSS3-1/2X3-1/2X3/8,14.72,4.09,3.5,2.45,,3.5,2.45,0.38,0.35,7.03,7.03,,6.49,4.69,3.71,1.26,6.49,4.69,3.71,1.26,11.2,6.77
HSS,HSS3-1/2X3-1/2X.313,HSS3-1/2X3-1/2X5/16,12.7,3.52,3.5,2.63,,3.5,2.63,0.31,0.29,9.03,9.03,,5.84,4.14,3.34,1.29,5.84,4.14,3.34,1.29,9.89,5.9
HSS,HSS3-1/2X3-1/2X.250,HSS3-1/2X3-1/2X1/4,10.51,2.91,3.5,2.8,,3.5,2.8,0.25,0.23,12,12,,5.04,3.5,2.88,1.32,5.04,3.5,2.88,1.32,8.35,4.92
HSS,HSS3-1/2X3-1/2X188,HSS3-1/2X3-1/2X3/16,8.15,2.24,3.5,2.98,,3.5,2.98,0.19,0.17,17.1,17.1,,4.05,2.76,2.31,1.35,4.05,2.76,2.31,1.35,6.56,3.83
HSS,HSS3-1/2X3-1/2X.125,HSS3-1/2X3-1/2X1/8,5.61,1.54,3.5,3.15,,3.5,3.15,0.13,0.12,27.2,27.2,,2.9,1.93,1.66,1.37,2.9,1.93,1.66,1.37,4.58,2.65
HSS,HSS3-1/2X2-1/2X.375,HSS3-1/2X2-1/2X3/8,12.17,3.39,3.5,2.45,,2.5,1.45,0.38,0.35,4.16,7.03,,4.75,3.59,2.72,1.18,2.77,2.82,2.21,0.9,6.16,4.57
HSS,HSS3-1/2X2-1/2X.313,HSS3-1/2X2-1/2X5/16,10.58,2.94,3.5,2.63,,2.5,1.63,0.31,0.29,5.59,9.03,,4.34,3.2,2.48,1.22,2.54,2.52,2.03,0.93,5.53,4.03
HSS,HSS3-1/2X2-1/2X.250,HSS3-1/2X2-1/2X1/4,8.81,2.44,3.5,2.8,,2.5,1.8,0.25,0.23,7.73,12,,3.79,2.74,2.17,1.25,2.23,2.16,1.78,0.96,4.75,3.4
HSS,HSS3-1/2X2-1/2X.188,HSS3-1/2X2-1/2X3/16,6.87,1.89,3.5,2.98,,2.5,1.98,0.19,0.17,11.4,17.1,,3.09,2.18,1.76,1.28,1.82,1.72,1.46,0.98,3.78,2.67
HSS,HSS3-1/2X2-1/2X.125,HSS3-1/2X2-1/2X1/8,4.75,1.3,3.5,3.15,,2.5,2.15,0.13,0.12,18.6,27.2,,2.23,1.54,1.28,1.31,1.33,1.22,1.06,1.01,2.67,1.87
HSS,HSS3-1/2X2X.250,HSS3-1/2X2X1/4,7.96,2.21,3.5,2.8,,2,1.3,0.25,0.23,5.58,12,,3.17,2.36,1.81,1.2,1.3,1.58,1.3,0.77,3.16,2.64
HSS,HSS3-1/2X2X.188,HSS3-1/2X2X3/16,6.23,1.71,3.5,2.98,,2,1.48,0.19,0.17,8.49,17.1,,2.61,1.89,1.49,1.23,1.08,1.27,1.08,0.79,2.55,2.09
HSS,HSS3-1/2X2X.125,HSS3-1/2X2X1/8,4.33,1.19,3.5,3.15,,2,1.65,0.13,0.12,14.2,27.2,,1.9,1.34,1.09,1.27,0.8,0.91,0.8,0.82,1.83,1.47
HSS,HSS3-1/2X1-1/2X.250,HSS3-1/2X1-1/2X1/4,7.11,1.97,3.5,2.8,,1.5,0.8,0.25,0.23,3.44,12,,2.55,1.98,1.46,1.14,0.64,1.06,0.85,0.57,1.79,1.88
HSS,HSS3-1/2X1-1/2X.188,HSS3-1/2X1-1/2X3/16,5.59,1.54,3.5,2.98,,1.5,0.98,0.19,0.17,5.62,17.1,,2.12,1.6,1.21,1.17,0.54,0.87,0.73,0.59,1.49,1.51
HSS,HSS3-1/2X1-1/2X.125,HSS3-1/2X1-1/2X1/8,3.9,1.07,3.5,3.15,,1.5,1.15,0.13,0.12,9.93,27.2,,1.57,1.15,0.9,1.21,0.41,0.63,0.55,0.62,1.09,1.08
HSS,HSS3X3X.375,HSS3X3X3/8,12.17,3.39,3,1.95,,3,1.95,0.38,0.35,5.6,5.6,,3.78,3.25,2.52,1.06,3.78,3.25,2.52,1.06,6.64,4.74
HSS,HSS3X3X.313,HSS3X3X5/16,10.58,2.94,3,2.13,,3,2.13,0.31,0.29,7.31,7.31,,3.45,2.9,2.3,1.08,3.45,2.9,2.3,1.08,5.94,4.18
HSS,HSS3X3X.250,HSS3X3X1/4,8.81,2.44,3,2.3,,3,2.3,0.25,0.23,9.88,9.88,,3.02,2.48,2.01,1.11,3.02,2.48,2.01,1.11,5.08,3.52
HSS,HSS3X3X.188,HSS3X3X3/16,6.87,1.89,3,2.48,,3,2.48,0.19,0.17,14.2,14.2,,2.46,1.97,1.64,1.14,2.46,1.97,1.64,1.14,4.03,2.76
HSS,HSS3X3X.125,HSS3X3X1/8,4.75,1.3,3,2.65,,3,2.65,0.13,0.12,22.9,22.9,,1.78,1.4,1.19,1.17,1.78,1.4,1.19,1.17,2.84,1.92
HSS,HSS3X2-1/2X.313,HSS3X2-1/2X5/16,9.51,2.64,3,2.13,,2.5,1.63,0.31,0.29,5.59,7.31,,2.92,2.51,1.94,1.05,2.18,2.2,1.74,0.91,4.34,3.39
HSS,HSS3X2-1/2X.250,HSS3X2-1/2X1/4,7.96,2.21,3,2.3,,2.5,1.8,0.25,0.23,7.73,9.88,,2.57,2.16,1.72,1.08,1.93,1.9,1.54,0.94,3.74,2.87
HSS,HSS3X2-1/2X.188,HSS3X2-1/2X3/16,6.23,1.71,3,2.48,,2.5,1.98,0.19,0.17,11.4,14.2,,2.11,1.73,1.41,1.11,1.59,1.52,1.27,0.96,3,2.27
HSS,HSS3X2-1/2X.125,HSS3X2-1/2X1/8,4.33,1.19,3,2.65,,2.5,2.15,0.13,0.12,18.6,22.9,,1.54,1.23,1.03,1.14,1.16,1.09,0.93,0.99,2.13,1.59
HSS,HSS3X2X.313,HSS3X2X5/16,8.45,2.35,3,2.13,,2,1.13,0.31,0.29,3.87,7.31,,2.38,2.11,1.59,1.01,1.24,1.58,1.24,0.73,2.87,2.6
HSS,HSS3X2X.250,HSS3X2X1/4,7.11,1.97,3,2.3,,2,1.3,0.25,0.23,5.58,9.88,,2.13,1.83,1.42,1.04,1.11,1.38,1.11,0.75,2.52,2.23
HSS,HSS3X2X.188,HSS3X2X3/16,5.59,1.54,3,2.48,,2,1.48,0.19,0.17,8.49,14.2,,1.77,1.48,1.18,1.07,0.93,1.12,0.93,0.78,2.05,1.78
HSS,HSS3X2X.125,HSS3X2X1/8,3.9,1.07,3,2.65,,2,1.65,0.13,0.12,14.2,22.9,,1.3,1.06,0.87,1.1,0.69,0.8,0.69,0.8,1.47,1.25
HSS,HSS3X1-1/2X.250,HSS3X1-1/2X1/4,6.26,1.74,3,2.3,,1.5,0.8,0.25,0.23,3.44,9.88,,1.68,1.51,1.12,0.98,0.54,0.91,0.73,0.56,1.44,1.58
HSS,HSS3X1-1/2X.188,HSS3X1-1/2X3/16,4.96,1.37,3,2.48,,1.5,0.98,0.19,0.17,5.62,14.2,,1.42,1.24,0.95,1.02,0.47,0.75,0.62,0.58,1.21,1.28
HSS,HSS3X1-1/2X.125,HSS3X1-1/2X1/8,3.48,0.96,3,2.65,,1.5,1.15,0.13,0.12,9.93,22.9,,1.06,0.9,0.71,1.05,0.36,0.55,0.47,0.61,0.89,0.92
HSS,HSS3X1X.188,HSS3X1X3/16,4.32,1.19,3,2.48,,1,0.48,0.19,0.17,2.75,14.2,,1.07,0.99,0.71,0.95,0.17,0.43,0.35,0.38,0.53,0.79
HSS,HSS3X1X.125,HSS3X1X1/8,3.05,0.84,3,2.65,,1,0.65,0.13,0.12,5.62,22.9,,0.82,0.73,0.55,0.99,0.14,0.33,0.28,0.41,0.41,0.59
HSS,HSS2-1/2X2-1/2X.313,HSS2-1/2X2-1/2X5/16,8.45,2.35,2.5,1.63,,2.5,1.63,0.31,0.29,5.59,5.59,,1.82,1.88,1.46,0.88,1.82,1.88,1.46,0.88,3.2,2.74
HSS,HSS2-1/2X2-1/2X.250,HSS2-1/2X2-1/2X1/4,7.11,1.97,2.5,1.8,,2.5,1.8,0.25,0.23,7.73,7.73,,1.63,1.63,1.3,0.91,1.63,1.63,1.3,0.91,2.79,2.35
HSS,HSS2-1/2X2-1/2X.188,HSS2-1/2X2-1/2X3/16,5.59,1.54,2.5,1.98,,2.5,1.98,0.19,0.17,11.4,11.4,,1.35,1.32,1.08,0.94,1.35,1.32,1.08,0.94,2.25,1.86
HSS,HSS2-1/2X2-1/2X.125,HSS2-1/2X2-1/2X1/8,3.9,1.07,2.5,2.15,,2.5,2.15,0.13,0.12,18.6,18.6,,1,0.95,0.8,0.97,1,0.95,0.8,0.97,1.61,1.31
HSS,HSS2-1/2X2X.250,HSS2-1/2X2X1/4,6.26,1.74,2.5,1.8,,2,1.3,0.25,0.23,5.58,7.73,,1.33,1.37,1.06,0.87,0.93,1.17,0.93,0.73,1.9,1.82
HSS,HSS2-1/2X2X.188,HSS2-1/2X2X3/16,4.96,1.37,2.5,1.98,,2,1.48,0.19,0.17,8.49,11.4,,1.12,1.12,0.89,0.9,0.79,0.96,0.79,0.76,1.55,1.46
HSS,HSS2-1/2X2X.125,HSS2-1/2X2X1/8,3.48,0.96,2.5,2.15,,2,1.65,0.13,0.12,14.2,18.6,,0.83,0.81,0.67,0.93,0.59,0.69,0.59,0.79,1.12,1.04
HSS,HSS2-1/2X1-1/2X.250,HSS2-1/2X1-1/2X1/4,5.41,1.51,2.5,1.8,,1.5,0.8,0.25,0.23,3.44,7.73,,1.03,1.11,0.82,0.83,0.45,0.76,0.6,0.55,1.1,1.29
HSS,HSS2-1/2X1-1/2X.188,HSS2-1/2X1-1/2X3/16,4.32,1.19,2.5,1.98,,1.5,0.98,0.19,0.17,5.62,11.4,,0.88,0.92,0.71,0.86,0.39,0.64,0.52,0.57,0.93,1.05
HSS,HSS2-1/2X1-1/2X.125,HSS2-1/2X1-1/2X1/8,3.05,0.84,2.5,2.15,,1.5,1.15,0.13,0.12,9.93,18.6,,0.67,0.67,0.54,0.89,0.3,0.47,0.4,0.6,0.69,0.76
HSS,HSS2-1/2X1X.188,HSS2-1/2X1X3/16,3.68,1.02,2.5,1.98,,1,0.48,0.19,0.17,2.75,11.4,,0.65,0.71,0.52,0.8,0.14,0.36,0.29,0.37,0.41,0.65
HSS,HSS2-1/2X1X.125,HSS2-1/2X1X1/8,2.63,0.72,2.5,2.15,,1,0.65,0.13,0.12,5.62,18.6,,0.5,0.53,0.4,0.83,0.12,0.27,0.23,0.4,0.32,0.48
HSS,HSS2-1/4X2-1/4X.250,HSS2-1/4X2-1/4X1/4,6.26,1.74,2.25,1.55,,2.25,1.55,0.25,0.23,6.66,6.66,,1.13,1.28,1.01,0.81,1.13,1.28,1.01,0.81,1.96,1.85
HSS,HSS2-1/4X2-1/4X.188,HSS2-1/4X2-1/4X3/16,4.96,1.37,2.25,1.73,,2.25,1.73,0.19,0.17,9.93,9.93,,0.95,1.04,0.85,0.84,0.95,1.04,0.85,0.84,1.6,1.48
HSS,HSS2-1/4X2-1/4X.125,HSS2-1/4X2-1/4X1/8,3.48,0.96,2.25,1.9,,2.25,1.9,0.13,0.12,16.4,16.4,,0.71,0.76,0.63,0.86,0.71,0.76,0.63,0.86,1.15,1.05
HSS,HSS2X2X.250,HSS2X2X1/4,5.41,1.51,2,1.3,,2,1.3,0.25,0.23,5.58,5.58,,0.75,0.96,0.75,0.7,0.75,0.96,0.75,0.7,1.31,1.41
HSS,HSS2X2X.188,HSS2X2X3/16,4.32,1.19,2,1.48,,2,1.48,0.19,0.17,8.49,8.49,,0.64,0.8,0.64,0.73,0.64,0.8,0.64,0.73,1.09,1.14
HSS,HSS2X2X.125,HSS2X2X1/8,3.05,0.84,2,1.65,,2,1.65,0.13,0.12,14.2,14.2,,0.49,0.58,0.49,0.76,0.49,0.58,0.49,0.76,0.8,0.82
HSS,HSS2X1-1/2X.188,HSS2X1-1/2X3/16,3.68,1.02,2,1.48,,1.5,0.98,0.19,0.17,5.62,8.49,,0.5,0.64,0.5,0.7,0.31,0.52,0.42,0.55,0.66,0.82
HSS,HSS2X1-1/2X.125,HSS2X1-1/2X1/8,2.63,0.72,2,1.65,,1.5,1.15,0.13,0.12,9.93,14.2,,0.38,0.48,0.38,0.73,0.24,0.39,0.33,0.58,0.5,0.6
HSS,HSS2X1X.188,HSS2X1X3/16,3.04,0.85,2,1.48,,1,0.48,0.19,0.17,2.75,8.49,,0.35,0.48,0.35,0.64,0.11,0.29,0.23,0.37,0.3,0.51
HSS,HSS2X1X.125,HSS2X1X1/8,2.2,0.61,2,1.65,,1,0.65,0.13,0.12,5.62,14.2,,0.28,0.37,0.28,0.68,0.09,0.22,0.18,0.39,0.24,0.38
HSS,HSS1-1/2X1-1/2X0.250,HSS1-1/2X1-1/2X1/4,3.71,1.04,1.5,0.8,,1.5,0.801,0.25,0.23,3.44,3.44,,0.26,0.47,0.35,0.5,0.26,0.47,0.35,0.5,0.47,0.7
HSS,HSS1-1/2X1-1/2X0.188,HSS1-1/2X1-1/2X3/16,3.04,0.85,1.5,0.98,,1.5,0.978,0.19,0.17,5.62,5.62,,0.24,0.41,0.32,0.53,0.24,0.41,0.32,0.53,0.41,0.59
HSS,HSS1-1/2X1-1/2X0.125,HSS1-1/2X1-1/2X1/8,2.2,0.61,1.5,1.15,,1.5,1.15,0.13,0.12,9.93,9.93,,0.19,0.31,0.25,0.56,0.19,0.31,0.25,0.56,0.32,0.44
HSS,HSS28X1.000,HSS28.000X1.000,288.63,79.1,,,28,,,1,0.93,,,30.1,7250,682,518,9.58,7250,682,518,9.58,14500,1030
HSS,HSS28X.875,HSS28.000X0.875,253.72,69.5,,,28,,,0.88,0.81,,,34.4,6430,602,459,9.62,6430,602,459,9.62,12900,917
HSS,HSS28X.750,HSS28.000X0.750,218.48,59.8,,,28,,,0.75,0.7,,,40.1,5580,520,398,9.66,5580,520,398,9.66,11200,796
HSS,HSS28X.625,HSS28.000X0.625,182.9,50.1,,,28,,,0.63,0.58,,,48.2,4710,437,336,9.7,4710,437,336,9.7,9410,672
HSS,HSS28X.500,HSS28.000X0.500,146.99,40.2,,,28,,,0.5,0.47,,,60.2,3810,353,272,9.74,3810,353,272,9.74,7630,544
HSS,HSS28X.375,HSS28.000X0.375,110.74,30.3,,,28,,,0.38,0.35,,,80.3,2900,267,207,9.78,2900,267,207,9.78,5790,414
HSS,HSS26X.750,HSS26.000X0.750,202.44,55.4,,,26,,,0.75,0.7,,,37.3,4440,447,342,8.95,4440,447,342,8.95,8880,682
HSS,HSS26X.625,HSS26.000X0.625,169.54,46.4,,,26,,,0.63,0.58,,,44.7,3750,376,289,8.99,3750,376,289,8.99,7500,577
HSS,HSS26X.500,HSS26.000X0.500,136.3,37.3,,,26,,,0.5,0.47,,,55.9,3040,303,234,9.03,3040,303,234,9.03,6080,468
HSS,HSS26X.375,HSS26.000X0.375,102.73,28.1,,,26,,,0.38,0.35,,,74.6,2310,229,178,9.07,2310,229,178,9.07,4620,356
HSS,HSS26X.313,HSS26.000X0.313,85.81,23.5,,,26,,,0.31,0.29,,,89.5,1940,192,149,9.09,1940,192,149,9.09,3880,298
HSS,HSS24X1.000,HSS24.000X1.000,245.87,67.4,,,24,,,1,0.93,,,25.8,4490,495,374,8.16,4490,495,374,8.16,8980,746
HSS,HSS24X.875,HSS24.000X0.875,216.31,59.3,,,24,,,0.88,0.81,,,29.5,3990,438,332,8.2,3990,438,332,8.2,7980,663
HSS,HSS24X.750,HSS24.000X0.750,186.41,51.1,,,24,,,0.75,0.7,,,34.4,3470,379,289,8.24,3470,379,289,8.24,6940,577
HSS,HSS24X.625,HSS24.000X0.625,156.18,42.8,,,24,,,0.63,0.58,,,41.3,2930,319,244,8.28,2930,319,244,8.28,5870,488
HSS,HSS24X.500,HSS24.000X0.500,125.61,34.4,,,24,,,0.5,0.47,,,51.6,2380,258,198,8.32,2380,258,198,8.32,4760,397
HSS,HSS24X.375,HSS24.000X0.375,94.71,25.9,,,24,,,0.38,0.35,,,68.8,1810,195,151,8.36,1810,195,151,8.36,3620,302
HSS,HSS24X.313,HSS24.000X0.313,79.13,21.6,,,24,,,0.31,0.29,,,82.6,1520,163,127,8.38,1520,163,127,8.38,3040,253
HSS,HSS22X.750,HSS22.000X0.750,170.37,46.7,,,22,,,0.75,0.7,,,31.5,2650,317,241,7.54,2650,317,241,7.54,5300,481
HSS,HSS22X.625,HSS22.000X0.625,142.81,39.1,,,22,,,0.63,0.58,,,37.8,2240,267,204,7.58,2240,267,204,7.58,4490,408
HSS,HSS22X.500,HSS22.000X0.500,114.92,31.5,,,22,,,0.5,0.47,,,47.3,1820,216,166,7.62,1820,216,166,7.62,3650,331
HSS,HSS22X.375,HSS22.000X0.375,86.69,23.7,,,22,,,0.38,0.35,,,63.1,1390,163,126,7.66,1390,163,126,7.66,2780,253
HSS,HSS22X.313,HSS22.000X0.313,72.45,19.8,,,22,,,0.31,0.29,,,75.7,1170,137,106,7.68,1170,137,106,7.68,2340,212
HSS,HSS20X1.000,HSS20.000X1.000,203.11,55.7,,,20,,,1,0.93,,,21.5,2540,338,254,6.75,2540,338,254,6.75,5080,506
HSS,HSS20X.875,HSS20.000X0.875,178.89,49,,,20,,,0.88,0.81,,,24.6,2260,300,226,6.79,2260,300,226,6.79,4520,451
HSS,HSS20X.750,HSS20.000X0.750,154.34,42.3,,,20,,,0.75,0.7,,,28.7,1970,260,197,6.83,1970,260,197,6.83,3940,394
HSS,HSS20X.625,HSS20.000X0.625,129.45,35.5,,,20,,,0.63,0.58,,,34.4,1670,219,167,6.87,1670,219,167,6.87,3350,334
HSS,HSS20X.500,HSS20.000X0.500,104,28.5,,,20,,,0.5,0.47,,,43,1360,177,136,6.91,1360,177,136,6.91,2720,272
HSS,HSS20X.375,HSS20.000X0.375,78.67,21.5,,,20,,,0.38,0.35,,,57.3,1040,135,104,6.95,1040,135,104,6.95,2080,208
HSS,HSS20X.313,HSS20.000X0.313,65.77,18,,,20,,,0.31,0.29,,,68.8,874,113,87.4,6.97,874,113,87.4,6.97,1750,175
HSS,HSS20X.250,HSS20.000X0.250,52.78,14.4,,,20,,,0.25,0.23,,,86,705,90.9,70.5,6.99,705,90.9,70.5,6.99,1410,141
HSS,HSS18X1.000,HSS18.000X1.000,181.73,49.9,,,18,,,1,0.93,,,19.4,1820,271,202,6.04,1820,271,202,6.04,3640,403
HSS,HSS18X.875,HSS18.000X0.875,160.19,43.9,,,18,,,0.88,0.81,,,22.1,1630,241,181,6.08,1630,241,181,6.08,3250,360
HSS,HSS18X.750,HSS18.000X0.750,138.3,37.9,,,18,,,0.75,0.7,,,25.8,1420,209,158,6.12,1420,209,158,6.12,2840,315
HSS,HSS18X.625,HSS18.000X0.625,116.09,31.8,,,18,,,0.63,0.58,,,31,1210,176,134,6.16,1210,176,134,6.16,2420,268
HSS,HSS18X.500,HSS18.000X0.500,93.54,25.6,,,18,,,0.5,0.47,,,38.7,985,143,109,6.2,985,143,109,6.2,1970,219
HSS,HSS18X.375,HSS18.000X0.375,70.66,19.4,,,18,,,0.38,0.35,,,51.6,754,109,83.8,6.24,754,109,83.8,6.24,1510,168
HSS,HSS18X.313,HSS18.000X0.313,59.09,16.2,,,18,,,0.31,0.29,,,61.9,634,91.2,70.4,6.26,634,91.2,70.4,6.26,1270,141
HSS,HSS18X.250,HSS18.000X0.250,47.44,13,,,18,,,0.25,0.23,,,77.4,512,73.4,56.9,6.28,512,73.4,56.9,6.28,1020,114
HSS,HSS16X1.000,HSS16.000X1.000,160.35,44,,,16,,,1,0.93,,,17.2,1250,211,157,5.34,1250,211,157,5.34,2510,312
HSS,HSS16X.875,HSS16.000X0.875,141.48,38.8,,,16,,,0.88,0.81,,,19.7,1120,188,140,5.38,1120,188,140,5.38,2240,279
HSS,HSS16X.750,HSS16.000X0.750,122.27,33.5,,,16,,,0.75,0.7,,,22.9,984,163,123,5.42,984,163,123,5.42,1970,245
HSS,HSS16X.625,HSS16.000X0.625,103,28.1,,,16,,,0.63,0.58,,,27.5,838,138,105,5.46,838,138,105,5.46,1680,209
HSS,HSS16X.500,HSS16.000X0.500,82.85,22.7,,,16,,,0.5,0.47,,,34.4,685,112,85.7,5.49,685,112,85.7,5.49,1370,171
HSS,HSS16X.438,HSS16.000X0.438,72.87,19.9,,,16,,,0.44,0.41,,,39.3,606,99,75.8,5.51,606,99,75.8,5.51,1210,152
HSS,HSS16X.375,HSS16.000X0.375,62.64,17.2,,,16,,,0.38,0.35,,,45.8,526,85.5,65.7,5.53,526,85.5,65.7,5.53,1050,131
HSS,HSS16X.312,HSS16.000X0.312,52.32,14.4,,,16,,,0.31,0.29,,,55,443,71.8,55.4,5.55,443,71.8,55.4,5.55,886,111
HSS,HSS16X.250,HSS16.000X0.250,42.09,11.5,,,16,,,0.25,0.23,,,68.7,359,57.9,44.8,5.58,359,57.9,44.8,5.58,717,89.7
HSS,HSS14X1.000,HSS14.000X1.000,138.97,38.2,,,14,,,1,0.93,,,15.1,820,159,117,4.63,820,159,117,4.63,1640,232
HSS,HSS14X.875,HSS14.000X0.875,122.77,33.7,,,14,,,0.88,0.81,,,17.2,735,142,105,4.67,735,142,105,4.67,1470,209
HSS,HSS14X.750,HSS14.000X0.750,106.23,29.1,,,14,,,0.75,0.7,,,20.1,647,124,92.4,4.71,647,124,92.4,4.71,1290,184
HSS,HSS14X.625,HSS14.000X0.625,89.36,24.5,,,14,,,0.63,0.58,,,24.1,552,105,78.9,4.75,552,105,78.9,4.75,1100,158
HSS,HSS14X.500,HSS14.000X0.500,72.16,19.8,,,14,,,0.5,0.47,,,30.1,453,85.2,64.8,4.79,453,85.2,64.8,4.79,907,130
HSS,HSS14X.375,HSS14.000X0.375,54.62,15,,,14,,,0.38,0.35,,,40.1,349,65.1,49.8,4.83,349,65.1,49.8,4.83,698,100
HSS,HSS14X.312,HSS14.000X0.312,45.65,12.5,,,14,,,0.31,0.29,,,48.1,295,54.7,42.1,4.85,295,54.7,42.1,4.85,589,84.2
HSS,HSS14X.250,HSS14.000X0.250,36.75,10.1,,,14,,,0.25,0.23,,,60.1,239,44.2,34.1,4.87,239,44.2,34.1,4.87,478,68.2
HSS,HSS14X.188,HSS14.000X0.188,27.69,7.57,,,14,,,0.19,0.17,,,80.3,181,33.3,25.9,4.89,181,33.3,25.9,4.89,362,51.7
HSS,HSS13.375X.625,HSS13.375X0.625,85.19,23.4,,,13.4,,,0.63,0.58,,,23,479,95.2,71.6,4.53,479,95.2,71.6,4.53,958,143
HSS,HSS13.375X.500,HSS13.375X0.500,68.82,18.9,,,13.4,,,0.5,0.47,,,28.8,393,77.5,58.8,4.57,393,77.5,58.8,4.57,787,117
HSS,HSS13.375X.375,HSS13.375X0.375,52.11,14.3,,,13.4,,,0.38,0.35,,,38.4,303,59.2,45.3,4.61,303,59.2,45.3,4.61,606,90.5
HSS,HSS13.375X.313,HSS13.375X0.313,43.64,11.9,,,13.4,,,0.31,0.29,,,46,256,49.8,38.2,4.63,256,49.8,38.2,4.63,512,76.4
HSS,HSS13.375X.250,HSS13.375X0.250,35.08,9.6,,,13.4,,,0.25,0.23,,,57.5,207,40.2,31,4.65,207,40.2,31,4.65,415,62
HSS,HSS13.375X.188,HSS13.375X0.188,26.43,7.23,,,13.4,,,0.19,0.17,,,76.7,158,30.4,23.6,4.67,158,30.4,23.6,4.67,315,47.1
HSS,HSS12.75X.750,HSS12.750X0.750,96.21,26.4,,,12.8,,,0.75,0.7,,,18.3,481,101,75.5,4.27,481,101,75.5,4.27,962,150
HSS,HSS12.75X.625,HSS12.750X0.625,81.01,22.2,,,12.8,,,0.63,0.58,,,21.9,412,86.1,64.7,4.31,412,86.1,64.7,4.31,824,129
HSS,HSS12.75X.500,HSS12.750X0.500,65.48,17.9,,,12.8,,,0.5,0.47,,,27.4,339,70.2,53.2,4.35,339,70.2,53.2,4.35,678,106
HSS,HSS12.75X.375,HSS12.750X0.375,49.61,13.6,,,12.8,,,0.38,0.35,,,36.5,262,53.7,41,4.39,262,53.7,41,4.39,523,82.1
HSS,HSS12.75X.250,HSS12.750X0.250,33.41,9.16,,,12.8,,,0.25,0.23,,,54.7,180,36.5,28.2,4.43,180,36.5,28.2,4.43,359,56.3
HSS,HSS12.75X.188,HSS12.750X0.188,25.18,6.89,,,12.8,,,0.19,0.17,,,73.1,136,27.6,21.4,4.45,136,27.6,21.4,4.45,272,42.7
HSS,HSS12X.625,HSS12.000X0.625,76,20.9,,,12,,,0.63,0.58,,,20.6,341,75.9,56.8,4.04,341,75.9,56.8,4.04,681,113
HSS,HSS12X.500,HSS12.000X0.500,61.47,16.9,,,12,,,0.5,0.47,,,25.8,281,61.9,46.8,4.08,281,61.9,46.8,4.08,561,93.3
HSS,HSS12X.375,HSS12.000X0.375,46.6,12.8,,,12,,,0.38,0.35,,,34.4,217,47.4,36.1,4.12,217,47.4,36.1,4.12,434,72.2
HSS,HSS12X.250,HSS12.000X0.250,31.4,8.6,,,12,,,0.25,0.23,,,51.6,149,32.2,24.8,4.16,149,32.2,24.8,4.16,298,49.6
HSS,HSS11.75X.625,HSS11.750X0.625,74.33,20.4,,,11.8,,,0.63,0.58,,,20.2,319,72.6,54.3,3.95,319,72.6,54.3,3.95,638,108
HSS,HSS11.75X.500,HSS11.750X0.500,60.13,16.5,,,11.8,,,0.5,0.47,,,25.3,263,59.3,44.7,3.99,263,59.3,44.7,3.99,526,89.2
HSS,HSS11.75X.375,HSS11.750X0.375,45.6,12.5,,,11.8,,,0.38,0.35,,,33.7,203,45.3,34.6,4.03,203,45.3,34.6,4.03,406,69
HSS,HSS11.75X.337,HSS11.750X0.337,41.12,11.3,,,11.8,,,0.34,0.31,,,37.5,184,41,31.4,4.04,184,41,31.4,4.04,368,62.6
HSS,HSS11.75X.250,HSS11.750X0.250,30.73,8.41,,,11.8,,,0.25,0.23,,,50.5,140,30.8,23.8,4.07,140,30.8,23.8,4.07,279,47.5
HSS,HSS10.75X.625,HSS10.750X0.625,67.65,18.6,,,10.8,,,0.63,0.58,,,18.5,241,60.2,44.8,3.6,241,60.2,44.8,3.6,482,89.1
HSS,HSS10.75X.500,HSS10.750X0.500,54.79,15,,,10.8,,,0.5,0.47,,,23.1,199,49.2,37,3.64,199,49.2,37,3.64,398,74.1
HSS,HSS10.75X.375,HSS10.750X0.375,41.59,11.4,,,10.8,,,0.38,0.35,,,30.8,154,37.8,28.7,3.68,154,37.8,28.7,3.68,309,57.4
HSS,HSS10.75X.313,HSS10.750X0.313,34.87,9.55,,,10.8,,,0.31,0.29,,,37,131,31.8,24.3,3.7,131,31.8,24.3,3.7,261,48.6
HSS,HSS10.75X.250,HSS10.750X0.250,28.06,7.7,,,10.8,,,0.25,0.23,,,46.1,106,25.8,19.8,3.72,106,25.8,19.8,3.72,213,39.6
HSS,HSS10.75X.188,HSS10.750X0.188,21.17,5.79,,,10.8,,,0.19,0.17,,,61.6,81,19.5,15.1,3.74,81,19.5,15.1,3.74,162,30.1
HSS,HSS10X.625,HSS10.000X0.625,62.64,17.2,,,10,,,0.63,0.58,,,17.2,191,51.6,38.3,3.34,191,51.6,38.3,3.34,383,76.6
HSS,HSS10X.500,HSS10.000X0.500,50.78,13.9,,,10,,,0.5,0.47,,,21.5,159,42.3,31.7,3.38,159,42.3,31.7,3.38,317,63.5
HSS,HSS10X.375,HSS10.000X0.375,38.58,10.6,,,10,,,0.38,0.35,,,28.7,123,32.5,24.7,3.41,123,32.5,24.7,3.41,247,49.3
HSS,HSS10X.312,HSS10.000X0.312,32.31,8.88,,,10,,,0.31,0.29,,,34.4,105,27.4,20.9,3.43,105,27.4,20.9,3.43,209,41.9
HSS,HSS10X.250,HSS10.000X0.250,26.06,7.15,,,10,,,0.25,0.23,,,42.9,85.3,22.2,17.1,3.45,85.3,22.2,17.1,3.45,171,34.1
HSS,HSS10X.188,HSS10.000X0.188,19.72,5.37,,,10,,,0.19,0.17,,,57.5,64.8,16.8,13,3.47,64.8,16.8,13,3.47,130,25.9
HSS,HSS9.625X.625,HSS9.625X0.625,60.13,16.5,,,9.63,,,0.63,0.58,,,16.6,170,47.6,35.2,3.2,170,47.6,35.2,3.2,339,70
HSS,HSS9.625X.500,HSS9.625X0.500,48.77,13.4,,,9.63,,,0.5,0.47,,,20.7,141,39,29.2,3.24,141,39,29.2,3.24,281,58.5
HSS,HSS9.625X.375,HSS9.625X0.375,37.08,10.2,,,9.63,,,0.38,0.35,,,27.6,110,30,22.8,3.28,110,30,22.8,3.28,219,45.5
HSS,HSS9.625X.312,HSS9.625X0.312,31.06,8.53,,,9.63,,,0.31,0.29,,,33.1,93,25.4,19.3,3.3,93,25.4,19.3,3.3,186,38.7
HSS,HSS9.625X.250,HSS9.625X0.250,25.06,6.87,,,9.63,,,0.25,0.23,,,41.3,75.9,20.6,15.8,3.32,75.9,20.6,15.8,3.32,152,31.5
HSS,HSS9.625X.188,HSS9.625X0.188,18.97,5.17,,,9.63,,,0.19,0.17,,,55.3,57.7,15.5,12,3.34,57.7,15.5,12,3.34,115,24
HSS,HSS8.625X.625,HSS8.625X0.625,53.45,14.7,,,8.63,,,0.63,0.58,,,14.8,119,37.7,27.7,2.85,119,37.7,27.7,2.85,239,55.4
HSS,HSS8.625X.500,HSS8.625X0.500,43.43,11.9,,,8.63,,,0.5,0.47,,,18.5,100,31,23.1,2.89,100,31,23.1,2.89,199,46.2
HSS,HSS8.625X.375,HSS8.625X0.375,33.07,9.07,,,8.63,,,0.38,0.35,,,24.7,77.8,23.9,18,2.93,77.8,23.9,18,2.93,156,36.1
HSS,HSS8.625X.322,HSS8.625X0.322,28.58,7.85,,,8.63,,,0.32,0.3,,,28.8,68.1,20.8,15.8,2.95,68.1,20.8,15.8,2.95,136,31.6
HSS,HSS8.625X.250,HSS8.625X0.250,22.38,6.14,,,8.63,,,0.25,0.23,,,37,54.1,16.4,12.5,2.97,54.1,16.4,12.5,2.97,108,25.1
HSS,HSS8.625X.188,HSS8.625X0.188,16.96,4.62,,,8.63,,,0.19,0.17,,,49.6,41.3,12.4,9.57,2.99,41.3,12.4,9.57,2.99,82.5,19.1
HSS,HSS7.5X.500,HSS7.500X0.500,37.42,10.3,,,7.5,,,0.5,0.47,,,16.1,63.9,23,17,2.49,63.9,23,17,2.49,128,34.1
HSS,HSS7.5X.375,HSS7.500X0.375,28.56,7.84,,,7.5,,,0.38,0.35,,,21.5,50.2,17.9,13.4,2.53,50.2,17.9,13.4,2.53,100,26.8
HSS,HSS7.5X.312,HSS7.500X0.312,23.97,6.59,,,7.5,,,0.31,0.29,,,25.8,42.9,15.1,11.4,2.55,42.9,15.1,11.4,2.55,85.8,22.9
HSS,HSS7.5X.250,HSS7.500X0.250,19.38,5.32,,,7.5,,,0.25,0.23,,,32.2,35.2,12.3,9.37,2.57,35.2,12.3,9.37,2.57,70.3,18.7
HSS,HSS7.5X.188,HSS7.500X0.188,14.7,4,,,7.5,,,0.19,0.17,,,43.1,26.9,9.34,7.17,2.59,26.9,9.34,7.17,2.59,53.8,14.3
HSS,HSS7X.500,HSS7.000X0.500,34.74,9.55,,,7,,,0.5,0.47,,,15.1,51.2,19.9,14.6,2.32,51.2,19.9,14.6,2.32,102,29.3
HSS,HSS7X.375,HSS7.000X0.375,26.56,7.29,,,7,,,0.38,0.35,,,20.1,40.4,15.5,11.6,2.35,40.4,15.5,11.6,2.35,80.9,23.1
HSS,HSS7X.312,HSS7.000X0.312,22.31,6.13,,,7,,,0.31,0.29,,,24.1,34.6,13.1,9.88,2.37,34.6,13.1,9.88,2.37,69.1,19.8
HSS,HSS7X.250,HSS7.000X0.250,18.04,4.95,,,7,,,0.25,0.23,,,30,28.4,10.7,8.11,2.39,28.4,10.7,8.11,2.39,56.8,16.2
HSS,HSS7X.188,HSS7.000X0.188,13.69,3.73,,,7,,,0.19,0.17,,,40.2,21.7,8.11,6.21,2.41,21.7,8.11,6.21,2.41,43.5,12.4
HSS,HSS7X.125,HSS7.000X0.125,9.19,2.51,,,7,,,0.13,0.12,,,60.3,14.9,5.5,4.25,2.43,14.9,5.5,4.25,2.43,29.7,8.49
HSS,HSS6.875X.375,HSS6.875X0.375,26.06,7.16,,,6.88,,,0.38,0.35,,,19.7,38.2,14.9,11.1,2.31,38.2,14.9,11.1,2.31,76.4,22.2
HSS,HSS6.875X.312,HSS6.875X0.312,21.89,6.02,,,6.88,,,0.31,0.29,,,23.6,32.7,12.6,9.51,2.33,32.7,12.6,9.51,2.33,65.4,19
HSS,HSS6.875X.250,HSS6.875X0.250,17.71,4.86,,,6.88,,,0.25,0.23,,,29.5,26.8,10.3,7.81,2.35,26.8,10.3,7.81,2.35,53.7,15.6
HSS,HSS6.875X.188,HSS6.875X0.188,13.44,3.66,,,6.88,,,0.19,0.17,,,39.5,20.6,7.81,5.99,2.37,20.6,7.81,5.99,2.37,41.1,12
HSS,HSS6.625X.500,HSS6.625X0.500,32.74,9,,,6.63,,,0.5,0.47,,,14.2,42.9,17.7,13,2.18,42.9,17.7,13,2.18,85.9,25.9
HSS,HSS6.625X.432,HSS6.625X0.432,28.6,7.86,,,6.63,,,0.43,0.4,,,16.5,38.2,15.6,11.5,2.2,38.2,15.6,11.5,2.2,76.4,23.1
HSS,HSS6.625X.375,HSS6.625X0.375,25.06,6.88,,,6.63,,,0.38,0.35,,,19,34,13.8,10.3,2.22,34,13.8,10.3,2.22,68,20.5
HSS,HSS6.625X.312,HSS6.625X0.312,21.06,5.79,,,6.63,,,0.31,0.29,,,22.8,29.1,11.7,8.79,2.24,29.1,11.7,8.79,2.24,58.2,17.6
HSS,HSS6.625X.280,HSS6.625X0.280,18.99,5.2,,,6.63,,,0.28,0.26,,,25.5,26.4,10.5,7.96,2.25,26.4,10.5,7.96,2.25,52.7,15.9
HSS,HSS6.625X.250,HSS6.625X0.250,17.04,4.68,,,6.63,,,0.25,0.23,,,28.4,23.9,9.52,7.22,2.26,23.9,9.52,7.22,2.26,47.9,14.4
HSS,HSS6.625X.188,HSS6.625X0.188,12.94,3.53,,,6.63,,,0.19,0.17,,,38.1,18.4,7.24,5.54,2.28,18.4,7.24,5.54,2.28,36.7,11.1
HSS,HSS6.625X.125,HSS6.625X0.125,8.69,2.37,,,6.63,,,0.13,0.12,,,57.1,12.6,4.92,3.79,2.3,12.6,4.92,3.79,2.3,25.1,7.59
HSS,HSS6X.500,HSS6.000X0.500,29.4,8.09,,,6,,,0.5,0.47,,,12.9,31.2,14.3,10.4,1.96,31.2,14.3,10.4,1.96,62.4,20.8
HSS,HSS6X.375,HSS6.000X0.375,22.55,6.2,,,6,,,0.38,0.35,,,17.2,24.8,11.2,8.28,2,24.8,11.2,8.28,2,49.7,16.6
HSS,HSS6X.312,HSS6.000X0.312,18.97,5.22,,,6,,,0.31,0.29,,,20.6,21.3,9.49,7.11,2.02,21.3,9.49,7.11,2.02,42.6,14.2
HSS,HSS6X.280,HSS6.000X0.280,17.12,4.69,,,6,,,0.28,0.26,,,23.1,19.3,8.57,6.45,2.03,19.3,8.57,6.45,2.03,38.7,12.9
HSS,HSS6X.250,HSS6.000X0.250,15.37,4.22,,,6,,,0.25,0.23,,,25.8,17.6,7.75,5.86,2.04,17.6,7.75,5.86,2.04,35.2,11.7
HSS,HSS6X.188,HSS6.000X0.188,11.68,3.18,,,6,,,0.19,0.17,,,34.5,13.5,5.91,4.51,2.06,13.5,5.91,4.51,2.06,27,9.02
HSS,HSS6X.125,HSS6.000X0.125,7.85,2.14,,,6,,,0.13,0.12,,,51.7,9.28,4.02,3.09,2.08,9.28,4.02,3.09,2.08,18.6,6.19
HSS,HSS5.563X.500,HSS5.563X0.500,27.06,7.45,,,5.56,,,0.5,0.47,,,12,24.4,12.1,8.77,1.81,24.4,12.1,8.77,1.81,48.8,17.5
HSS,HSS5.563X.375,HSS5.563X0.375,20.8,5.72,,,5.56,,,0.38,0.35,,,15.9,19.5,9.5,7.02,1.85,19.5,9.5,7.02,1.85,39,14
HSS,HSS5.563X.258,HSS5.563X0.258,14.63,4.01,,,5.56,,,0.26,0.24,,,23.2,14.2,6.8,5.12,1.88,14.2,6.8,5.12,1.88,28.5,10.2
HSS,HSS5.563X.188,HSS5.563X0.188,10.8,2.95,,,5.56,,,0.19,0.17,,,32,10.7,5.05,3.85,1.91,10.7,5.05,3.85,1.91,21.4,7.7
HSS,HSS5.563X.134,HSS5.563X0.134,7.78,2.12,,,5.56,,,0.13,0.12,,,44.9,7.84,3.67,2.82,1.92,7.84,3.67,2.82,1.92,15.7,5.64
HSS,HSS5.5X.500,HSS5.500X0.500,26.73,7.36,,,5.5,,,0.5,0.47,,,11.8,23.5,11.8,8.55,1.79,23.5,11.8,8.55,1.79,47,17.1
HSS,HSS5.5X.375,HSS5.500X0.375,20.55,5.65,,,5.5,,,0.38,0.35,,,15.8,18.8,9.27,6.84,1.83,18.8,9.27,6.84,1.83,37.6,13.7
HSS,HSS5.5X.258,HSS5.500X0.258,14.46,3.97,,,5.5,,,0.26,0.24,,,22.9,13.7,6.64,5,1.86,13.7,6.64,5,1.86,27.5,10
HSS,HSS5X.500,HSS5.000X0.500,24.05,6.62,,,5,,,0.5,0.47,,,10.8,17.2,9.6,6.88,1.61,17.2,9.6,6.88,1.61,34.4,13.8
HSS,HSS5X.375,HSS5.000X0.375,18.54,5.1,,,5,,,0.38,0.35,,,14.3,13.9,7.56,5.55,1.65,13.9,7.56,5.55,1.65,27.7,11.1
HSS,HSS5X.312,HSS5.000X0.312,15.64,4.3,,,5,,,0.31,0.29,,,17.2,12,6.46,4.79,1.67,12,6.46,4.79,1.67,24,9.58
HSS,HSS5X.258,HSS5.000X0.258,13.08,3.59,,,5,,,0.26,0.24,,,20.8,10.2,5.44,4.08,1.69,10.2,5.44,4.08,1.69,20.4,8.15
HSS,HSS5X.250,HSS5.000X0.250,12.69,3.49,,,5,,,0.25,0.23,,,21.5,9.94,5.3,3.97,1.69,9.94,5.3,3.97,1.69,19.9,7.95
HSS,HSS5X.188,HSS5.000X0.188,9.67,2.64,,,5,,,0.19,0.17,,,28.7,7.69,4.05,3.08,1.71,7.69,4.05,3.08,1.71,15.4,6.15
HSS,HSS5X.125,HSS5.000X0.125,6.51,1.78,,,5,,,0.13,0.12,,,43.1,5.31,2.77,2.12,1.73,5.31,2.77,2.12,1.73,10.6,4.25
HSS,HSS4.5X.375,HSS4.500X0.375,16.54,4.55,,,4.5,,,0.38,0.35,,,12.9,9.87,6.03,4.39,1.47,9.87,6.03,4.39,1.47,19.7,8.78
HSS,HSS4.5X.337,HSS4.500X0.337,15,4.12,,,4.5,,,0.34,0.31,,,14.4,9.07,5.5,4.03,1.48,9.07,5.5,4.03,1.48,18.1,8.06
HSS,HSS4.5X.237,HSS4.500X0.237,10.8,2.96,,,4.5,,,0.24,0.22,,,20.5,6.79,4.03,3.02,1.52,6.79,4.03,3.02,1.52,13.6,6.04
HSS,HSS4.5X.188,HSS4.500X0.188,8.67,2.36,,,4.5,,,0.19,0.17,,,25.9,5.54,3.26,2.46,1.53,5.54,3.26,2.46,1.53,11.1,4.93
HSS,HSS4.5X.125,HSS4.500X0.125,5.85,1.6,,,4.5,,,0.13,0.12,,,38.8,3.84,2.23,1.71,1.55,3.84,2.23,1.71,1.55,7.68,3.41
HSS,HSS4X.313,HSS4.000X0.313,12.34,3.39,,,4,,,0.31,0.29,,,13.7,5.87,4.01,2.93,1.32,5.87,4.01,2.93,1.32,11.7,5.87
HSS,HSS4X.250,HSS4.000X0.250,10,2.76,,,4,,,0.25,0.23,,,17.2,4.91,3.31,2.45,1.33,4.91,3.31,2.45,1.33,9.82,4.91
HSS,HSS4X.237,HSS4.000X0.237,9.53,2.61,,,4,,,0.24,0.22,,,18.2,4.68,3.15,2.34,1.34,4.68,3.15,2.34,1.34,9.36,4.68
HSS,HSS4X.226,HSS4.000X0.226,9.12,2.5,,,4,,,0.23,0.21,,,19,4.5,3.02,2.25,1.34,4.5,3.02,2.25,1.34,9.01,4.5
HSS,HSS4X.220,HSS4.000X0.220,8.89,2.44,,,4,,,0.22,0.21,,,19.5,4.41,2.96,2.21,1.34,4.41,2.96,2.21,1.34,8.83,4.41
HSS,HSS4X.188,HSS4.000X0.188,7.66,2.09,,,4,,,0.19,0.17,,,23,3.83,2.55,1.92,1.35,3.83,2.55,1.92,1.35,7.67,3.83
HSS,HSS4X.125,HSS4.000X0.125,5.18,1.42,,,4,,,0.13,0.12,,,34.5,2.67,1.75,1.34,1.37,2.67,1.75,1.34,1.37,5.34,2.67
HSS,HSS3.5X.313,HSS3.500X0.313,10.66,2.93,,,3.5,,,0.31,0.29,,,12,3.81,3,2.18,1.14,3.81,3,2.18,1.14,7.61,4.35
HSS,HSS3.5X.300,HSS3.500X0.300,10.26,2.82,,,3.5,,,0.3,0.28,,,12.5,3.69,2.9,2.11,1.14,3.69,2.9,2.11,1.14,7.38,4.22
HSS,HSS3.5X.250,HSS3.500X0.250,8.69,2.39,,,3.5,,,0.25,0.23,,,15,3.21,2.49,1.83,1.16,3.21,2.49,1.83,1.16,6.41,3.66
HSS,HSS3.5X.216,HSS3.500X0.216,7.58,2.08,,,3.5,,,0.22,0.2,,,17.4,2.84,2.19,1.63,1.17,2.84,2.19,1.63,1.17,5.69,3.25
HSS,HSS3.5X.203,HSS3.500X0.203,7.15,1.97,,,3.5,,,0.2,0.19,,,18.5,2.7,2.07,1.54,1.17,2.7,2.07,1.54,1.17,5.41,3.09
HSS,HSS3.5X.188,HSS3.500X0.188,6.66,1.82,,,3.5,,,0.19,0.17,,,20.1,2.52,1.93,1.44,1.18,2.52,1.93,1.44,1.18,5.04,2.88
HSS,HSS3.5X.125,HSS3.500X0.125,4.51,1.23,,,3.5,,,0.13,0.12,,,30.2,1.77,1.33,1.01,1.2,1.77,1.33,1.01,1.2,3.53,2.02
HSS,HSS3X.250,HSS3.000X0.250,7.35,2.03,,,3,,,0.25,0.23,,,12.9,1.95,1.79,1.3,0.98,1.95,1.79,1.3,0.98,3.9,2.6
HSS,HSS3X.216,HSS3.000X0.216,6.43,1.77,,,3,,,0.22,0.2,,,14.9,1.74,1.58,1.16,0.99,1.74,1.58,1.16,0.99,3.48,2.32
HSS,HSS3X.203,HSS3.000X0.203,6.07,1.67,,,3,,,0.2,0.19,,,15.9,1.66,1.5,1.1,1,1.66,1.5,1.1,1,3.31,2.21
HSS,HSS3X.188,HSS3.000X0.188,5.65,1.54,,,3,,,0.19,0.17,,,17.2,1.55,1.39,1.03,1,1.55,1.39,1.03,1,3.1,2.06
HSS,HSS3X.152,HSS3.000X0.152,4.63,1.27,,,3,,,0.15,0.14,,,21.3,1.3,1.15,0.87,1.01,1.3,1.15,0.87,1.01,2.59,1.73
HSS,HSS3X.134,HSS3.000X0.134,4.11,1.12,,,3,,,0.13,0.12,,,24.2,1.16,1.03,0.77,1.02,1.16,1.03,0.77,1.02,2.32,1.55
HSS,HSS3X.125,HSS3.000X0.125,3.84,1.05,,,3,,,0.13,0.12,,,25.9,1.09,0.97,0.73,1.02,1.09,0.97,0.73,1.02,2.19,1.46
HSS,HSS2.875X.250,HSS2.875X0.250,7.02,1.93,,,2.88,,,0.25,0.23,,,12.3,1.7,1.63,1.18,0.94,1.7,1.63,1.18,0.94,3.4,2.37
HSS,HSS2.875X.203,HSS2.875X0.203,5.8,1.59,,,2.88,,,0.2,0.19,,,15.2,1.45,1.37,1.01,0.95,1.45,1.37,1.01,0.95,2.89,2.01
HSS,HSS2.875X.188,HSS2.875X0.188,5.4,1.48,,,2.88,,,0.19,0.17,,,16.5,1.35,1.27,0.94,0.96,1.35,1.27,0.94,0.96,2.7,1.88
HSS,HSS2.875X.125,HSS2.875X0.125,3.67,1.01,,,2.88,,,0.13,0.12,,,24.8,0.96,0.88,0.67,0.98,0.96,0.88,0.67,0.98,1.92,1.33
HSS,HSS2.5X.250,HSS2.500X0.250,6.01,1.66,,,2.5,,,0.25,0.23,,,10.7,1.08,1.2,0.86,0.81,1.08,1.2,0.86,0.81,2.15,1.72
HSS,HSS2.5X.188,HSS2.500X0.188,4.65,1.27,,,2.5,,,0.19,0.17,,,14.4,0.87,0.94,0.69,0.83,0.87,0.94,0.69,0.83,1.73,1.38
HSS,HSS2.5X.125,HSS2.500X0.125,3.17,0.87,,,2.5,,,0.13,0.12,,,21.6,0.62,0.66,0.5,0.84,0.62,0.66,0.5,0.84,1.24,0.99
HSS,HSS2.375X.250,HSS2.375X0.250,5.68,1.57,,,2.38,,,0.25,0.23,,,10.2,0.91,1.07,0.77,0.76,0.91,1.07,0.77,0.76,1.82,1.53
HSS,HSS2.375X.218,HSS2.375X0.218,5.03,1.39,,,2.38,,,0.22,0.2,,,11.7,0.82,0.96,0.69,0.77,0.82,0.96,0.69,0.77,1.65,1.39
HSS,HSS2.375X.188,HSS2.375X0.188,4.4,1.2,,,2.38,,,0.19,0.17,,,13.6,0.73,0.85,0.62,0.78,0.73,0.85,0.62,0.78,1.47,1.23
HSS,HSS2.375X.154,HSS2.375X0.154,3.66,1,,,2.38,,,0.15,0.14,,,16.6,0.63,0.71,0.53,0.79,0.63,0.71,0.53,0.79,1.25,1.06
HSS,HSS2.375X.125,HSS2.375X0.125,3.01,0.82,,,2.38,,,0.13,0.12,,,20.5,0.53,0.59,0.44,0.8,0.53,0.59,0.44,0.8,1.05,0.89
HSS,HSS1.9X.188,HSS1.900X0.188,3.44,0.94,,,1.9,,,0.19,0.17,,,10.9,0.36,0.52,0.37,0.61,0.36,0.52,0.37,0.61,0.71,0.75
HSS,HSS1.9X.145,HSS1.900X0.145,2.72,0.75,,,1.9,,,0.15,0.14,,,14.1,0.29,0.42,0.31,0.63,0.29,0.42,0.31,0.63,0.59,0.62
HSS,HSS1.9X.120,HSS1.900X0.120,2.28,0.62,,,1.9,,,0.12,0.11,,,17.1,0.25,0.36,0.26,0.63,0.25,0.36,0.26,0.63,0.5,0.53
HSS,HSS1.66X.140,HSS1.660X0.140,2.27,0.63,,,1.66,,,0.14,0.13,,,12.8,0.18,0.31,0.22,0.54,0.18,0.31,0.22,0.54,0.37,0.44
