type,EDI_Std_Nomenclature,AISC_Manual_Label,T_F,W,A,d,ddet,bf,bfdet,tw,twdet,twdet/2,tf,tfdet,kdes,kdet,k1,bf/2tf,h/tw,Ix,Zx,Sx,rx,Iy,Zy,Sy,ry,J,Cw,Wno,Sw1,Qf,Qw,rts,ho,PA,PB,PC,PD,T,WGi,WGo
W,W44X408,W44X408,T,408,120,44.8,44.75,16.1,16.13,1.22,1.25,0.63,2.17,2.19,2.96,3.38,1.81,3.71,31.9,38700,2000,1730,18,1520,297,189,3.56,134,691000,172,1500,344,994,4.33,42.6,134,150,106,122,38,5.5,3
W,W44X368,W44X368,F,368,108,44.4,44.38,16,16,1.1,1.13,0.56,1.97,2,2.76,3.19,1.75,4.06,35.4,34700,1800,1560,17.9,1350,265,169,3.54,100,608000,170,1340,311,894,4.28,42.4,133,149,105,121,38,5.5,3
W,W44X335,W44X335,F,335,98.5,44,44,15.9,16,1.03,1,0.5,1.77,1.75,2.56,3,1.75,4.5,38,31100,1620,1410,17.8,1200,236,150,3.49,74.7,535000,168,1180,278,805,4.24,42.2,132,148,104,120,38,5.5,3
W,W44X290,W44X290,F,290,85.4,43.6,43.63,15.8,15.88,0.87,0.88,0.44,1.58,1.56,2.36,2.81,1.63,5.02,45,27000,1410,1240,17.8,1040,205,132,3.49,50.9,461000,166,1040,248,701,4.2,42,131,147,103,119,38,5.5,3
W,W44X262,W44X262,F,262,77.2,43.3,43.25,15.8,15.75,0.79,0.81,0.44,1.42,1.44,2.2,2.63,1.63,5.57,49.6,24100,1270,1110,17.7,923,182,117,3.47,37.3,405000,165,928,223,630,4.17,41.9,131,147,102,118,38,5.5,3
W,W44X230,W44X230,F,230,67.8,42.9,42.88,15.8,15.75,0.71,0.69,0.38,1.22,1.25,2.01,2.44,1.56,6.45,54.8,20800,1100,971,17.5,796,157,101,3.43,24.9,346000,165,793,192,547,4.13,41.7,130,146,102,118,38,5.5,3
W,W40X655,W40X655,T,655,193,43.6,43.63,16.9,16.88,1.97,2,1,3.54,3.56,4.72,4.81,2.19,2.39,17.3,56500,3080,2590,17.1,2870,542,340,3.86,589,1150000,169,2530,529,1530,4.71,40.1,132,149,104,121,34,7.5,3
W,W40X593,W40X593,T,593,174,43,43,16.7,16.75,1.79,1.81,0.94,3.23,3.25,4.41,4.5,2.13,2.58,19.1,50400,2760,2340,17,2520,481,302,3.8,445,997000,166,2240,479,1370,4.63,39.8,130,147,103,120,34,7.5,3
W,W40X503,W40X503,T,503,148,42.1,42,16.4,16.38,1.54,1.56,0.81,2.76,2.75,3.94,4,2,2.98,22.3,41600,2320,1980,16.8,2040,394,249,3.72,277,789000,161,1830,403,1150,4.5,39.3,129,145,101,117,34,7.5,3
W,W40X431,W40X431,T,431,127,41.3,41.25,16.2,16.25,1.34,1.31,0.69,2.36,2.38,3.54,3.63,1.88,3.44,25.5,34800,1960,1690,16.6,1690,328,208,3.65,177,638000,158,1510,341,969,4.41,38.9,127,143,98.8,115,34,7.5,3
W,W40X397,W40X397,T,397,117,41,41,16.1,16.13,1.22,1.25,0.63,2.2,2.19,3.38,3.5,1.81,3.66,28,32000,1800,1560,16.6,1540,300,191,3.64,142,579000,156,1380,318,891,4.38,38.8,126,142,98.1,114,34,7.5,3
W,W40X372,W40X372,T,372,110,40.6,40.63,16.1,16.13,1.16,1.19,0.63,2.05,2.06,3.23,3.31,1.81,3.93,29.5,29600,1680,1460,16.5,1420,277,177,3.6,116,528000,155,1280,295,829,4.33,38.6,125,141,97.3,113,34,7.5,3
W,W40X362,W40X362,T,362,106,40.6,40.5,16,16,1.12,1.13,0.56,2.01,2,3.19,3.25,1.75,3.99,30.5,28900,1640,1420,16.5,1380,270,173,3.6,109,513000,154,1240,289,808,4.33,38.6,125,141,97.2,113,34,7.5,3
W,W40X324,W40X324,F,324,95.3,40.2,40.13,15.9,15.88,1,1,0.5,1.81,1.81,2.99,3.06,1.69,4.4,34.2,25600,1460,1280,16.4,1220,239,153,3.58,79.4,448000,153,1100,259,720,4.27,38.4,124,140,96.3,112,34,7.5,3
W,W40X297,W40X297,F,297,87.3,39.8,39.88,15.8,15.88,0.93,0.94,0.5,1.65,1.63,2.83,2.94,1.69,4.8,36.8,23200,1330,1170,16.3,1090,215,138,3.54,61.2,399000,151,982,234,652,4.22,38.2,123,139,95.4,111,34,7.5,3
W,W40X277,W40X277,F,277,81.5,39.7,39.75,15.8,15.88,0.83,0.81,0.44,1.58,1.56,2.76,2.88,1.63,5.03,41.2,21900,1250,1100,16.4,1040,204,132,3.58,51.5,379000,151,940,225,614,4.25,38.1,123,139,95.2,111,34,7.5,3
W,W40X249,W40X249,F,249,73.5,39.4,39.38,15.8,15.75,0.75,0.75,0.38,1.42,1.44,2.6,2.69,1.56,5.55,45.6,19600,1120,993,16.3,926,182,118,3.55,38.1,334000,150,841,203,551,4.21,38,122,138,94.6,110,34,7.5,3
W,W40X215,W40X215,F,215,63.5,39,39,15.8,15.75,0.65,0.63,0.31,1.22,1.25,2.4,2.5,1.56,6.45,52.6,16700,964,859,16.2,803,156,101,3.54,24.8,284000,149,719,175,473,4.19,37.8,122,138,93.8,110,34,7.5,3
W,W40X199,W40X199,F,199,58.8,38.7,38.63,15.8,15.75,0.65,0.63,0.31,1.07,1.06,2.25,2.31,1.56,7.39,52.6,14900,869,770,16,695,137,88.2,3.45,18.3,246000,149,628,153,427,4.12,37.6,121,137,93.2,109,34,7.5,3
W,W40X392,W40X392,T,392,116,41.6,41.63,12.4,12.38,1.42,1.44,0.75,2.52,2.5,3.7,3.81,1.94,2.45,24.1,29900,1710,1440,16.1,803,212,130,2.64,172,306000,121,946,270,848,3.3,39.1,116,128,95.6,108,34,7.5,
W,W40X331,W40X331,T,331,97.7,40.8,40.75,12.2,12.13,1.22,1.25,0.63,2.13,2.13,3.31,3.38,1.81,2.86,28,24700,1430,1210,15.9,644,172,106,2.57,105,241000,118,766,226,706,3.21,38.7,114,126,93.8,106,34,7.5,
W,W40X327,W40X327,T,327,95.9,40.8,40.75,12.1,12.13,1.18,1.19,0.63,2.13,2.13,3.31,3.38,1.81,2.85,29,24500,1410,1200,16,640,170,105,2.58,103,239000,117,754,225,695,3.21,38.7,114,126,93.7,106,34,7.5,
W,W40X294,W40X294,F,294,86.2,40.4,40.38,12,12,1.06,1.06,0.56,1.93,1.94,3.11,3.19,1.75,3.11,32.2,21900,1270,1080,15.9,562,150,93.5,2.55,76.6,208000,115,668,203,622,3.16,38.5,113,125,92.8,105,34,7.5,
W,W40X278,W40X278,F,278,82.3,40.2,40.13,12,12,1.03,1,0.5,1.81,1.81,2.99,3.06,1.75,3.31,33.3,20500,1190,1020,15.8,521,140,87.1,2.52,65,192000,115,622,190,587,3.13,38.4,112,124,92.4,104,34,7.5,
W,W40X264,W40X264,F,264,77.4,40,40,11.9,11.88,0.96,0.94,0.5,1.73,1.75,2.91,3,1.69,3.45,35.6,19400,1130,971,15.8,493,132,82.6,2.52,56.1,181000,114,589,182,555,3.12,38.3,112,124,91.9,104,34,7.5,
W,W40X235,W40X235,F,235,69.1,39.7,39.75,11.9,11.88,0.83,0.81,0.44,1.58,1.56,2.76,2.88,1.63,3.77,41.2,17400,1010,875,15.9,444,118,74.6,2.54,41.3,161000,113,530,166,495,3.11,38.1,111,123,91.3,103,34,7.5,
W,W40X211,W40X211,F,211,62.1,39.4,39.38,11.8,11.75,0.75,0.75,0.38,1.42,1.44,2.6,2.69,1.56,4.17,45.6,15500,906,786,15.8,390,105,66.1,2.51,30.4,141000,112,468,148,442,3.07,38,110,122,90.6,102,34,7.5,
W,W40X183,W40X183,F,183,53.3,39,39,11.8,11.75,0.65,0.63,0.31,1.2,1.19,2.38,2.5,1.56,4.92,52.6,13200,774,675,15.7,331,88.3,56,2.49,19.3,118000,112,395,126,376,3.04,37.8,110,122,89.8,102,34,7.5,
W,W40X167,W40X167,F,167,49.3,38.6,38.63,11.8,11.75,0.65,0.63,0.31,1.03,1,2.21,2.31,1.56,5.76,52.6,11600,693,600,15.3,283,76,47.9,2.4,14,99700,111,336,107,336,2.98,37.6,109,121,89,101,34,7.5,
W,W40X149,W40X149,F,149,43.8,38.2,38.25,11.8,11.75,0.63,0.63,0.31,0.83,0.81,2.01,2.13,1.5,7.11,54.3,9800,598,513,15,229,62.2,38.8,2.29,9.36,80000,110,270,86.7,288,2.89,37.4,108,120,88.2,100,34,7.5,
W,W36X925,W36X925,T,925,272,43.1,43.13,18.6,18.63,3.02,3,1.5,4.53,4.5,5.28,5.38,2.31,2.05,10.8,73000,4130,3390,16.4,4940,862,531,4.26,1430,1840000,179,3780,681,2060,5.3,38.6,134,153,105,124,32.38,7.5,3
W,W36X853,W36X853,T,853,251,43.1,43.13,18.2,18.25,2.52,2.5,1.25,4.53,4.5,5.28,5.38,2.06,2.01,12.9,70000,3920,3250,16.7,4600,805,505,4.28,1240,1710000,175,3620,685,1950,5.22,38.6,135,153,104,122,32.38,7.5,3
W,W36X802,W36X802,T,802,236,42.6,42.63,18,18,2.38,2.38,1.19,4.29,4.31,5.04,5.13,2,2.1,13.7,64800,3660,3040,16.6,4210,744,468,4.22,1050,1540000,172,3330,642,1820,5.15,38.3,133,151,103,121,32.38,7.5,3
W,W36X723,W36X723,T,723,213,41.8,41.75,17.8,17.75,2.17,2.19,1.13,3.9,3.88,4.65,4.69,1.88,2.28,15,57300,3270,2740,16.4,3700,658,416,4.17,785,1330000,169,2930,578,1630,5.06,37.9,131,149,101,119,32.38,7.5,3
W,W36X652,W36X652,T,652,192,41.1,41,17.6,17.63,1.97,2,1,3.54,3.56,4.49,4.81,2.19,2.48,16.3,50600,2910,2460,16.2,3230,581,367,4.1,593,1130000,165,2560,518,1450,4.96,37.6,129,147,99.8,117,31.38,7.5,3
W,W36X529,W36X529,T,529,156,39.8,39.75,17.2,17.25,1.61,1.63,0.81,2.91,2.94,3.86,4.19,2,2.96,19.9,39600,2330,1990,16,2490,454,289,4,327,846000,159,1990,419,1160,4.8,36.9,127,144,96.8,114,31.38,7.5,3
W,W36X487,W36X487,T,487,143,39.3,39.38,17.1,17.13,1.5,1.5,0.75,2.68,2.69,3.63,4,1.88,3.19,21.4,36000,2130,1830,15.8,2250,412,263,3.96,258,754000,157,1800,383,1060,4.74,36.6,125,142,95.7,113,31.38,7.5,3
W,W36X441,W36X441,T,441,130,38.9,38.88,17,17,1.36,1.38,0.69,2.44,2.44,3.39,3.75,1.88,3.48,23.6,32100,1910,1650,15.7,1990,368,235,3.92,194,661000,154,1600,347,950,4.69,36.5,124,141,94.8,112,31.38,7.5,3
W,W36X395,W36X395,T,395,116,38.4,38.38,16.8,16.88,1.22,1.25,0.63,2.2,2.19,3.15,3.44,1.81,3.83,26.3,28500,1710,1490,15.7,1750,325,208,3.88,142,575000,152,1410,311,847,4.61,36.2,123,140,93.6,110,31.38,7.5,3
W,W36X361,W36X361,T,361,106,38,38,16.7,16.75,1.12,1.13,0.56,2.01,2,2.96,3.31,1.75,4.16,28.6,25700,1550,1350,15.6,1570,293,188,3.85,109,509000,150,1270,282,767,4.58,36,122,139,92.7,109,31.38,7.5,3
W,W36X330,W36X330,F,330,96.9,37.7,37.63,16.6,16.63,1.02,1,0.5,1.85,1.88,2.8,3.13,1.75,4.49,31.4,23300,1410,1240,15.5,1420,265,171,3.83,84.3,456000,149,1150,259,698,4.53,35.9,121,138,92,109,31.38,7.5,3
W,W36X302,W36X302,F,302,89,37.3,37.38,16.7,16.63,0.95,0.94,0.5,1.68,1.69,2.63,3,1.69,4.96,33.9,21100,1280,1130,15.4,1300,241,156,3.82,64.3,412000,148,1040,235,635,4.53,35.6,121,138,91.3,108,31.38,7.5,3
W,W36X282,W36X282,F,282,82.9,37.1,37.13,16.6,16.63,0.89,0.88,0.44,1.57,1.56,2.52,2.88,1.63,5.29,36.2,19600,1190,1050,15.4,1200,223,144,3.8,52.7,378000,147,960,219,591,4.5,35.5,120,137,90.8,107,31.38,7.5,3
W,W36X262,W36X262,F,262,77.2,36.9,36.88,16.6,16.5,0.84,0.81,0.44,1.44,1.44,2.39,2.75,1.63,5.75,38.2,17900,1100,972,15.3,1090,204,132,3.76,41.6,342000,147,873,200,543,4.46,35.5,120,137,90.4,107,31.38,7.5,3
W,W36X247,W36X247,F,247,72.5,36.7,36.63,16.5,16.5,0.8,0.81,0.44,1.35,1.38,2.3,2.63,1.63,6.11,40.1,16700,1030,913,15.2,1010,190,123,3.74,34.7,316000,146,812,187,509,4.42,35.4,120,136,89.9,106,31.38,7.5,3
W,W36X231,W36X231,F,231,68.2,36.5,36.5,16.5,16.5,0.76,0.75,0.38,1.26,1.25,2.21,2.56,1.56,6.54,42.2,15600,963,854,15.1,940,176,114,3.71,28.7,292000,145,756,175,476,4.4,35.2,120,136,89.5,106,31.38,7.5,3
W,W36X387,W36X387,T,387,114,39.1,39.13,12.7,12.75,1.42,1.44,0.75,2.56,2.56,3.31,3.81,1.94,2.48,22.9,26500,1610,1360,15.2,882,224,139,2.78,172,294000,116,943,264,799,3.44,36.5,112,125,90.9,104,31.5,5.5,
W,W36X350,W36X350,T,350,103,38.6,38.63,12.6,12.63,1.3,1.31,0.69,2.32,2.31,3.07,3.56,1.88,2.72,25,23600,1440,1220,15.1,780,199,124,2.75,129,257000,114,835,238,718,3.41,36.3,111,124,89.8,102,31.5,5.5,
W,W36X318,W36X318,T,318,93.4,38.2,38.25,12.4,12.38,1.18,1.19,0.63,2.13,2.13,2.88,3.38,1.81,2.91,27.5,21200,1300,1110,15.1,682,176,110,2.7,98.3,222000,112,738,216,646,3.33,36.1,110,122,88.8,101,31.5,5.5,
W,W36X286,W36X286,F,286,83.9,37.8,37.75,12.3,12.25,1.06,1.06,0.56,1.93,1.94,2.68,3.13,1.75,3.19,30.6,18900,1160,1000,15,602,156,97.9,2.68,72.8,194000,110,655,195,578,3.29,35.9,109,121,87.9,100,31.5,5.5,
W,W36X256,W36X256,F,256,75.3,37.4,37.38,12.2,12.25,0.96,0.94,0.5,1.73,1.75,2.48,2.94,1.69,3.53,33.8,16800,1040,895,14.9,528,137,86.5,2.65,52.9,168000,109,576,174,516,3.24,35.7,108,120,87,99.2,31.5,5.5,
W,W36X232,W36X232,F,232,68,37.1,37.13,12.1,12.13,0.87,0.88,0.44,1.57,1.56,2.32,2.81,1.63,3.86,37.3,15000,936,809,14.8,468,122,77.2,2.62,39.6,148000,108,512,157,464,3.21,35.5,108,120,86.3,98.4,31.5,5.5,
W,W36X210,W36X210,F,210,61.9,36.7,36.75,12.2,12.13,0.83,0.81,0.44,1.36,1.38,2.11,2.63,1.63,4.48,39.1,13200,833,719,14.6,411,107,67.5,2.58,28,128000,108,446,136,412,3.18,35.3,107,119,85.6,97.8,31.5,5.5,
W,W36X194,W36X194,F,194,57,36.5,36.5,12.1,12.13,0.77,0.75,0.38,1.26,1.25,2.01,2.5,1.56,4.81,42.4,12100,767,664,14.6,375,97.7,61.9,2.56,22.2,116000,107,407,126,379,3.15,35.2,107,119,85.1,97.2,31.5,5.5,
W,W36X182,W36X182,F,182,53.6,36.3,36.38,12.1,12.13,0.73,0.75,0.38,1.18,1.19,1.93,2.38,1.56,5.12,44.8,11300,718,623,14.5,347,90.7,57.6,2.55,18.5,107000,106,378,118,355,3.13,35.1,106,118,84.7,96.8,31.5,5.5,
W,W36X170,W36X170,F,170,50,36.2,36.13,12,12,0.68,0.69,0.38,1.1,1.13,1.85,2.38,1.56,5.47,47.7,10500,668,581,14.5,320,83.8,53.2,2.53,15.1,98500,105,349,109,330,3.11,35.1,106,118,84.4,96.4,31.5,5.5,
W,W36X160,W36X160,F,160,47,36,36,12,12,0.65,0.63,0.31,1.02,1,1.77,2.25,1.56,5.88,49.9,9760,624,542,14.4,295,77.3,49.1,2.5,12.4,90200,105,321,101,308,3.09,35,105,117,84,96,31.5,5.5,
W,W36X150,W36X150,F,150,44.3,35.9,35.88,12,12,0.63,0.63,0.31,0.94,0.94,1.69,2.19,1.5,6.37,51.9,9040,581,504,14.3,270,70.9,45.1,2.47,10.1,82200,105,294,93.1,287,3.06,35,105,117,83.8,95.8,31.5,5.5,
W,W36X135,W36X135,F,135,39.9,35.6,35.5,12,12,0.6,0.63,0.31,0.79,0.81,1.54,2.06,1.5,7.56,54.1,7800,509,439,14,225,59.7,37.7,2.38,7,68100,104,245,77.9,251,2.99,34.8,105,117,83.2,95.2,31.5,5.5,
W,W33X387,W33X387,T,387,114,36,36,16.2,16.25,1.26,1.25,0.63,2.28,2.25,3.07,3.56,1.81,3.55,23.7,24300,1560,1350,14.6,1620,312,200,3.77,148,459000,137,1260,287,778,4.49,33.7,117,133,88.2,104,28.88,5.5,3
W,W33X354,W33X354,T,354,104,35.6,35.5,16.1,16.13,1.16,1.19,0.63,2.09,2.06,2.88,3.38,1.81,3.85,25.7,22000,1420,1240,14.5,1460,282,181,3.74,115,408000,135,1130,262,707,4.44,33.5,116,132,87.3,103,28.88,5.5,3
W,W33X318,W33X318,F,318,93.7,35.2,35.13,16,16,1.04,1.06,0.56,1.89,1.88,2.68,3.19,1.75,4.23,28.7,19500,1270,1110,14.5,1290,250,161,3.71,84.4,357000,133,1010,235,632,4.4,33.3,115,131,86.4,102,28.88,5.5,3
W,W33X291,W33X291,F,291,85.6,34.8,34.88,15.9,15.88,0.96,0.94,0.5,1.73,1.75,2.52,2.94,1.69,4.6,31,17700,1160,1020,14.4,1160,226,146,3.68,65.1,319000,131,904,214,573,4.34,33.1,114,130,85.5,101,28.88,5.5,3
W,W33X263,W33X263,F,263,77.4,34.5,34.5,15.8,15.75,0.87,0.88,0.44,1.57,1.56,2.36,2.81,1.63,5.03,34.3,15900,1040,919,14.3,1040,202,131,3.66,48.7,281000,130,807,193,515,4.31,32.9,113,129,84.8,101,28.88,5.5,3
W,W33X241,W33X241,F,241,71.1,34.2,34.13,15.9,15.88,0.83,0.81,0.44,1.4,1.38,2.19,2.69,1.63,5.66,35.9,14200,940,831,14.1,933,182,118,3.62,36.2,251000,130,726,173,467,4.29,32.8,113,129,84.3,100,28.88,5.5,3
W,W33X221,W33X221,F,221,65.3,33.9,33.88,15.8,15.75,0.78,0.75,0.38,1.28,1.25,2.06,2.5,1.63,6.2,38.5,12900,857,759,14.1,840,164,106,3.59,27.8,224000,129,647,156,423,4.25,32.6,112,128,83.6,99.4,28.88,5.5,3
W,W33X201,W33X201,F,201,59.1,33.7,33.63,15.7,15.75,0.72,0.69,0.38,1.15,1.13,1.94,2.44,1.56,6.85,41.7,11600,773,686,14,749,147,95.2,3.56,20.8,198000,128,577,140,382,4.21,32.6,111,127,83.1,98.8,28.88,5.5,3
W,W33X169,W33X169,F,169,49.5,33.8,33.88,11.5,11.5,0.67,0.69,0.38,1.22,1.25,1.92,2.44,1.56,4.71,44.7,9290,629,549,13.7,310,84.4,53.9,2.5,17.7,82400,93.7,329,108,311,3.03,32.6,99.5,111,79.1,90.6,28.88,5.5,
W,W33X152,W33X152,F,152,44.9,33.5,33.5,11.6,11.63,0.64,0.63,0.31,1.06,1.06,1.76,2.31,1.5,5.48,47.2,8160,559,487,13.5,273,73.9,47.2,2.47,12.4,71700,94.1,289,94.3,278,3.01,32.4,99.4,111,78.6,90.2,28.88,5.5,
W,W33X141,W33X141,F,141,41.5,33.3,33.25,11.5,11.5,0.61,0.63,0.31,0.96,0.94,1.66,2.19,1.5,6.01,49.6,7450,514,448,13.4,246,66.9,42.7,2.43,9.7,64400,93,257,84.6,253,2.98,32.3,98.5,110,78.1,89.6,28.88,5.5,
W,W33X130,W33X130,F,130,38.3,33.1,33.13,11.5,11.5,0.58,0.56,0.31,0.86,0.88,1.56,2.13,1.5,6.73,51.7,6710,467,406,13.2,218,59.5,37.9,2.39,7.37,56600,92.7,228,75.3,230,2.94,32.2,98.5,110,77.7,89.2,28.88,5.5,
W,W33X118,W33X118,F,118,34.7,32.9,32.88,11.5,11.5,0.55,0.56,0.31,0.74,0.75,1.44,2,1.5,7.76,54.5,5900,415,359,13,187,51.3,32.6,2.32,5.3,48300,92.5,197,65.1,205,2.89,32.2,97.5,109,77.3,88.8,28.88,5.5,
W,W30X391,W30X391,T,391,115,33.2,33.25,15.6,15.63,1.36,1.38,0.69,2.44,2.44,3.23,3.75,1.88,3.19,19.7,20700,1450,1250,13.4,1550,310,198,3.67,173,366000,120,1140,267,722,4.37,30.8,109,125,82,97.6,25.75,5.5,3
W,W30X357,W30X357,T,357,105,32.8,32.75,15.5,15.5,1.24,1.25,0.63,2.24,2.25,3.03,3.5,1.81,3.45,21.6,18700,1320,1140,13.3,1390,279,179,3.64,134,324000,118,1030,244,655,4.31,30.6,108,124,81.1,96.6,25.75,5.5,3
W,W30X326,W30X326,T,326,95.9,32.4,32.38,15.4,15.38,1.14,1.13,0.56,2.05,2.06,2.84,3.31,1.75,3.75,23.4,16800,1190,1040,13.2,1240,252,162,3.6,103,287000,117,922,222,593,4.26,30.4,108,123,80.2,95.6,25.75,5.5,3
W,W30X292,W30X292,F,292,86,32,32,15.3,15.25,1.02,1,0.5,1.85,1.88,2.64,3.13,1.75,4.12,26.2,14900,1060,930,13.2,1100,223,144,3.58,75.2,250000,115,816,199,529,4.22,30.2,107,122,79.3,94.6,25.75,5.5,3
W,W30X261,W30X261,F,261,77,31.6,31.63,15.2,15.13,0.93,0.94,0.5,1.65,1.63,2.44,2.94,1.69,4.59,28.7,13100,943,829,13.1,959,196,127,3.53,54.1,215000,114,714,176,469,4.16,30,106,121,78.4,93.6,25.75,5.5,3
W,W30X235,W30X235,F,235,69.3,31.3,31.25,15.1,15,0.83,0.81,0.44,1.5,1.5,2.29,2.75,1.63,5.02,32.2,11700,847,748,13,855,175,114,3.51,40.3,190000,112,637,159,421,4.13,29.8,105,120,77.7,92.8,25.75,5.5,3
W,W30X211,W30X211,F,211,62.3,30.9,31,15.1,15.13,0.78,0.75,0.38,1.32,1.31,2.1,2.56,1.63,5.74,34.5,10300,751,665,12.9,757,155,100,3.49,28.4,166000,112,556,140,372,4.11,29.6,104,119,76.9,92,25.75,5.5,3
W,W30X191,W30X191,F,191,56.1,30.7,30.63,15,15,0.71,0.69,0.38,1.19,1.19,1.97,2.5,1.56,6.35,37.7,9200,675,600,12.8,673,138,89.5,3.46,21,146000,111,494,125,335,4.06,29.5,104,119,76.4,91.4,25.75,5.5,3
W,W30X173,W30X173,F,173,50.9,30.4,30.5,15,15,0.66,0.63,0.31,1.07,1.06,1.85,2.31,1.56,7.04,40.8,8230,607,541,12.7,598,123,79.8,3.42,15.6,129000,110,441,113,301,4.03,29.3,103,118,75.8,90.8,25.75,5.5,3
W,W30X148,W30X148,F,148,43.6,30.7,30.63,10.5,10.5,0.65,0.63,0.31,1.18,1.19,1.83,2.5,1.56,4.44,41.6,6680,500,436,12.4,227,68,43.3,2.28,14.5,49400,77.5,240,85.8,248,2.77,29.5,90.5,101,71.9,82.4,25.75,5.5,
W,W30X132,W30X132,F,132,38.8,30.3,30.25,10.5,10.5,0.62,0.63,0.31,1,1,1.65,2.25,1.5,5.27,43.9,5770,437,380,12.2,196,58.4,37.2,2.25,9.72,42100,76.9,202,72.4,215,2.75,29.3,89.5,100,71.1,81.6,25.75,5.5,
W,W30X124,W30X124,F,124,36.5,30.2,30.13,10.5,10.5,0.59,0.56,0.31,0.93,0.94,1.58,2.25,1.5,5.65,46.2,5360,408,355,12.1,181,54,34.4,2.23,7.99,38600,76.8,188,67.5,202,2.73,29.3,89.5,100,70.9,81.4,25.75,5.5,
W,W30X116,W30X116,F,116,34.2,30,30,10.5,10.5,0.57,0.56,0.31,0.85,0.88,1.5,2.13,1.5,6.17,47.8,4930,378,329,12,164,49.2,31.3,2.19,6.43,34900,76.5,171,61.5,187,2.7,29.2,89.3,99.8,70.5,81,25.75,5.5,
W,W30X108,W30X108,F,108,31.7,29.8,29.88,10.5,10.5,0.55,0.56,0.31,0.76,0.75,1.41,2,1.5,6.89,49.6,4470,346,299,11.9,146,43.9,27.9,2.15,4.99,30900,76.2,152,54.9,170,2.67,29,88.9,99.4,70.1,80.6,25.75,5.5,
W,W30X99,W30X99,F,99,29,29.7,29.63,10.5,10.5,0.52,0.5,0.25,0.67,0.69,1.32,2,1.5,7.8,51.9,3990,312,269,11.7,128,38.6,24.5,2.1,3.77,26800,76.2,134,48.5,154,2.62,29,88.7,99.2,69.9,80.4,25.75,5.5,
W,W30X90,W30X90,F,90,26.3,29.5,29.5,10.4,10.38,0.47,0.5,0.25,0.61,0.63,1.26,1.88,1.44,8.52,57.5,3610,283,245,11.7,115,34.7,22.1,2.09,2.84,24000,75.1,119,43.7,139,2.6,28.9,88.1,98.5,69.4,79.8,25.75,5.5,
W,W27X539,W27X539,T,539,159,32.5,32.5,15.3,15.25,1.97,2,1,3.54,3.56,4.33,4.44,1.81,2.15,12.1,25600,1890,1570,12.7,2110,437,277,3.65,496,443000,111,1500,342,943,4.41,29,106,121,80.3,95.6,23,5.5,
W,W27X368,W27X368,T,368,109,30.4,30.38,14.7,14.63,1.38,1.38,0.69,2.48,2.5,3.27,3.69,1.88,2.96,17.3,16200,1240,1060,12.2,1310,279,179,3.48,170,255000,103,935,231,621,4.15,27.9,100,115,75.5,90.2,23,5.5,
W,W27X336,W27X336,T,336,99.2,30,30,14.6,14.5,1.26,1.25,0.63,2.28,2.25,3.07,3.5,1.81,3.19,18.9,14600,1130,972,12.1,1180,252,162,3.45,131,226000,101,842,211,563,4.1,27.7,100,115,74.6,89.2,23,5.5,
W,W27X307,W27X307,T,307,90.2,29.6,29.63,14.4,14.5,1.16,1.19,0.63,2.09,2.06,2.88,3.31,1.81,3.46,20.6,13100,1030,887,12,1050,227,146,3.41,101,199000,99,745,190,508,4.04,27.5,98.6,113,73.6,88,23,5.5,
W,W27X281,W27X281,F,281,83.1,29.3,29.25,14.4,14.38,1.06,1.06,0.56,1.93,1.94,2.72,3.13,1.75,3.72,22.5,11900,936,814,12,953,206,133,3.39,79.5,178000,98.5,685,176,466,4,27.4,98.6,113,73,87.4,23,5.5,
W,W27X258,W27X258,F,258,76.1,29,29,14.3,14.25,0.98,1,0.5,1.77,1.75,2.56,3,1.69,4.03,24.4,10800,852,745,11.9,859,187,120,3.36,61.6,159000,97.3,616,160,424,3.96,27.2,97.7,112,72.3,86.6,23,5.5,
W,W27X235,W27X235,F,235,69.4,28.7,28.63,14.2,14.25,0.91,0.94,0.5,1.61,1.63,2.4,2.88,1.69,4.41,26.2,9700,772,677,11.8,769,168,108,3.33,47,141000,96.2,550,145,384,3.92,27.1,96.8,111,71.6,85.8,23,5.5,
W,W27X217,W27X217,F,217,63.9,28.4,28.38,14.1,14.13,0.83,0.81,0.44,1.5,1.5,2.29,2.69,1.63,4.71,28.7,8910,711,627,11.8,704,154,100,3.32,37.6,128000,94.8,501,134,351,3.89,26.9,95.9,110,70.9,85,23,5.5,
W,W27X194,W27X194,F,194,57.1,28.1,28.13,14,14,0.75,0.75,0.38,1.34,1.31,2.13,2.56,1.56,5.24,31.8,7860,631,559,11.7,619,136,88.1,3.29,27.1,111000,93.7,439,119,312,3.85,26.8,95,109,70.2,84.2,23,5.5,
W,W27X178,W27X178,F,178,52.5,27.8,27.75,14.1,14.13,0.73,0.75,0.38,1.19,1.19,1.98,2.38,1.56,5.92,32.9,7020,570,505,11.6,555,122,78.8,3.25,20.1,98400,93.8,393,106,282,3.83,26.6,94.9,109,69.7,83.8,23,5.5,
W,W27X161,W27X161,F,161,47.6,27.6,27.63,14,14,0.66,0.69,0.38,1.08,1.06,1.87,2.31,1.56,6.49,36.1,6310,515,458,11.5,497,109,70.9,3.23,15.1,87300,92.8,351,95.5,254,3.79,26.5,95,109,69.2,83.2,23,5.5,
W,W27X146,W27X146,F,146,43.2,27.4,27.38,14,14,0.61,0.63,0.31,0.98,1,1.76,2.19,1.5,7.16,39.4,5660,464,414,11.5,443,97.7,63.5,3.2,11.3,77200,92.5,316,86.3,229,3.76,26.4,94,108,68.8,82.8,23,5.5,
W,W27X129,W27X129,F,129,37.8,27.6,27.63,10,10,0.61,0.63,0.31,1.1,1.13,1.7,2.31,1.5,4.55,39.7,4760,395,345,11.2,184,57.6,36.8,2.21,11.1,32500,66.3,182,68.4,195,2.66,26.5,83,93,65.2,75.2,23,5.5,
W,W27X114,W27X114,F,114,33.6,27.3,27.25,10.1,10.13,0.57,0.56,0.31,0.93,0.94,1.53,2.13,1.5,5.41,42.5,4080,343,299,11,159,49.3,31.5,2.18,7.33,27600,66.6,156,58.4,170,2.65,26.4,82.7,92.8,64.7,74.8,23,5.5,
W,W27X102,W27X102,F,102,30,27.1,27.13,10,10,0.52,0.5,0.25,0.83,0.81,1.43,2.06,1.44,6.03,47.1,3620,305,267,11,139,43.4,27.8,2.15,5.28,24000,65.7,136,51.7,151,2.62,26.3,82.1,92.1,64.2,74.2,23,5.5,
W,W27X94,W27X94,F,94,27.6,26.9,26.88,10,10,0.49,0.5,0.25,0.75,0.75,1.34,1.94,1.44,6.7,49.5,3270,278,243,10.9,124,38.8,24.8,2.12,4.03,21300,65.4,122,46.3,137,2.59,26.2,81.8,91.8,63.8,73.8,23,5.5,
W,W27X84,W27X84,F,84,24.7,26.7,26.75,10,10,0.46,0.44,0.25,0.64,0.63,1.24,1.88,1.44,7.78,52.7,2850,244,213,10.7,106,33.2,21.2,2.07,2.81,17900,65.2,104,39.8,121,2.54,26.1,81.5,91.5,63.4,73.4,23,5.5,
W,W24X370,W24X370,T,370,109,28,28,13.7,13.63,1.52,1.5,0.75,2.72,2.75,3.22,4,2,2.51,14.2,13400,1130,957,11.1,1160,267,170,3.27,201,186000,86.6,807,209,568,3.92,25.3,93.3,107,69.7,83.4,20,5.5,
W,W24X335,W24X335,T,335,98.3,27.5,27.5,13.5,13.5,1.38,1.38,0.69,2.48,2.5,2.98,3.75,1.88,2.73,15.6,11900,1020,864,11,1030,238,152,3.23,152,161000,84.4,707,188,506,3.86,25,91.5,105,68.5,82,20,5.5,
W,W24X306,W24X306,T,306,89.7,27.1,27.13,13.4,13.38,1.26,1.25,0.63,2.28,2.25,2.78,3.56,1.81,2.94,17.1,10700,922,789,10.9,919,214,137,3.2,117,142000,83.1,635,172,459,3.81,24.8,90.6,104,67.6,81,20,5.5,
W,W24X279,W24X279,T,279,81.9,26.7,26.75,13.3,13.25,1.16,1.19,0.63,2.09,2.06,2.59,3.38,1.81,3.18,18.6,9600,835,718,10.8,823,193,124,3.17,90.5,125000,81.8,569,156,416,3.76,24.6,89.7,103,66.7,80,20,5.5,
W,W24X250,W24X250,F,250,73.5,26.3,26.38,13.2,13.13,1.04,1.06,0.56,1.89,1.88,2.39,3.13,1.75,3.49,20.7,8490,744,644,10.7,724,171,110,3.14,66.6,108000,80.6,502,140,370,3.71,24.4,88.8,102,65.8,79,20,5.5,
W,W24X229,W24X229,F,229,67.2,26,26,13.1,13.13,0.96,0.94,0.5,1.73,1.75,2.23,3,1.69,3.79,22.5,7650,675,588,10.7,651,154,99.4,3.11,51.3,96100,79.5,450,127,336,3.67,24.3,88.9,102,65.1,78.2,20,5.5,
W,W24X207,W24X207,F,207,60.7,25.7,25.75,13,13,0.87,0.88,0.44,1.57,1.56,2.07,2.88,1.63,4.14,24.8,6820,606,531,10.6,578,137,88.8,3.08,38.3,84100,78.4,400,115,302,3.62,24.1,88,101,64.4,77.4,20,5.5,
W,W24X192,W24X192,F,192,56.5,25.5,25.5,13,13,0.81,0.81,0.44,1.46,1.44,1.96,2.75,1.63,4.43,26.6,6260,559,491,10.5,530,126,81.8,3.07,30.8,76300,78.1,371,107,280,3.6,24,88,101,64,77,20,5.5,
W,W24X176,W24X176,F,176,51.7,25.2,25.25,12.9,12.88,0.75,0.75,0.38,1.34,1.31,1.84,2.63,1.56,4.81,28.7,5680,511,450,10.5,479,115,74.3,3.04,23.9,68400,76.9,333,97.1,254,3.57,23.9,86.7,99.6,63.3,76.2,20,5.5,
W,W24X162,W24X162,F,162,47.8,25,25,13,13,0.71,0.69,0.38,1.22,1.25,1.72,2.5,1.56,5.31,30.6,5170,468,414,10.4,443,105,68.4,3.05,18.5,62600,77.3,306,89.2,233,3.57,23.8,86.7,99.7,63,76,20,5.5,
W,W24X146,W24X146,F,146,43,24.7,24.75,12.9,12.88,0.65,0.63,0.31,1.09,1.06,1.59,2.38,1.56,5.92,33.2,4580,418,371,10.3,391,93.2,60.5,3.01,13.4,54600,76.1,268,78.8,207,3.53,23.6,85.9,98.8,62.3,75.2,20,5.5,
W,W24X131,W24X131,F,131,38.6,24.5,24.5,12.9,12.88,0.61,0.63,0.31,0.96,0.94,1.46,2.25,1.5,6.7,35.6,4020,370,329,10.2,340,81.5,53,2.97,9.5,47100,75.9,235,69.5,184,3.49,23.5,85.6,98.5,61.9,74.8,20,5.5,
W,W24X117,W24X117,F,117,34.4,24.3,24.25,12.8,12.75,0.55,0.56,0.31,0.85,0.88,1.35,2.13,1.5,7.53,39.2,3540,327,291,10.1,297,71.4,46.5,2.94,6.72,40800,75,204,61,163,3.46,23.5,85,97.8,61.4,74.2,20,5.5,
W,W24X104,W24X104,F,104,30.7,24.1,24,12.8,12.75,0.5,0.5,0.25,0.75,0.75,1.25,2.06,1.44,8.5,43.1,3100,289,258,10.1,259,62.4,40.7,2.91,4.72,35200,74.7,179,53.9,144,3.42,23.4,84.7,97.5,61,73.8,20,5.5,
W,W24X103,W24X103,F,103,30.3,24.5,24.5,9,9,0.55,0.56,0.31,0.98,1,1.48,2.25,1.5,4.59,39.2,3000,280,245,10,119,41.5,26.5,1.99,7.07,16600,52.9,117,48.7,139,2.4,23.5,74,83,58,67,20,5.5,
W,W24X94,W24X94,F,94,27.7,24.3,24.25,9.07,9.13,0.52,0.5,0.25,0.88,0.88,1.38,2.13,1.44,5.18,41.9,2700,254,222,9.87,109,37.5,24,1.98,5.26,15000,53.1,105,43.8,126,2.4,23.4,73.9,83,57.7,66.7,20,5.5,
W,W24X84,W24X84,F,84,24.7,24.1,24.13,9.02,9,0.47,0.5,0.25,0.77,0.75,1.27,2.06,1.44,5.86,45.9,2370,224,196,9.79,94.4,32.6,20.9,1.95,3.7,12800,52.6,91.3,38.4,111,2.37,23.3,73.5,82.5,57.2,66.2,20,5.5,
W,W24X76,W24X76,F,76,22.4,23.9,23.88,8.99,9,0.44,0.44,0.25,0.68,0.69,1.18,1.94,1.44,6.61,49,2100,200,176,9.69,82.5,28.6,18.4,1.92,2.68,11100,52.2,79.8,33.8,98.9,2.33,23.2,73,82,56.8,65.8,20,5.5,
W,W24X68,W24X68,F,68,20.1,23.7,23.75,8.97,9,0.42,0.44,0.25,0.59,0.56,1.09,1.88,1.44,7.66,52,1830,177,154,9.55,70.4,24.5,15.7,1.87,1.87,9430,51.8,68,28.9,87,2.3,23.1,72.6,81.6,56.4,65.3,20,5.5,
W,W24X62,W24X62,F,62,18.2,23.7,23.75,7.04,7,0.43,0.44,0.25,0.59,0.56,1.09,1.5,1.06,5.97,50.1,1550,153,131,9.23,34.5,15.7,9.8,1.38,1.71,4620,40.7,42.2,22.5,75.3,1.75,23.1,66.8,73.8,54.4,61.5,20.75,3.5,
W,W24X55,W24X55,F,55,16.2,23.6,23.63,7.01,7,0.4,0.38,0.19,0.51,0.5,1.01,1.44,1,6.94,54.6,1350,134,114,9.11,29.1,13.3,8.3,1.34,1.18,3870,40.5,35.8,19.3,66.1,1.72,23.1,66.6,73.6,54.2,61.2,20.75,3.5,
W,W21X275,W21X275,T,275,81.8,24.1,24.13,12.9,12.88,1.22,1.25,0.63,2.19,2.19,3.37,3.44,1.81,2.95,14.2,7690,749,638,9.7,787,191,122,3.1,107,94400,70.7,499,140,369,3.68,21.9,82.4,95.3,61.1,74,17.25,5.5,
W,W21X248,W21X248,F,248,73.8,23.7,23.75,12.8,12.75,1.1,1.13,0.56,1.99,2,3.17,3.25,1.75,3.22,15.8,6830,671,576,9.62,699,170,109,3.08,80.7,82400,69.5,442,126,330,3.63,21.7,81.6,94.4,60.2,73,17.25,5.5,
W,W21X223,W21X223,F,223,66.5,23.4,23.38,12.7,12.63,1,1,0.5,1.79,1.81,2.97,3.06,1.69,3.55,17.5,6080,601,520,9.56,614,150,96.7,3.04,59.5,71700,68.6,390,113,295,3.57,21.6,80.9,93.6,59.5,72.2,17.25,5.5,
W,W21X201,W21X201,F,201,59.3,23,23,12.6,12.63,0.91,0.94,0.5,1.63,1.63,2.13,2.88,1.69,3.86,20.6,5310,530,461,9.47,542,133,86.1,3.02,40.9,62000,67.3,346,102,264,3.55,21.4,81.1,93.7,58.6,71.2,17.25,5.5,
W,W21X182,W21X182,F,182,53.6,22.7,22.75,12.5,12.5,0.83,0.81,0.44,1.48,1.5,1.98,2.75,1.63,4.22,22.6,4730,476,417,9.4,483,119,77.2,3,30.7,54400,66.3,307,91.6,237,3.51,21.2,80.4,92.9,57.9,70.4,17.25,5.5,
W,W21X166,W21X166,F,166,48.8,22.5,22.5,12.4,12.38,0.75,0.75,0.38,1.36,1.38,1.86,2.63,1.56,4.57,25,4280,432,380,9.36,435,108,70,2.99,23.6,48500,65.5,276,83.7,215,3.48,21.1,79.8,92.2,57.4,69.8,17.25,5.5,
W,W21X147,W21X147,F,147,43.2,22.1,22,12.5,12.5,0.72,0.75,0.38,1.15,1.13,1.65,2.44,1.56,5.44,26.1,3630,373,329,9.17,376,92.6,60.1,2.95,15.4,41100,65.5,235,71,186,3.46,21,79.4,91.9,56.7,69.2,17.25,5.5,
W,W21X132,W21X132,F,132,38.8,21.8,21.88,12.4,12.5,0.65,0.63,0.31,1.04,1.06,1.54,2.25,1.56,6.01,28.9,3220,333,295,9.12,333,82.3,53.5,2.93,11.3,36000,64.4,206,62.8,164,3.43,20.8,78.6,91,56,68.4,17.25,5.5,
W,W21X122,W21X122,F,122,35.9,21.7,21.63,12.4,12.38,0.6,0.63,0.31,0.96,0.94,1.46,2.25,1.5,6.45,31.3,2960,307,273,9.09,305,75.6,49.2,2.92,8.98,32700,64.3,191,58.7,153,3.4,20.7,78.5,90.9,55.8,68.2,17.25,5.5,
W,W21X111,W21X111,F,111,32.6,21.5,21.5,12.3,12.38,0.55,0.56,0.31,0.88,0.88,1.38,2.13,1.5,7.05,34.1,2670,279,249,9.05,274,68.2,44.5,2.9,6.83,29200,63.4,171,53,138,3.37,20.6,77.9,90.2,55.3,67.6,17.25,5.5,
W,W21X101,W21X101,F,101,29.8,21.4,21.38,12.3,12.25,0.5,0.5,0.25,0.8,0.81,1.3,2.06,1.44,7.68,37.5,2420,253,227,9.02,248,61.7,40.3,2.89,5.21,26200,63.3,156,48.6,126,3.35,20.6,77.8,90.1,55.1,67.4,17.25,5.5,
W,W21X93,W21X93,F,93,27.3,21.6,21.63,8.42,8.38,0.58,0.56,0.31,0.93,0.94,1.43,1.63,0.94,4.53,32.3,2070,221,192,8.7,92.9,34.7,22.1,1.84,6.03,9940,43.5,85.2,37.7,109,2.24,20.7,66.5,74.9,51.6,60,18.38,5.5,
W,W21X83,W21X83,F,83,24.4,21.4,21.38,8.36,8.38,0.52,0.5,0.25,0.84,0.81,1.34,1.5,0.88,5,36.4,1830,196,171,8.67,81.4,30.5,19.5,1.83,4.34,8630,43,75,33.7,96.8,2.21,20.6,66,74.4,51.2,59.5,18.38,5.5,
W,W21X73,W21X73,F,73,21.5,21.2,21.25,8.3,8.25,0.46,0.44,0.25,0.74,0.75,1.24,1.44,0.88,5.6,41.2,1600,172,151,8.64,70.6,26.6,17,1.81,3.02,7410,42.5,65.2,29.7,85,2.19,20.5,65.5,73.8,50.7,59,18.38,5.5,
W,W21X68,W21X68,F,68,20,21.1,21.13,8.27,8.25,0.43,0.44,0.25,0.69,0.69,1.19,1.38,0.88,6.04,43.6,1480,160,140,8.6,64.7,24.4,15.7,1.8,2.45,6760,42.2,59.8,27.4,78.7,2.17,20.4,65.3,73.6,50.5,58.7,18.38,5.5,
W,W21X62,W21X62,F,62,18.3,21,21,8.24,8.25,0.4,0.38,0.19,0.62,0.63,1.12,1.31,0.81,6.7,46.9,1330,144,127,8.54,57.5,21.7,14,1.77,1.83,5960,42,53.2,24.6,71.2,2.15,20.4,65.1,73.3,50.2,58.5,18.38,5.5,
W,W21X55,W21X55,F,55,16.2,20.8,20.75,8.22,8.25,0.38,0.38,0.19,0.52,0.5,1.02,1.19,0.81,7.87,50,1140,126,110,8.4,48.4,18.4,11.8,1.73,1.24,4980,41.7,44.7,20.8,61.8,2.11,20.3,64.7,72.9,49.8,58,18.38,5.5,
W,W21X48,W21X48,F,48,14.1,20.6,20.63,8.14,8.13,0.35,0.38,0.19,0.43,0.44,0.93,1.13,0.81,9.47,53.6,959,107,93,8.24,38.7,14.9,9.52,1.66,0.8,3950,41,35.9,16.9,52.3,2.05,20.2,64.1,72.2,49.3,57.5,18.38,5.5,
W,W21X57,W21X57,F,57,16.7,21.1,21,6.56,6.5,0.41,0.38,0.19,0.65,0.63,1.15,1.31,0.81,5.04,46.3,1170,129,111,8.36,30.6,14.8,9.35,1.35,1.77,3190,33.5,35.8,20.5,63.4,1.68,20.5,60.2,66.8,48.8,55.3,18.38,3.5,
W,W21X50,W21X50,F,50,14.7,20.8,20.88,6.53,6.5,0.38,0.38,0.19,0.54,0.56,1.04,1.25,0.81,6.1,49.4,984,110,94.5,8.18,24.9,12.2,7.64,1.3,1.14,2570,33.1,28.9,16.7,53.9,1.64,20.3,59.6,66.1,48.1,54.7,18.38,3.5,
W,W21X44,W21X44,F,44,13,20.7,20.63,6.5,6.5,0.35,0.38,0.19,0.45,0.44,0.95,1.13,0.81,7.22,53.6,843,95.4,81.6,8.06,20.7,10.2,6.37,1.26,0.77,2110,32.9,24.1,14,46.8,1.6,20.3,59.3,65.8,47.9,54.4,18.38,3.5,
W,W18X311,W18X311,T,311,91.6,22.3,22.38,12,12,1.52,1.5,0.75,2.74,2.75,3.24,3.56,1.56,2.19,10.4,6970,754,624,8.72,795,207,132,2.95,176,76200,58.7,482,140,375,3.53,19.6,76.7,88.7,56.6,68.6,15.13,5.5,
W,W18X283,W18X283,T,283,83.3,21.9,21.88,11.9,11.88,1.4,1.38,0.69,2.5,2.5,3,3.38,1.5,2.38,11.3,6170,676,565,8.61,704,185,118,2.91,134,65900,57.7,429,127,339,3.47,19.4,75.8,87.7,55.7,67.6,15.13,5.5,
W,W18X258,W18X258,T,258,76,21.5,21.5,11.8,11.75,1.28,1.25,0.63,2.3,2.31,2.7,3.19,1.44,2.56,12.5,5510,611,514,8.53,628,166,107,2.88,103,57600,56.6,384,116,306,3.42,19.2,75.1,86.9,54.8,66.6,15.13,5.5,
W,W18X234,W18X234,T,234,68.6,21.1,21,11.7,11.63,1.16,1.19,0.63,2.11,2.13,2.51,3,1.38,2.76,13.8,4900,549,466,8.44,558,149,95.8,2.85,78.7,50100,55.5,343,106,276,3.37,19,74.3,86,53.9,65.6,15.13,5.5,
W,W18X211,W18X211,F,211,62.3,20.7,20.63,11.6,11.5,1.06,1.06,0.56,1.91,1.94,2.31,2.81,1.38,3.02,15.1,4330,490,419,8.35,493,132,85.3,2.82,58.6,43400,54.5,302,94.6,246,3.32,18.8,73.4,85,53,64.6,15.13,5.5,
W,W18X192,W18X192,F,192,56.2,20.4,20.38,11.5,11.5,0.96,0.94,0.5,1.75,1.75,2.15,2.63,1.31,3.27,16.7,3870,442,380,8.28,440,119,76.8,2.79,44.7,38000,53.6,270,86,222,3.28,18.7,72.7,84.2,52.3,63.8,15.13,5.5,
W,W18X175,W18X175,F,175,51.4,20,20,11.4,11.38,0.89,0.88,0.44,1.59,1.56,1.99,2.44,1.25,3.58,18,3450,398,344,8.2,391,106,68.8,2.76,33.8,33300,52.5,238,76.9,198,3.24,18.4,71.7,83.1,51.4,62.8,15.13,5.5,
W,W18X158,W18X158,F,158,46.3,19.7,19.75,11.3,11.25,0.81,0.81,0.44,1.44,1.44,1.84,2.38,1.25,3.92,19.8,3060,356,310,8.12,347,94.8,61.4,2.74,25.2,29000,51.6,210,69,177,3.2,18.3,71,82.3,50.7,62,15.13,5.5,
W,W18X143,W18X143,F,143,42,19.5,19.5,11.2,11.25,0.73,0.75,0.38,1.32,1.31,1.72,2.19,1.19,4.25,22,2750,322,282,8.09,311,85.4,55.5,2.72,19.2,25700,50.9,188,62.8,160,3.17,18.2,70.4,81.6,50.2,61.4,15.13,5.5,
W,W18X130,W18X130,F,130,38.3,19.3,19.25,11.2,11.13,0.67,0.69,0.38,1.2,1.19,1.6,2.06,1.19,4.65,23.9,2460,290,256,8.03,278,76.7,49.9,2.7,14.5,22700,50.7,170,57.2,146,3.13,18.1,70.2,81.4,49.8,61,15.13,5.5,
W,W18X119,W18X119,F,119,35.1,19,19,11.3,11.25,0.66,0.63,0.31,1.06,1.06,1.46,1.94,1.19,5.31,24.5,2190,262,231,7.9,253,69.1,44.9,2.69,10.6,20300,50.7,152,50.6,131,3.13,17.9,69.9,81.2,49.3,60.6,15.13,5.5,
W,W18X106,W18X106,F,106,31.1,18.7,18.75,11.2,11.25,0.59,0.56,0.31,0.94,0.94,1.34,1.81,1.13,5.96,27.2,1910,230,204,7.84,220,60.5,39.4,2.66,7.48,17400,49.7,131,44.3,114,3.1,17.8,69.1,80.3,48.6,59.8,15.13,5.5,
W,W18X97,W18X97,F,97,28.5,18.6,18.63,11.1,11.13,0.54,0.56,0.31,0.87,0.88,1.27,1.75,1.13,6.41,30,1750,211,188,7.82,201,55.3,36.1,2.65,5.86,15800,49.2,119,40.7,105,3.08,17.7,68.7,79.8,48.3,59.4,15.13,5.5,
W,W18X86,W18X86,F,86,25.3,18.4,18.38,11.1,11.13,0.48,0.5,0.25,0.77,0.75,1.17,1.63,1.06,7.2,33.4,1530,186,166,7.77,175,48.4,31.6,2.63,4.1,13600,48.9,105,36,92.4,3.05,17.6,68.4,79.5,47.9,59,15.13,5.5,
W,W18X76,W18X76,F,76,22.3,18.2,18.25,11,11,0.43,0.44,0.25,0.68,0.69,1.08,1.56,1.06,8.11,37.8,1330,163,146,7.73,152,42.2,27.6,2.61,2.83,11700,48.2,90.1,31.5,80.6,3.02,17.5,67.9,78.9,47.4,58.4,15.13,5.5,
W,W18X71,W18X71,F,71,20.9,18.5,18.5,7.64,7.63,0.5,0.5,0.25,0.81,0.81,1.21,1.5,0.88,4.71,32.4,1170,146,127,7.5,60.3,24.7,15.8,1.7,3.49,4700,33.8,52.3,25.6,72.4,2.05,17.7,58.3,65.9,44.6,52.3,15.5,3.5,
W,W18X65,W18X65,F,65,19.1,18.4,18.38,7.59,7.63,0.45,0.44,0.25,0.75,0.75,1.15,1.44,0.88,5.06,35.7,1070,133,117,7.49,54.8,22.5,14.4,1.69,2.73,4240,33.5,47.7,23.6,66.3,2.03,17.7,58,65.6,44.4,52,15.5,3.5,
W,W18X60,W18X60,F,60,17.6,18.2,18.25,7.56,7.5,0.42,0.44,0.25,0.7,0.69,1.1,1.38,0.81,5.44,38.7,984,123,108,7.47,50.1,20.6,13.3,1.68,2.17,3850,33.1,43.5,21.7,60.6,2.02,17.5,57.5,65.1,44,51.5,15.5,3.5,
W,W18X55,W18X55,F,55,16.2,18.1,18.13,7.53,7.5,0.39,0.38,0.19,0.63,0.63,1.03,1.31,0.81,5.98,41.1,890,112,98.3,7.41,44.9,18.5,11.9,1.67,1.66,3430,32.9,39,19.6,55.3,2,17.5,57.3,64.8,43.7,51.3,15.5,3.5,
W,W18X50,W18X50,F,50,14.7,18,18,7.5,7.5,0.36,0.38,0.19,0.57,0.56,0.97,1.25,0.81,6.57,45.2,800,101,88.9,7.38,40.1,16.6,10.7,1.65,1.24,3040,32.7,34.9,17.7,49.9,1.98,17.4,57.1,64.6,43.5,51,15.5,3.5,
W,W18X46,W18X46,F,46,13.5,18.1,18,6.06,6,0.36,0.38,0.19,0.61,0.63,1.01,1.25,0.81,5.01,44.6,712,90.7,78.8,7.25,22.5,11.7,7.43,1.29,1.22,1720,26.5,24.3,15.1,44.9,1.58,17.5,52.9,59,42.3,48.3,15.5,3.5,
W,W18X40,W18X40,F,40,11.8,17.9,17.88,6.02,6,0.32,0.31,0.19,0.53,0.5,0.93,1.19,0.81,5.73,50.9,612,78.4,68.4,7.21,19.1,10,6.35,1.27,0.81,1440,26.1,20.7,13,38.6,1.56,17.4,52.6,58.6,41.8,47.8,15.5,3.5,
W,W18X35,W18X35,F,35,10.3,17.7,17.75,6,6,0.3,0.31,0.19,0.43,0.44,0.83,1.13,0.75,7.06,53.5,510,66.5,57.6,7.04,15.3,8.06,5.12,1.22,0.51,1140,25.9,16.5,10.5,32.7,1.51,17.3,52.1,58.1,41.4,47.4,15.5,3.5,
W,W16X100,W16X100,F,100,29.4,17,17,10.4,10.38,0.59,0.56,0.31,0.99,1,1.39,1.88,1.13,5.29,24.3,1490,198,175,7.1,186,54.9,35.7,2.51,7.73,11900,41.6,107,38.7,98.5,2.92,16,63.3,73.7,44.4,54.8,13.25,5.5,
W,W16X89,W16X89,F,89,26.2,16.8,16.75,10.4,10.38,0.53,0.5,0.25,0.88,0.88,1.28,1.75,1.06,5.92,27,1300,175,155,7.05,163,48.1,31.4,2.49,5.45,10200,41.4,94.2,34.4,87.3,2.88,15.9,63.1,73.5,44,54.4,13.25,5.5,
W,W16X77,W16X77,F,77,22.6,16.5,16.5,10.3,10.25,0.46,0.44,0.25,0.76,0.75,1.16,1.63,1.06,6.77,31.2,1110,150,134,7,138,41.1,26.9,2.47,3.57,8590,40.5,79.3,29.4,74.4,2.85,15.7,62.3,72.6,43.3,53.6,13.25,5.5,
W,W16X67,W16X67,F,67,19.6,16.3,16.38,10.2,10.25,0.4,0.38,0.19,0.67,0.69,1.07,1.56,1,7.7,35.9,954,130,117,6.96,119,35.5,23.2,2.46,2.39,7300,39.9,67.6,25.5,64.1,2.82,15.6,61.7,71.9,42.8,53,13.25,5.5,
W,W16X57,W16X57,F,57,16.8,16.4,16.38,7.12,7.13,0.43,0.44,0.25,0.72,0.69,1.12,1.38,0.88,4.98,33,758,105,92.2,6.72,43.1,18.9,12.1,1.6,2.22,2660,27.9,35.5,18.8,52,1.92,15.7,52.6,59.7,39.9,47,13.63,3.5,
W,W16X50,W16X50,F,50,14.7,16.3,16.25,7.07,7.13,0.38,0.38,0.19,0.63,0.63,1.03,1.31,0.81,5.61,37.4,659,92,81,6.68,37.2,16.3,10.5,1.59,1.52,2270,27.7,30.8,16.5,45.6,1.89,15.7,52.3,59.4,39.7,46.7,13.63,3.5,
W,W16X45,W16X45,F,45,13.3,16.1,16.13,7.04,7,0.35,0.38,0.19,0.57,0.56,0.97,1.25,0.81,6.23,41.1,586,82.3,72.7,6.65,32.8,14.5,9.34,1.57,1.11,1990,27.3,27.2,14.7,40.6,1.87,15.5,52,59,39.2,46.3,13.63,3.5,
W,W16X40,W16X40,F,40,11.8,16,16,7,7,0.31,0.31,0.19,0.51,0.5,0.91,1.19,0.81,6.93,46.5,518,73,64.7,6.63,28.9,12.7,8.25,1.57,0.79,1730,27.1,24,13.1,36,1.86,15.5,51.7,58.7,39,46,13.63,3.5,
W,W16X36,W16X36,F,36,10.6,15.9,15.88,6.99,7,0.3,0.31,0.19,0.43,0.44,0.83,1.13,0.75,8.12,48.1,448,64,56.5,6.51,24.5,10.8,7,1.52,0.55,1460,27,20.3,11.1,31.6,1.83,15.5,51.5,58.5,38.8,45.8,13.63,3.5,
W,W16X31,W16X31,F,31,9.13,15.9,15.88,5.53,5.5,0.28,0.25,0.13,0.44,0.44,0.84,1.13,0.75,6.28,51.6,375,54,47.2,6.41,12.4,7.03,4.49,1.17,0.46,739,21.4,13,8.94,26.6,1.42,15.5,47.2,52.7,37.3,42.9,13.63,3.5,
W,W16X26,W16X26,F,26,7.68,15.7,15.75,5.5,5.5,0.25,0.25,0.13,0.35,0.38,0.75,1.06,0.75,7.97,56.8,301,44.2,38.4,6.26,9.59,5.48,3.49,1.12,0.26,565,21.1,10,6.95,21.6,1.38,15.4,46.7,52.2,36.9,42.4,13.63,3.5,
W,W14X873,W14X873,T,873,257,23.6,23.63,18.8,18.75,3.94,3.94,2,5.51,5.5,6.1,6.19,2.56,1.71,2.89,18100,2030,1530,8.39,6170,1020,656,4.9,2270,505000,85,2200,370,1010,6.04,18.1,95.2,114,66,84.8,11.25,8.5,3
W,W14X808,W14X808,T,808,238,22.8,22.75,18.6,18.63,3.74,3.75,1.88,5.12,5.13,5.71,5.75,2.5,1.82,3.04,15900,1830,1390,8.17,5550,930,597,4.83,1840,434000,82.2,1960,336,916,5.94,17.7,93.4,112,64.2,82.8,11.25,8.5,3
W,W14X730,W14X730,T,730,215,22.4,22.38,17.9,17.88,3.07,3.06,1.56,4.91,4.94,5.51,6.19,2.75,1.82,3.71,14300,1660,1280,8.17,4720,816,527,4.69,1450,362000,78.3,1720,318,829,5.68,17.5,91.1,109,62.7,80.6,10,7.5,3
W,W14X665,W14X665,T,665,196,21.6,21.63,17.7,17.63,2.83,2.81,1.44,4.52,4.5,5.12,5.81,2.63,1.95,4.03,12400,1480,1150,7.98,4170,730,472,4.62,1120,305000,75.6,1510,287,739,5.57,17.1,89.3,107,60.9,78.6,10,7.5,3
W,W14X605,W14X605,T,605,178,20.9,20.88,17.4,17.38,2.6,2.63,1.31,4.16,4.19,4.76,5.44,2.5,2.09,4.39,10800,1320,1040,7.8,3680,652,423,4.55,869,258000,72.8,1320,258,657,5.44,16.7,87.6,105,59.2,76.6,10,7.5,3
W,W14X550,W14X550,T,550,162,20.2,20.25,17.2,17.25,2.38,2.38,1.19,3.82,3.81,4.42,5.13,2.38,2.25,4.79,9430,1180,931,7.63,3250,583,378,4.49,669,219000,70.4,1160,232,585,5.35,16.4,85.8,103,57.6,74.8,10,7.5,3
W,W14X500,W14X500,T,500,147,19.6,19.63,17,17,2.19,2.19,1.13,3.5,3.5,4.1,4.81,2.31,2.43,5.21,8210,1050,838,7.48,2880,522,339,4.43,514,187000,68.4,1020,209,522,5.26,16.1,85,102,56.2,73.2,10,7.5,3
W,W14X455,W14X455,T,455,134,19,19,16.8,16.88,2.02,2,1,3.21,3.19,3.81,4.5,2.25,2.62,5.66,7190,936,756,7.33,2560,468,304,4.38,395,160000,66.3,894,187,466,5.17,15.8,83.2,100,54.8,71.6,10,7.5,3
W,W14X426,W14X426,T,426,125,18.7,18.63,16.7,16.75,1.88,1.88,0.94,3.04,3.06,3.63,4.31,2.13,2.75,6.08,6600,869,706,7.26,2360,434,283,4.34,331,144000,65.4,830,176,435,5.11,15.7,82.7,99.4,54.1,70.8,10,7.5,3
W,W14X398,W14X398,T,398,117,18.3,18.25,16.6,16.63,1.77,1.75,0.88,2.85,2.88,3.44,4.13,2.13,2.92,6.44,6000,801,656,7.16,2170,402,262,4.31,273,129000,64.1,758,163,401,5.05,15.5,81.8,98.4,53.2,69.8,10,7.5,3
W,W14X370,W14X370,T,370,109,17.9,17.88,16.5,16.5,1.66,1.69,0.81,2.66,2.69,3.26,3.94,2.06,3.1,6.89,5440,736,607,7.07,1990,370,241,4.27,222,116000,62.9,690,150,367,5,15.2,81,97.5,52.3,68.8,10,7.5,3
W,W14X342,W14X342,T,342,101,17.5,17.5,16.4,16.38,1.54,1.56,0.81,2.47,2.5,3.07,3.75,2,3.31,7.41,4900,672,558,6.98,1810,338,221,4.24,178,103000,61.6,624,138,335,4.95,15,80.1,96.5,51.4,67.8,10,7.5,3
W,W14X311,W14X311,T,311,91.4,17.1,17.13,16.2,16.25,1.41,1.44,0.75,2.26,2.25,2.86,3.56,1.94,3.59,8.09,4330,603,506,6.88,1610,304,199,4.2,136,89100,60.1,550,124,300,4.87,14.8,79,95.2,50.4,66.6,10,7.5,3
W,W14X283,W14X283,T,283,83.3,16.7,16.75,16.1,16.13,1.29,1.31,0.69,2.07,2.06,2.67,3.38,1.88,3.89,8.84,3840,542,459,6.79,1440,274,179,4.17,104,77700,58.9,491,112,269,4.8,14.6,78.1,94.2,49.5,65.6,10,7.5,3
W,W14X257,W14X257,F,257,75.6,16.4,16.38,16,16,1.18,1.19,0.63,1.89,1.88,2.49,3.19,1.81,4.23,9.71,3400,487,415,6.71,1290,246,161,4.13,79.1,67800,58,439,102,243,4.75,14.5,77.4,93.4,48.8,64.8,10,7.5,3
W,W14X233,W14X233,F,233,68.5,16,16,15.9,15.88,1.07,1.06,0.56,1.72,1.75,2.32,3,1.75,4.62,10.7,3010,436,375,6.63,1150,221,145,4.1,59.5,59000,56.8,388,91.1,216,4.69,14.3,76.5,92.4,47.9,63.8,10,7.5,3
W,W14X211,W14X211,F,211,62,15.7,15.75,15.8,15.75,0.98,1,0.5,1.56,1.56,2.16,2.88,1.69,5.06,11.6,2660,390,338,6.55,1030,198,130,4.07,44.6,51500,55.9,344,81.7,194,4.64,14.1,75.8,91.6,47.2,63,10,7.5,3
W,W14X193,W14X193,F,193,56.8,15.5,15.5,15.7,15.75,0.89,0.88,0.44,1.44,1.44,2.04,2.75,1.69,5.45,12.8,2400,355,310,6.5,931,180,119,4.05,34.8,45900,55.2,312,75,177,4.59,14.1,75.3,91,46.7,62.4,10,7.5,3
W,W14X176,W14X176,F,176,51.8,15.2,15.25,15.7,15.63,0.83,0.81,0.44,1.31,1.31,1.91,2.63,1.63,5.97,13.7,2140,320,281,6.43,838,163,107,4.02,26.5,40500,54.5,280,67.6,159,4.55,13.9,74.8,90.5,46.1,61.8,10,7.5,3
W,W14X159,W14X159,F,159,46.7,15,15,15.6,15.63,0.75,0.75,0.38,1.19,1.19,1.79,2.5,1.56,6.54,15.3,1900,287,254,6.38,748,146,96.2,4,19.7,35600,53.9,250,61,143,4.51,13.8,74.3,89.9,45.6,61.2,10,7.5,3
W,W14X145,W14X145,F,145,42.7,14.8,14.75,15.5,15.5,0.68,0.69,0.38,1.09,1.06,1.69,2.38,1.56,7.11,16.8,1710,260,232,6.33,677,133,87.3,3.98,15.2,31700,53.1,224,55.4,129,4.47,13.7,73.7,89.2,45.1,60.6,10,7.5,3
W,W14X132,W14X132,F,132,38.8,14.7,14.63,14.7,14.75,0.65,0.63,0.31,1.03,1,1.63,2.31,1.56,7.15,17.7,1530,234,209,6.28,548,113,74.5,3.76,12.3,25500,50.2,190,49.5,116,4.23,13.7,71.2,85.9,44.1,58.8,10,5.5,
W,W14X120,W14X120,F,120,35.3,14.5,14.5,14.7,14.63,0.59,0.56,0.31,0.94,0.94,1.54,2.25,1.5,7.8,19.3,1380,212,190,6.24,495,102,67.5,3.74,9.37,22700,49.8,172,45,105,4.2,13.6,70.9,85.6,43.7,58.4,10,5.5,
W,W14X109,W14X109,F,109,32,14.3,14.38,14.6,14.63,0.53,0.5,0.25,0.86,0.88,1.46,2.19,1.5,8.49,21.7,1240,192,173,6.22,447,92.7,61.2,3.73,7.12,20200,49.1,154,40.7,94.8,4.17,13.4,70.3,84.9,43.2,57.8,10,5.5,
W,W14X99,W14X99,F,99,29.1,14.2,14.13,14.6,14.63,0.49,0.5,0.25,0.78,0.75,1.38,2.06,1.44,9.34,23.5,1110,173,157,6.17,402,83.6,55.2,3.71,5.37,18000,49,139,36.9,86.1,4.14,13.4,70.2,84.8,43,57.6,10,5.5,
W,W14X90,W14X90,F,90,26.5,14,14,14.5,14.5,0.44,0.44,0.25,0.71,0.69,1.31,2,1.44,10.2,25.9,999,157,143,6.14,362,75.6,49.9,3.7,4.06,16000,48.2,124,33.2,77.1,4.1,13.3,69.6,84.1,42.5,57,10,5.5,
W,W14X82,W14X82,F,82,24,14.3,14.25,10.1,10.13,0.51,0.5,0.25,0.86,0.88,1.45,1.69,1.06,5.92,22.4,881,139,123,6.05,148,44.8,29.3,2.48,5.07,6710,33.9,73.3,27.6,68.2,2.85,13.4,56.9,67,38.7,48.8,10.88,5.5,
W,W14X74,W14X74,F,74,21.8,14.2,14.13,10.1,10.13,0.45,0.44,0.25,0.79,0.81,1.38,1.63,1.06,6.41,25.4,795,126,112,6.04,134,40.5,26.6,2.48,3.87,5990,33.9,67.1,25.4,62.2,2.83,13.4,56.8,66.9,38.5,48.6,10.88,5.5,
W,W14X68,W14X68,F,68,20,14,14,10,10,0.42,0.44,0.25,0.72,0.75,1.31,1.56,1.06,6.97,27.5,722,115,103,6.01,121,36.9,24.2,2.46,3.01,5380,33.2,59.8,22.9,56,2.8,13.3,56.2,66.2,38,48,10.88,5.5,
W,W14X61,W14X61,F,61,17.9,13.9,13.88,10,10,0.38,0.38,0.19,0.65,0.63,1.24,1.5,1,7.75,30.4,640,102,92.1,5.98,107,32.8,21.5,2.45,2.19,4710,33.1,53.4,20.6,50.2,2.78,13.3,56,66,37.8,47.8,10.88,5.5,
W,W14X53,W14X53,F,53,15.6,13.9,13.88,8.06,8,0.37,0.38,0.19,0.66,0.69,1.25,1.5,1,6.11,30.9,541,87.1,77.8,5.89,57.7,22,14.3,1.92,1.94,2540,26.7,35.5,16.8,42.5,2.22,13.2,50.2,58.3,35.9,43.9,10.88,5.5,
W,W14X48,W14X48,F,48,14.1,13.8,13.75,8.03,8,0.34,0.31,0.19,0.6,0.63,1.19,1.44,1,6.75,33.6,484,78.4,70.2,5.85,51.4,19.6,12.8,1.91,1.45,2240,26.5,31.7,15.1,38.3,2.2,13.2,50,58,35.6,43.7,10.88,5.5,
W,W14X43,W14X43,F,43,12.6,13.7,13.63,8,8,0.31,0.31,0.19,0.53,0.5,1.12,1.38,1,7.54,37.4,428,69.6,62.6,5.82,45.2,17.3,11.3,1.89,1.05,1950,26.3,27.9,13.4,34,2.18,13.2,49.8,57.8,35.4,43.4,10.88,5.5,
W,W14X38,W14X38,F,38,11.2,14.1,14.13,6.77,6.75,0.31,0.31,0.19,0.52,0.5,0.92,1.25,0.81,6.57,39.6,385,61.5,54.6,5.87,26.7,12.1,7.88,1.55,0.8,1230,23,20,11.3,30.3,1.82,13.6,47.2,54,35,41.7,11.63,3.5,
W,W14X34,W14X34,F,34,10,14,14,6.75,6.75,0.29,0.31,0.19,0.46,0.44,0.86,1.19,0.75,7.41,43.1,340,54.6,48.6,5.83,23.3,10.6,6.91,1.53,0.57,1070,22.9,17.6,10,26.9,1.8,13.5,47,53.7,34.8,41.5,11.63,3.5,
W,W14X30,W14X30,F,30,8.85,13.8,13.88,6.73,6.75,0.27,0.25,0.13,0.39,0.38,0.79,1.13,0.75,8.74,45.4,291,47.3,42,5.73,19.6,8.99,5.82,1.49,0.38,887,22.6,14.6,8.34,23.1,1.77,13.4,46.6,53.3,34.3,41.1,11.63,3.5,
W,W14X26,W14X26,F,26,7.69,13.9,13.88,5.03,5,0.26,0.25,0.13,0.42,0.44,0.82,1.13,0.75,5.98,48.1,245,40.2,35.3,5.65,8.91,5.54,3.55,1.08,0.36,405,17,8.95,6.76,19.7,1.3,13.5,41.7,46.7,32.8,37.9,11.63,2.75,
W,W14X22,W14X22,F,22,6.49,13.7,13.75,5,5,0.23,0.25,0.13,0.34,0.31,0.74,1.06,0.75,7.46,53.3,199,33.2,29,5.54,7,4.39,2.8,1.04,0.21,314,16.7,7,5.34,16.1,1.27,13.4,41.3,46.3,32.4,37.4,11.63,2.75,
W,W12X336,W12X336,T,336,98.9,16.8,16.88,13.4,13.38,1.78,1.75,0.88,2.96,2.94,3.55,3.88,1.69,2.26,5.47,4060,603,483,6.41,1190,274,177,3.47,243,57000,46.4,460,119,301,4.13,13.8,69.2,82.6,47,60.4,9.13,5.5,
W,W12X305,W12X305,T,305,89.5,16.3,16.38,13.2,13.25,1.63,1.63,0.81,2.71,2.69,3.3,3.63,1.63,2.45,5.98,3550,537,435,6.29,1050,244,159,3.42,185,48600,44.8,401,107,267,4.05,13.6,67.9,81.1,45.8,59,9.13,5.5,
W,W12X279,W12X279,T,279,81.9,15.9,15.88,13.1,13.13,1.53,1.5,0.75,2.47,2.5,3.07,3.38,1.63,2.66,6.35,3110,481,393,6.16,937,220,143,3.38,143,42000,44,356,96,240,4,13.4,67,80.1,44.9,58,9.13,5.5,
W,W12X252,W12X252,T,252,74.1,15.4,15.38,13,13,1.4,1.38,0.69,2.25,2.25,2.85,3.13,1.5,2.89,6.96,2720,428,353,6.06,828,196,127,3.34,108,35800,42.7,313,85.8,213,3.93,13.2,66,79,43.8,56.8,9.13,5.5,
W,W12X230,W12X230,T,230,67.7,15.1,15,12.9,12.88,1.29,1.31,0.69,2.07,2.06,2.67,2.94,1.5,3.11,7.56,2420,386,321,5.97,742,177,115,3.31,83.8,31200,42,281,78.3,193,3.87,13,65.3,78.2,43.1,56,9.13,5.5,
W,W12X210,W12X210,F,210,61.8,14.7,14.75,12.8,12.75,1.18,1.19,0.63,1.9,1.88,2.5,2.81,1.44,3.37,8.23,2140,348,292,5.89,664,159,104,3.28,64.7,27200,41,249,70.6,173,3.81,12.8,64.4,77.2,42.2,55,9.13,5.5,
W,W12X190,W12X190,F,190,56,14.4,14.38,12.7,12.63,1.06,1.06,0.56,1.74,1.75,2.33,2.63,1.38,3.65,9.16,1890,311,263,5.82,589,143,93,3.25,48.8,23600,40.2,222,64.1,156,3.77,12.7,63.8,76.5,41.5,54.2,9.13,5.5,
W,W12X170,W12X170,F,170,50,14,14,12.6,12.63,0.96,0.94,0.5,1.56,1.56,2.16,2.44,1.31,4.03,10.1,1650,275,235,5.74,517,126,82.3,3.22,35.6,20100,39.2,193,56.5,136,3.7,12.4,62.9,75.5,40.6,53.2,9.13,5.5,
W,W12X152,W12X152,F,152,44.7,13.7,13.75,12.5,12.5,0.87,0.88,0.44,1.4,1.38,2,2.31,1.25,4.46,11.2,1430,243,209,5.66,454,111,72.8,3.19,25.8,17200,38.4,168,50.1,121,3.66,12.3,62.1,74.6,39.9,52.4,9.13,5.5,
W,W12X136,W12X136,F,136,39.9,13.4,13.38,12.4,12.38,0.79,0.81,0.44,1.25,1.25,1.85,2.13,1.25,4.96,12.3,1240,214,186,5.58,398,98,64.2,3.16,18.5,14700,37.7,146,44.1,106,3.61,12.2,61.4,73.8,39.2,51.6,9.13,5.5,
W,W12X120,W12X120,F,120,35.2,13.1,13.13,12.3,12.38,0.71,0.69,0.38,1.11,1.13,1.7,2,1.19,5.57,13.7,1070,186,163,5.51,345,85.4,56,3.13,12.9,12400,36.9,126,38.6,92.4,3.56,12,60.7,73,38.5,50.8,9.13,5.5,
W,W12X106,W12X106,F,106,31.2,12.9,12.88,12.2,12.25,0.61,0.63,0.31,0.99,1,1.59,1.88,1.13,6.17,15.9,933,164,145,5.47,301,75.1,49.3,3.11,9.13,10700,36.3,110,34.2,81,3.52,11.9,60.2,72.4,38,50.2,9.13,5.5,
W,W12X96,W12X96,F,96,28.2,12.7,12.75,12.2,12.13,0.55,0.56,0.31,0.9,0.88,1.5,1.81,1.13,6.76,17.7,833,147,131,5.44,270,67.5,44.4,3.09,6.85,9410,36,98.8,30.9,73,3.49,11.8,59.9,72.1,37.6,49.8,9.13,5.5,
W,W12X87,W12X87,F,87,25.6,12.5,12.5,12.1,12.13,0.52,0.5,0.25,0.81,0.81,1.41,1.69,1.06,7.48,18.9,740,132,118,5.38,241,60.4,39.7,3.07,5.1,8270,35.4,86.6,27.4,64.9,3.46,11.7,59.2,71.3,37.1,49.2,9.13,5.5,
W,W12X79,W12X79,F,79,23.2,12.4,12.38,12.1,12.13,0.47,0.5,0.25,0.74,0.75,1.33,1.63,1.06,8.22,20.7,662,119,107,5.34,216,54.3,35.8,3.05,3.84,7330,35.3,78.5,24.9,58.9,3.43,11.7,59.1,71.2,36.9,49,9.13,5.5,
W,W12X72,W12X72,F,72,21.1,12.3,12.25,12,12,0.43,0.44,0.25,0.67,0.69,1.27,1.56,1.06,8.99,22.6,597,108,97.4,5.31,195,49.2,32.4,3.04,2.93,6540,34.9,70.1,22.5,53.2,3.41,11.6,58.7,70.7,36.6,48.6,9.13,5.5,
W,W12X65,W12X65,F,65,19.1,12.1,12.13,12,12,0.39,0.38,0.19,0.61,0.63,1.2,1.5,1,9.92,24.9,533,96.8,87.9,5.28,174,44.1,29.1,3.02,2.18,5780,34.5,62.6,20.2,47.5,3.38,11.5,58.4,70.4,36.2,48.2,9.13,5.5,
W,W12X58,W12X58,F,58,17,12.2,12.25,10,10,0.36,0.38,0.19,0.64,0.63,1.24,1.5,0.94,7.82,27,475,86.4,78,5.28,107,32.5,21.4,2.51,2.1,3570,28.9,46.2,17.8,42.4,2.81,11.6,52.6,62.6,34.4,44.4,9.25,5.5,
W,W12X53,W12X53,F,53,15.6,12.1,12,10,10,0.35,0.38,0.19,0.58,0.56,1.18,1.38,0.94,8.69,28.1,425,77.9,70.6,5.23,95.8,29.1,19.2,2.48,1.58,3160,28.8,41.4,16,38.3,2.79,11.5,52.5,62.5,34.2,44.2,9.25,5.5,
W,W12X50,W12X50,F,50,14.6,12.2,12.25,8.08,8.13,0.37,0.38,0.19,0.64,0.63,1.14,1.5,0.94,6.31,26.8,391,71.9,64.2,5.18,56.3,21.3,13.9,1.96,1.71,1880,23.4,30.2,14.3,35.4,2.25,11.6,47,55.1,32.5,40.6,9.25,5.5,
W,W12X45,W12X45,F,45,13.1,12.1,12,8.05,8,0.34,0.31,0.19,0.58,0.56,1.08,1.38,0.94,7,29.6,348,64.2,57.7,5.15,50,19,12.4,1.95,1.26,1650,23.2,26.8,12.8,31.7,2.23,11.5,46.8,54.9,32.3,40.3,9.25,5.5,
W,W12X40,W12X40,F,40,11.7,11.9,12,8.01,8,0.3,0.31,0.19,0.52,0.5,1.02,1.38,0.88,7.77,33.6,307,57,51.5,5.13,44.1,16.8,11,1.94,0.91,1440,22.8,23.5,11.3,27.8,2.21,11.4,46.4,54.4,31.8,39.8,9.25,5.5,
W,W12X35,W12X35,F,35,10.3,12.5,12.5,6.56,6.5,0.3,0.31,0.19,0.52,0.5,0.82,1.19,0.75,6.31,36.2,285,51.2,45.6,5.25,24.5,11.5,7.47,1.54,0.74,879,19.6,16.8,9.75,25.4,1.79,12,43.5,50.1,31.6,38.1,10.13,3.5,
W,W12X30,W12X30,F,30,8.79,12.3,12.38,6.52,6.5,0.26,0.25,0.13,0.44,0.44,0.74,1.13,0.75,7.41,41.8,238,43.1,38.6,5.21,20.3,9.56,6.24,1.52,0.46,720,19.3,13.9,8.17,21.3,1.77,11.9,43.1,49.6,31.1,37.6,10.13,3.5,
W,W12X26,W12X26,F,26,7.65,12.2,12.25,6.49,6.5,0.23,0.25,0.13,0.38,0.38,0.68,1.06,0.75,8.54,47.2,204,37.2,33.4,5.17,17.3,8.17,5.34,1.51,0.3,607,19.2,11.8,7.03,18.3,1.75,11.8,42.9,49.4,30.9,37.4,10.13,3.5,
W,W12X22,W12X22,F,22,6.48,12.3,12.25,4.03,4,0.26,0.25,0.13,0.43,0.44,0.73,0.94,0.63,4.74,41.8,156,29.3,25.4,4.91,4.66,3.66,2.31,0.85,0.29,164,12,5.12,4.76,14.4,1.04,11.9,35.7,39.7,28.6,32.7,10.38,2.25,
W,W12X19,W12X19,F,19,5.57,12.2,12.13,4.01,4,0.24,0.25,0.13,0.35,0.38,0.65,0.88,0.56,5.72,46.2,130,24.7,21.3,4.82,3.76,2.98,1.88,0.82,0.18,131,11.9,4.17,3.91,12.2,1.02,11.9,35.5,39.5,28.4,32.4,10.38,2.25,
W,W12X16,W12X16,F,16,4.71,12,12,3.99,4,0.22,0.25,0.13,0.27,0.25,0.57,0.81,0.56,7.53,49.4,103,20.1,17.1,4.67,2.82,2.26,1.41,0.77,0.1,96.9,11.7,3.09,2.93,9.82,0.98,11.7,35,39,28,32,10.38,2.25,
W,W12X14,W12X14,F,14,4.16,11.9,11.88,3.97,4,0.2,0.19,0.13,0.23,0.25,0.53,0.75,0.56,8.82,54.3,88.6,17.4,14.9,4.62,2.36,1.9,1.19,0.75,0.07,80.4,11.6,2.59,2.48,8.49,0.96,11.7,34.8,38.8,27.8,31.7,10.38,2.25,
W,W10X112,W10X112,F,112,32.9,11.4,11.38,10.4,10.38,0.76,0.75,0.38,1.25,1.25,1.75,1.94,1,4.17,10.4,716,147,126,4.66,236,69.2,45.3,2.68,15.1,6020,26.4,85.8,30.6,73.5,3.08,10.2,51.6,62,33.2,43.6,7.5,5.5,
W,W10X100,W10X100,F,100,29.3,11.1,11.13,10.3,10.38,0.68,0.69,0.38,1.12,1.13,1.62,1.81,1,4.62,11.6,623,130,112,4.6,207,61,40,2.65,10.9,5150,25.7,74.1,26.9,64.2,3.04,10,50.9,61.2,32.5,42.8,7.5,5.5,
W,W10X88,W10X88,F,88,26,10.8,10.88,10.3,10.25,0.61,0.63,0.31,0.99,1,1.49,1.69,0.94,5.18,13,534,113,98.5,4.54,179,53.1,34.8,2.63,7.53,4330,25.3,64.4,23.5,55.9,2.99,9.81,50.4,60.7,31.9,42.2,7.5,5.5,
W,W10X77,W10X77,F,77,22.7,10.6,10.63,10.2,10.25,0.53,0.5,0.25,0.87,0.88,1.37,1.56,0.88,5.86,14.8,455,97.6,85.9,4.49,154,45.9,30.1,2.6,5.11,3630,24.8,55,20.5,48.4,2.95,9.73,49.9,60.1,31.4,41.6,7.5,5.5,
W,W10X68,W10X68,F,68,19.9,10.4,10.38,10.1,10.13,0.47,0.5,0.25,0.77,0.75,1.27,1.44,0.88,6.58,16.7,394,85.3,75.7,4.44,134,40.1,26.4,2.59,3.56,3100,24.3,47.3,17.9,42.1,2.92,9.63,49.3,59.4,30.9,41,7.5,5.5,
W,W10X60,W10X60,F,60,17.7,10.2,10.25,10.1,10.13,0.42,0.44,0.25,0.68,0.69,1.18,1.38,0.81,7.41,18.7,341,74.6,66.7,4.39,116,35,23,2.57,2.48,2640,24,41.3,15.7,36.8,2.88,9.52,49,59.1,30.5,40.6,7.5,5.5,
W,W10X54,W10X54,F,54,15.8,10.1,10.13,10,10,0.37,0.38,0.19,0.62,0.63,1.12,1.31,0.81,8.15,21.2,303,66.6,60,4.37,103,31.3,20.6,2.56,1.82,2320,23.7,36.5,14,32.8,2.85,9.49,48.6,58.6,30.2,40.2,7.5,5.5,
W,W10X49,W10X49,F,49,14.4,10,10,10,10,0.34,0.31,0.19,0.56,0.56,1.06,1.25,0.81,8.93,23.1,272,60.4,54.6,4.35,93.4,28.3,18.7,2.54,1.39,2070,23.6,33,12.8,29.8,2.84,9.44,48.5,58.5,30,40,7.5,5.5,
W,W10X45,W10X45,F,45,13.3,10.1,10.13,8.02,8,0.35,0.38,0.19,0.62,0.63,1.12,1.31,0.81,6.47,22.5,248,54.9,49.1,4.32,53.4,20.3,13.3,2.01,1.51,1200,19,23.6,11.3,27,2.27,9.48,42.7,50.7,28.2,36.2,7.5,5.5,
W,W10X39,W10X39,F,39,11.5,9.92,9.88,7.99,8,0.32,0.31,0.19,0.53,0.5,1.03,1.19,0.81,7.53,25,209,46.8,42.1,4.27,45,17.2,11.3,1.98,0.98,992,18.8,19.9,9.55,23,2.24,9.39,42.3,50.3,27.8,35.8,7.5,5.5,
W,W10X33,W10X33,F,33,9.71,9.73,9.75,7.96,8,0.29,0.31,0.19,0.44,0.44,0.94,1.13,0.75,9.15,27.1,171,38.8,35,4.19,36.6,14,9.2,1.94,0.58,791,18.5,16,7.75,18.9,2.2,9.3,41.9,49.9,27.4,35.4,7.5,5.5,
W,W10X30,W10X30,F,30,8.84,10.5,10.5,5.81,5.75,0.3,0.31,0.19,0.51,0.5,0.81,1.13,0.69,5.7,29.5,170,36.6,32.4,4.38,16.7,8.84,5.75,1.37,0.62,414,14.5,10.7,7.02,18.2,1.6,9.99,37.3,43.1,26.8,32.6,8.25,2.75,
W,W10X26,W10X26,F,26,7.61,10.3,10.38,5.77,5.75,0.26,0.25,0.13,0.44,0.44,0.74,1.06,0.69,6.56,34,144,31.3,27.9,4.35,14.1,7.5,4.89,1.36,0.4,345,14.2,9.03,5.98,15.4,1.58,9.86,36.8,42.6,26.4,32.1,8.25,2.75,
W,W10X22,W10X22,F,22,6.49,10.2,10.13,5.75,5.75,0.24,0.25,0.13,0.36,0.38,0.66,0.94,0.63,7.99,36.9,118,26,23.2,4.27,11.4,6.1,3.97,1.33,0.24,275,14.1,7.32,4.88,12.9,1.55,9.84,36.6,42.4,26.2,31.9,8.25,2.75,
W,W10X19,W10X19,F,19,5.62,10.2,10.25,4.02,4,0.25,0.25,0.13,0.4,0.38,0.7,0.94,0.63,5.09,35.4,96.3,21.6,18.8,4.14,4.29,3.35,2.14,0.87,0.23,104,9.85,3.91,3.65,10.6,1.06,9.81,31.5,35.5,24.4,28.4,8.38,2.25,
W,W10X17,W10X17,F,17,4.99,10.1,10.13,4.01,4,0.24,0.25,0.13,0.33,0.31,0.63,0.88,0.56,6.08,36.9,81.9,18.7,16.2,4.05,3.56,2.8,1.78,0.85,0.16,85.1,9.79,3.24,3.04,9.14,1.04,9.77,31.2,35.2,24.2,28.2,8.38,2.25,
W,W10X15,W10X15,F,15,4.41,9.99,10,4,4,0.23,0.25,0.13,0.27,0.25,0.57,0.81,0.56,7.41,38.5,68.9,16,13.8,3.95,2.89,2.3,1.45,0.81,0.1,68.3,9.73,2.63,2.48,7.83,1.01,9.72,31,35,24,28,8.38,2.25,
W,W10X12,W10X12,F,12,3.54,9.87,9.88,3.96,4,0.19,0.19,0.13,0.21,0.19,0.51,0.75,0.56,9.43,46.6,53.8,12.6,10.9,3.9,2.18,1.74,1.1,0.79,0.05,50.9,9.56,1.99,1.91,6.14,0.98,9.66,30.7,34.7,23.7,27.7,8.38,2.25,
W,W8X67,W8X67,F,67,19.7,9,9,8.28,8.25,0.57,0.56,0.31,0.94,0.94,1.33,1.63,0.94,4.43,11.1,272,70.1,60.4,3.72,88.6,32.7,21.4,2.12,5.05,1440,16.7,32.3,14.5,34.8,2.43,8.07,41,49.3,26.3,34.6,5.75,5.5,
W,W8X58,W8X58,F,58,17.1,8.75,8.75,8.22,8.25,0.51,0.5,0.25,0.81,0.81,1.2,1.5,0.88,5.07,12.4,228,59.8,52,3.65,75.1,27.9,18.3,2.1,3.33,1180,16.3,27.2,12.4,29.7,2.39,7.94,40.5,48.7,25.7,33.9,5.75,5.5,
W,W8X48,W8X48,F,48,14.1,8.5,8.5,8.11,8.13,0.4,0.38,0.19,0.69,0.69,1.08,1.38,0.81,5.92,15.9,184,49,43.2,3.61,60.9,22.9,15,2.08,1.96,931,15.8,22,10.3,24.2,2.35,7.82,39.9,48,25.1,33.2,5.75,5.5,
W,W8X40,W8X40,F,40,11.7,8.25,8.25,8.07,8.13,0.36,0.38,0.19,0.56,0.56,0.95,1.25,0.81,7.21,17.6,146,39.8,35.5,3.53,49.1,18.5,12.2,2.04,1.12,726,15.5,17.5,8.3,19.7,2.31,7.69,39.3,47.4,24.6,32.6,5.75,5.5,
W,W8X35,W8X35,F,35,10.3,8.12,8.13,8.02,8,0.31,0.31,0.19,0.5,0.5,0.89,1.19,0.81,8.1,20.5,127,34.7,31.2,3.51,42.6,16.1,10.6,2.03,0.77,619,15.3,15.2,7.28,17.1,2.28,7.63,39,47,24.3,32.3,5.75,5.5,
W,W8X31,W8X31,F,31,9.13,8,8,8,8,0.29,0.31,0.19,0.44,0.44,0.83,1.13,0.75,9.19,22.3,110,30.4,27.5,3.47,37.1,14.1,9.27,2.02,0.54,530,15.1,13.2,6.35,15,2.26,7.57,38.8,46.8,24,32,5.75,5.5,
W,W8X28,W8X28,F,28,8.25,8.06,8,6.54,6.5,0.29,0.31,0.19,0.47,0.44,0.86,0.94,0.63,7.03,22.3,98,27.2,24.3,3.45,21.7,10.1,6.63,1.62,0.54,312,12.4,9.44,5.52,13.4,1.84,7.6,34.5,41,22.7,29.2,6.13,4,
W,W8X24,W8X24,F,24,7.08,7.93,7.88,6.5,6.5,0.25,0.25,0.13,0.4,0.38,0.79,0.88,0.56,8.12,25.9,82.7,23.1,20.9,3.42,18.3,8.57,5.63,1.61,0.35,259,12.2,7.95,4.71,11.3,1.81,7.53,34.2,40.7,22.4,28.9,6.13,4,
W,W8X21,W8X21,F,21,6.16,8.28,8.25,5.27,5.25,0.25,0.25,0.13,0.4,0.38,0.7,0.88,0.56,6.59,27.5,75.3,20.4,18.2,3.49,9.77,5.69,3.71,1.26,0.28,152,10.4,5.47,3.96,10.1,1.46,7.88,31.3,36.6,21.8,27.1,6.5,2.75,
W,W8X18,W8X18,F,18,5.26,8.14,8.13,5.25,5.25,0.23,0.25,0.13,0.33,0.31,0.63,0.81,0.56,7.95,29.9,61.9,17,15.2,3.43,7.97,4.66,3.04,1.23,0.17,122,10.3,4.44,3.23,8.37,1.43,7.81,31,36.3,21.5,26.8,6.5,2.75,
W,W8X15,W8X15,F,15,4.44,8.11,8.13,4.02,4,0.25,0.25,0.13,0.32,0.31,0.62,0.81,0.56,6.37,28.1,48,13.6,11.8,3.29,3.41,2.67,1.7,0.88,0.14,51.8,7.81,2.47,2.31,6.64,1.06,7.8,27.3,31.3,20.2,24.2,6.5,2.25,
W,W8X13,W8X13,F,13,3.84,7.99,8,4,4,0.23,0.25,0.13,0.26,0.25,0.56,0.75,0.56,7.84,29.9,39.6,11.4,9.91,3.21,2.73,2.15,1.37,0.84,0.09,40.8,7.74,1.97,1.86,5.55,1.03,7.74,27,31,20,24,6.5,2.25,
W,W8X10,W8X10,F,10,2.96,7.89,7.88,3.94,4,0.17,0.19,0.13,0.21,0.19,0.51,0.69,0.5,9.61,40.5,30.8,8.87,7.81,3.22,2.09,1.66,1.06,0.84,0.04,30.9,7.57,1.53,1.48,4.29,1.01,7.69,26.8,30.7,19.7,23.7,6.5,2.25,
W,W6X25,W6X25,F,25,7.34,6.38,6.38,6.08,6.13,0.32,0.31,0.19,0.46,0.44,0.71,0.94,0.56,6.68,15.5,53.4,18.9,16.7,2.7,17.1,8.56,5.61,1.52,0.46,150,9.01,6.23,3.88,9.39,1.74,5.93,29.9,36,18.8,24.9,4.5,3.5,
W,W6X20,W6X20,F,20,5.87,6.2,6.25,6.02,6,0.26,0.25,0.13,0.37,0.38,0.62,0.88,0.56,8.25,19.1,41.4,14.9,13.4,2.66,13.3,6.72,4.41,1.5,0.24,113,8.78,4.82,3.07,7.38,1.7,5.84,29.5,35.5,18.4,24.4,4.5,3.5,
W,W6X15,W6X15,F,15,4.43,5.99,6,5.99,6,0.23,0.25,0.13,0.26,0.25,0.51,0.75,0.56,11.5,21.6,29.1,10.8,9.72,2.56,9.32,4.75,3.11,1.45,0.1,76.5,8.58,3.34,2.15,5.32,1.66,5.73,29.1,35.1,18,24,4.5,3.5,
W,W6X16,W6X16,F,16,4.74,6.28,6.25,4.03,4,0.26,0.25,0.13,0.41,0.38,0.66,0.88,0.56,4.98,19.1,32.1,11.7,10.2,2.6,4.43,3.39,2.2,0.97,0.22,38.2,5.92,2.42,2.24,5.77,1.13,5.88,23.7,27.7,16.6,20.6,4.5,2.25,
W,W6X12,W6X12,F,12,3.55,6.03,6,4,4,0.23,0.25,0.13,0.28,0.25,0.53,0.75,0.56,7.14,21.6,22.1,8.3,7.31,2.49,2.99,2.32,1.5,0.92,0.09,24.7,5.75,1.61,1.52,4.08,1.08,5.75,23.2,27.2,16.1,20.1,4.5,2.25,
W,W6X9,W6X9,F,9,2.68,5.9,5.88,3.94,4,0.17,0.19,0.13,0.22,0.19,0.47,0.69,0.5,9.16,29.2,16.4,6.23,5.56,2.47,2.2,1.72,1.11,0.91,0.04,17.7,5.6,1.19,1.15,3.04,1.06,5.69,22.9,26.8,15.7,19.7,4.5,2.25,
W,W6X8.5,W6X8.5,F,8.5,2.52,5.83,5.88,3.94,4,0.17,0.19,0.13,0.2,0.19,0.45,0.69,0.5,10.1,29.1,14.9,5.73,5.1,2.43,1.99,1.56,1.01,0.89,0.03,15.8,5.55,1.06,1.03,2.78,1.05,5.64,22.8,26.7,15.6,19.5,4.5,2.25,
W,W5X19,W5X19,F,19,5.56,5.15,5.13,5.03,5,0.27,0.25,0.13,0.43,0.44,0.73,0.81,0.44,5.85,13.7,26.3,11.6,10.2,2.17,9.13,5.53,3.63,1.28,0.32,50.9,5.94,3.21,2.42,5.73,1.45,4.72,24.4,29.4,15.3,20.4,3.5,2.75,
W,W5X16,W5X16,F,16,4.71,5.01,5,5,5,0.24,0.25,0.13,0.36,0.38,0.66,0.75,0.44,6.94,15.4,21.4,9.63,8.55,2.13,7.51,4.58,3,1.26,0.19,40.6,5.81,2.62,1.99,4.74,1.43,4.65,24,29,15,20,3.5,2.75,
W,W4X13,W4X13,F,13,3.83,4.16,4.13,4.06,4,0.28,0.25,0.13,0.35,0.38,0.6,0.75,0.5,5.88,10.6,11.3,6.28,5.46,1.72,3.86,2.92,1.9,1,0.15,14,3.87,1.36,1.24,3.09,1.16,3.82,19.5,23.6,12.4,16.4,2.63,2.25,
