Name,Finish,Lam,N Lams,b,d,A,Ix,Sx,rx,Iy,Sy,ry,Volume 
DF 76x108,Arch,Single,3,76,108,8208,7978176,147744,31,3950784,103968,21.93931023,8208
DF 76x146,Arch,Single,4,76,146,11096,19710195,270003,42,5340875,140549,21.93931091,11096
DF 76x184,Arch,Single,5,76,184,13984,39453525,428843,53.11622454,6730965,177131,21.93930969,13984
DF 76x222,Arch,Single,6,76,222,16872,69293304,624264,64,8121056,213712,21.93931023,16872
DF 76x260,Arch,Single,7,76,260,19760,111314667,856267,75,9511147,250293,21.93931061,19760
DF 76x298,Arch,Single,8,76,298,22648,167602749,1124851,86,10901237,286875,21.93930989,22648
DF 76x336,Arch,Single,9,76,336,25536,240242688,1430016,97,12291328,323456,21.93931023,25536
DF 76x374,Arch,Single,10,76,374,28424,331319619,1771763,108,13681419,360037,21.9393105,28424
DF 76x412,Arch,Single,11,76,412,31312,442918677,2150091,119,15071509,396619,21.93930999,31312
DF 76x450,Arch,Single,12,76,450,34200,577125000,2565000,130,16461600,433200,21.93931023,34200
DF 76x488,Arch,Single,13,76,488,37088,736023723,3016491,141,17851691,469781,21.93931043,37088
DF 76x526,Arch,Single,14,76,526,39976,921699981,3504563,152,19241781,506363,21.93931004,39976
DF 76x564,Arch,Single,15,76,564,42864,1136238912,4029216,163,20631872,542944,21.93931023,42864
DF 76x602,Arch,Single,16,76,602,45752,1381725651,4590451,174,22021963,579525,21.9393104,45752
DF 76x640,Arch,Single,17,76,640,48640,1660245333,5188267,185,23412053,616107,21.93931007,48640
DF 76x678,Arch,Single,18,76,678,51528,1973883096,5822664,196,24802144,652688,21.93931023,51528
DF 76x716,Arch,Single,19,76,716,54416,2324724075,6493643,207,26192235,689269,21.93931037,54416
DF 76x754,Arch,Single,20,76,754,57304,2714853405,7201203,218,27582325,725851,21.9393101,57304
DF 76x792,Arch,Single,21,76,792,60192,3146356224,7945344,229,28972416,762432,21.93931023,60192
DF 76x830,Arch,Single,22,76,830,63080,3621317667,8726067,240,30362507,799013,21.93931035,63080
DF 76x868,Arch,Single,23,76,868,65968,4141822869,9543371,251,31752597,835595,21.93931011,65968
DF 76x906,Arch,Single,24,76,906,68856,4709956968,10397256,262,33142688,872176,21.93931023,68856
DF 76x944,Arch,Single,25,76,944,71744,5327805099,11287723,273,34532779,908757,21.93931034,71744
DF 76x982,Arch,Single,26,76,982,74632,5997452397,12214771,283,35922869,945339,21.93931013,74632
DF 76x1020,Arch,Single,27,76,1020,77520,6720984000,13178400,294,37312960,981920,21.93931023,77520
DF 76x1058,Arch,Single,28,76,1058,80408,7500485043,14178611,305,38703051,1018501,21.93931032,80408
DF 76x1096,Arch,Single,29,76,1096,83296,8338040661,15215403,316,40093141,1055083,21.93931014,83296
DF 76x1134,Arch,Single,30,76,1134,86184,9235735992,16288776,327,41483232,1091664,21.93931023,86184
DF 76x1172,Arch,Single,31,76,1172,89072,10195656171,17398731,338,42873323,1128245,21.93931031,89072
DF 76x1210,Arch,Single,32,76,1210,91960,11219886333,18545267,349,44263413,1164827,21.93931015,91960
DF 76x1248,Arch,Single,33,76,1248,94848,12310511616,19728384,360,45653504,1201408,21.93931023,94848
DF 76x1286,Arch,Single,34,76,1286,97736,13469617155,20948083,371,47043595,1237989,21.93931031,97736
DF 76x1324,Arch,Single,35,76,1324,100624,14699288085,22204363,382,48433685,1274571,21.93931015,100624
DF 76x1362,Arch,Single,36,76,1362,103512,16001609544,23497224,393,49823776,1311152,21.93931023,103512
DF 76x1400,Arch,Single,37,76,1400,106400,17378666667,24826667,404,51213867,1347733,21.9393103,106400
DF 127x146,Arch,Single,4,127,146,18542,32936773,451189,42,24921993,392472,36.66174197,18542
DF 127x184,Arch,Single,5,127,184,23368,65928917,716619,53,31408539,494623,36.6617419,23368
DF 127x222,Arch,Single,6,127,222,28194,115792758,1043178,64,37895086,596773,36.66174234,28194
DF 127x260,Arch,Single,7,127,260,33020,186012667,1430867,75,44381632,698923,36.66174223,33020
DF 127x298,Arch,Single,8,127,298,37846,280073015,1879685,86,50868178,801074,36.66174215,37846
DF 127x336,Arch,Single,9,127,336,42672,401458176,2389632,97,57354724,903224,36.66174209,42672
DF 127x374,Arch,Single,10,127,374,47498,553652521,2960709,108,63841270,1005374,36.66174205,47498
DF 127x412,Arch,Single,11,127,412,52324,740140421,3592915,119,70327816,1107525,36.66174201,52324
DF 127x450,Arch,Single,12,127,450,57150,964406250,4286250,130,76814363,1209675,36.66174221,57150
DF 127x488,Arch,Single,13,127,488,61976,1229934379,5040715,141,83300909,1311825,36.66174217,61976
DF 127x526,Arch,Single,14,127,526,66802,1540209179,5856309,152,89787455,1413976,36.66174213,66802
DF 127x564,Arch,Single,15,127,564,71628,1898715024,6733032,163,96274001,1516126,36.66174209,71628
DF 127x602,Arch,Single,16,127,602,76454,2308936285,7670885,174,102760547,1618276,36.66174206,76454
DF 127x640,Arch,Single,17,127,640,81280,2774357333,8669867,185,109247093,1720427,36.66174204,81280
DF 127x678,Arch,Single,18,127,678,86106,3298462542,9729978,196,115733640,1822577,36.66174217,86106
DF 127x716,Arch,Single,19,127,716,90932,3884736283,10851219,207,122220186,1924727,36.66174214,90932
DF 127x754,Arch,Single,20,127,754,95758,4536662927,12033589,218,128706732,2026878,36.66174212,95758
DF 127x792,Arch,Single,21,127,792,100584,5257726848,13277088,229,135193278,2129028,36.66174209,100584
DF 127x830,Arch,Single,22,127,830,105410,6051412417,14581717,240,141679824,2231178,36.66174207,105410
DF 127x868,Arch,Single,23,127,868,110236,6921204005,15947475,251,148166370,2333329,36.66174205,110236
DF 127x906,Arch,Single,24,127,906,115062,7870585986,17374362,262,154652917,2435479,36.66174215,115062
DF 127x944,Arch,Single,25,127,944,119888,8903042731,18862379,273,161139463,2537629,36.66174213,119888
DF 127x982,Arch,Single,26,127,982,124714,10022058611,20411525,283,167626009,2639780,36.66174211,124714
DF 127x1020,Arch,Single,27,127,1020,129540,11231118000,22021800,294,174112555,2741930,36.66174209,129540
DF 127x1058,Arch,Single,28,127,1058,134366,12533705269,23693205,305,180599101,2844080,36.66174208,134366
DF 127x1096,Arch,Single,29,127,1096,139192,13933304789,25425739,316,187085647,2946231,36.66174206,139192
DF 127x1134,Arch,Single,30,127,1134,144018,15433400934,27219402,327,193572194,3048381,36.66174214,144018
DF 127x1172,Arch,Single,31,127,1172,148844,17037478075,29074195,338,200058740,3150531,36.66174212,148844
DF 127x1210,Arch,Single,32,127,1210,153670,18749020583,30990117,349,206545286,3252682,36.66174211,153670
DF 127x1248,Arch,Single,33,127,1248,158496,20571512832,32967168,360,213031832,3354832,36.66174209,158496
DF 127x1286,Arch,Single,34,127,1286,163322,22508439193,35005349,371,219518378,3456982,36.66174208,163322
DF 127x1324,Arch,Single,35,127,1324,168148,24563284037,37104659,382,226004924,3559133,36.66174207,168148
DF 127x1362,Arch,Single,36,127,1362,172974,26739531738,39265098,393,232491471,3661283,36.66174213,172974
DF 127x1400,Arch,Single,37,127,1400,177800,29040666667,41486667,404,238978017,3763433,36.66174212,177800
DF 127x1438,Arch,Single,38,127,1438,182626,31470173195,43769365,415,245464563,3865584,36.66174211,182626
DF 127x1476,Arch,Single,39,127,1476,187452,34031535696,46113192,426,251951109,3967734,36.66174209,187452
DF 127x1514,Arch,Single,40,127,1514,192278,36728238541,48518149,437,258437655,4069884,36.66174208,192278
DF 127x1552,Arch,Single,41,127,1552,197104,39563766101,50984235,448,264924201,4172035,36.66174207,197104
DF 172x184,Arch,Single,5,172,184,31648,89289557,970539,53,78022869,907243,49.65212304,31648
DF 172x222,Arch,Single,6,172,222,38184,156821688,1412808,64,94136288,1094608,49.65212315,38184
DF 172x260,Arch,Single,7,172,260,44720,251922667,1937867,75,110249707,1281973,49.65212323,44720
DF 172x298,Arch,Single,8,172,298,51256,379311485,2545715,86,126363125,1469339,49.65212308,51256
DF 172x336,Arch,Single,9,172,336,57792,543707136,3236352,97,142476544,1656704,49.65212315,57792
DF 172x374,Arch,Single,10,172,374,64328,749828611,4009779,108,158589963,1844069,49.6521232,64328
DF 172x412,Arch,Single,11,172,412,70864,1002394901,4865995,119,174703381,2031435,49.6521231,70864
DF 172x450,Arch,Single,12,172,450,77400,1306125000,5805000,130,190816800,2218800,49.65212315,77400
DF 172x488,Arch,Single,13,172,488,83936,1665737899,6826795,141,206930219,2406165,49.65212319,83936
DF 172x526,Arch,Single,14,172,526,90472,2085952589,7931379,152,223043637,2593531,49.65212311,90472
DF 172x564,Arch,Single,15,172,564,97008,2571488064,9118752,163,239157056,2780896,49.65212315,97008
DF 172x602,Arch,Single,16,172,602,103544,3127063315,10388915,174,255270475,2968261,49.65212318,103544
DF 172x640,Arch,Single,17,172,640,110080,3757397333,11741867,185,271383893,3155627,49.65212312,110080
DF 172x678,Arch,Single,18,172,678,116616,4467209112,13177608,196,287497312,3342992,49.65212315,116616
DF 172x716,Arch,Single,19,172,716,123152,5261217643,14696139,207,303610731,3530357,49.65212318,123152
DF 172x754,Arch,Single,20,172,754,129688,6144141917,16297459,218,319724149,3717723,49.65212312,129688
DF 172x792,Arch,Single,21,172,792,136224,7120700928,17981568,229,335837568,3905088,49.65212315,136224
DF 172x830,Arch,Single,22,172,830,142760,8195613667,19748467,240,351950987,4092453,49.65212317,142760
DF 172x868,Arch,Single,23,172,868,149296,9373599125,21598155,251,368064405,4279819,49.65212313,149296
DF 172x906,Arch,Single,24,172,906,155832,10659376296,23530632,262,384177824,4467184,49.65212315,155832
DF 172x944,Arch,Single,25,172,944,162368,12057664171,25545899,273,400291243,4654549,49.65212317,162368
DF 172x982,Arch,Single,26,172,982,168904,13573181741,27643955,283,416404661,4841915,49.65212313,168904
DF 172x1020,Arch,Single,27,172,1020,175440,15210648000,29824800,294,432518080,5029280,49.65212315,175440
DF 172x1058,Arch,Single,28,172,1058,181976,16974781939,32088435,305,448631499,5216645,49.65212317,181976
DF 172x1096,Arch,Single,29,172,1096,188512,18870302549,34434859,316,464744917,5404011,49.65212313,188512
DF 172x1134,Arch,Single,30,172,1134,195048,20901928824,36864072,327,480858336,5591376,49.65212315,195048
DF 172x1172,Arch,Single,31,172,1172,201584,23074379755,39376075,338,496971755,5778741,49.65212317,201584
DF 172x1210,Arch,Single,32,172,1210,208120,25392374333,41970867,349,513085173,5966107,49.65212313,208120
DF 172x1248,Arch,Single,33,172,1248,214656,27860631552,44648448,360,529198592,6153472,49.65212315,214656
DF 172x1286,Arch,Single,34,172,1286,221192,30483870403,47408819,371,545312011,6340837,49.65212317,221192
DF 172x1324,Arch,Single,35,172,1324,227728,33266809877,50251979,382,561425429,6528203,49.65212314,227728
DF 172x1362,Arch,Single,36,172,1362,234264,36214168968,53177928,393,577538848,6715568,49.65212315,234264
DF 172x1400,Arch,Single,37,172,1400,240800,39330666667,56186667,404,593652267,6902933,49.65212316,240800
DF 172x1438,Arch,Single,38,172,1438,247336,42621021965,59278195,415,609765685,7090299,49.65212314,247336
DF 172x1476,Arch,Single,39,172,1476,253872,46089953856,62452512,426,625879104,7277664,49.65212315,253872
DF 172x1514,Arch,Single,40,172,1514,260408,49742181331,65709619,437,641992523,7465029,49.65212316,260408
DF 172x1552,Arch,Single,41,172,1552,266944,53582423381,69049515,448,658105941,7652395,49.65212314,266944
DF 222x260,Arch,Single,7,222,260,57720,325156000,2501200,75,237056040,2135640,64.08587988,57720
DF 222x298,Arch,Single,8,222,298,66156,489576452,3285748,86,271702692,2447772,64.08587988,66156
DF 222x336,Arch,Single,9,222,336,74592,701761536,4177152,97,306349344,2759904,64.08587988,74592
DF 222x374,Arch,Single,10,222,374,83028,967802044,5175412,108,340995996,3072036,64.08587988,83028
DF 222x412,Arch,Single,11,222,412,91464,1293788768,6280528,119,375642648,3384168,64.08587988,91464
DF 222x450,Arch,Single,12,222,450,99900,1685812500,7492500,130,410289300,3696300,64.08587988,99900
DF 222x488,Arch,Single,13,222,488,108336,2149964032,8811328,141,444935952,4008432,64.08587988,108336
DF 222x526,Arch,Single,14,222,526,116772,2692334156,10237012,152,479582604,4320564,64.08587988,116772
DF 222x564,Arch,Single,15,222,564,125208,3319013664,11769552,163,514229256,4632696,64.08587988,125208
DF 222x602,Arch,Single,16,222,602,133644,4036093348,13408948,174,548875908,4944828,64.08587988,133644
DF 222x640,Arch,Single,17,222,640,142080,4849664000,15155200,185,583522560,5256960,64.08587988,142080
DF 222x678,Arch,Single,18,222,678,150516,5765816412,17008308,196,618169212,5569092,64.08587988,150516
DF 222x716,Arch,Single,19,222,716,158952,6790641376,18968272,207,652815864,5881224,64.08587988,158952
DF 222x754,Arch,Single,20,222,754,167388,7930229684,21035092,218,687462516,6193356,64.08587988,167388
DF 222x792,Arch,Single,21,222,792,175824,9190672128,23208768,229,722109168,6505488,64.08587988,175824
DF 222x830,Arch,Single,22,222,830,184260,10578059500,25489300,240,756755820,6817620,64.08587988,184260
DF 222x868,Arch,Single,23,222,868,192696,12098482592,27876688,251,791402472,7129752,64.08587988,192696
DF 222x906,Arch,Single,24,222,906,201132,13758032196,30370932,262,826049124,7441884,64.08587988,201132
DF 222x944,Arch,Single,25,222,944,209568,15562799104,32972032,273,860695776,7754016,64.08587988,209568
DF 222x982,Arch,Single,26,222,982,218004,17518874108,35679988,283,895342428,8066148,64.08587988,218004
DF 222x1020,Arch,Single,27,222,1020,226440,19632348000,38494800,294,929989080,8378280,64.08587988,226440
DF 222x1058,Arch,Single,28,222,1058,234876,21909311572,41416468,305,964635732,8690412,64.08587988,234876
DF 222x1096,Arch,Single,29,222,1096,243312,24355855616,44444992,316,999282384,9002544,64.08587988,243312
DF 222x1134,Arch,Single,30,222,1134,251748,26978070924,47580372,327,1033929036,9314676,64.08587988,251748
DF 222x1172,Arch,Single,31,222,1172,260184,29782048288,50822608,338,1068575688,9626808,64.08587988,260184
DF 222x1210,Arch,Single,32,222,1210,268620,32773878500,54171700,349,1103222340,9938940,64.08587988,268620
DF 222x1248,Arch,Single,33,222,1248,277056,35959652352,57627648,360,1137868992,10251072,64.08587988,277056
DF 222x1286,Arch,Single,34,222,1286,285492,39345460636,61190452,371,1172515644,10563204,64.08587988,285492
DF 222x1324,Arch,Single,35,222,1324,293928,42937394144,64860112,382,1207162296,10875336,64.08587988,293928
DF 222x1362,Arch,Single,36,222,1362,302364,46741543668,68636628,393,1241808948,11187468,64.08587988,302364
DF 222x1400,Arch,Single,37,222,1400,310800,50764000000,72520000,404,1276455600,11499600,64.08587988,310800
DF 222x1438,Arch,Single,38,222,1438,319236,55010853932,76510228,415,1311102252,11811732,64.08587988,319236
DF 222x1476,Arch,Single,39,222,1476,327672,59488196256,80607312,426,1345748904,12123864,64.08587988,327672
DF 222x1514,Arch,Single,40,222,1514,336108,64202117764,84811252,437,1380395556,12435996,64.08587988,336108
DF 222x1552,Arch,Single,41,222,1552,344544,69158709248,89122048,448,1415042208,12748128,64.08587988,344544
DF 273x298,Arch,Single,8,273,298,81354,602046718,4040582,86,505269356,3701607,78.80831178,81354
DF 273x336,Arch,Single,9,273,336,91728,862977024,5136768,97,569699676,4173624,78.80831174,91728
DF 273x374,Arch,Single,10,273,374,102102,1190134946,6364358,108,634129997,4645641,78.80831178,102102
DF 273x412,Arch,Single,11,273,412,112476,1591010512,7723352,119,698560317,5117658,78.80831174,112476
DF 273x450,Arch,Single,12,273,450,122850,2073093750,9213750,130,762990638,5589675,78.80831177,122850
DF 273x488,Arch,Single,13,273,488,133224,2643874688,10835552,141,827420958,6061692,78.80831174,133224
DF 273x526,Arch,Single,14,273,526,143598,3310843354,12588758,152,891851279,6533709,78.80831177,143598
DF 273x564,Arch,Single,15,273,564,153972,4081489776,14473368,163,956281599,7005726,78.80831174,153972
DF 273x602,Arch,Single,16,273,602,164346,4963303982,16489382,174,1020711920,7477743,78.80831176,164346
DF 273x640,Arch,Single,17,273,640,174720,5963776000,18636800,185,1085142240,7949760,78.80831174,174720
DF 273x678,Arch,Single,18,273,678,185094,7090395858,20915622,196,1149572561,8421777,78.80831176,185094
DF 273x716,Arch,Single,19,273,716,195468,8350653584,23325848,207,1214002881,8893794,78.80831174,195468
DF 273x754,Arch,Single,20,273,754,205842,9752039206,25867478,218,1278433202,9365811,78.80831176,205842
DF 273x792,Arch,Single,21,273,792,216216,11302042752,28540512,229,1342863522,9837828,78.80831174,216216
DF 273x830,Arch,Single,22,273,830,226590,13008154250,31344950,240,1407293843,10309845,78.80831176,226590
DF 273x868,Arch,Single,23,273,868,236964,14877863728,34280792,251,1471724163,10781862,78.80831174,236964
DF 273x906,Arch,Single,24,273,906,247338,16918661214,37348038,262,1536154484,11253879,78.80831176,247338
DF 273x944,Arch,Single,25,273,944,257712,19138036736,40546688,273,1600584804,11725896,78.80831174,257712
DF 273x982,Arch,Single,26,273,982,268086,21543480322,43876742,283,1665015125,12197913,78.80831176,268086
DF 273x1020,Arch,Single,27,273,1020,278460,24142482000,47338200,294,1729445445,12669930,78.80831174,278460
DF 273x1058,Arch,Single,28,273,1058,288834,26942531798,50931062,305,1793875766,13141947,78.80831176,288834
DF 273x1096,Arch,Single,29,273,1096,299208,29951119744,54655328,316,1858306086,13613964,78.80831174,299208
DF 273x1134,Arch,Single,30,273,1134,309582,33175735866,58510998,327,1922736407,14085981,78.80831175,309582
DF 273x1172,Arch,Single,31,273,1172,319956,36623870192,62498072,338,1987166727,14557998,78.80831174,319956
DF 273x1210,Arch,Single,32,273,1210,330330,40303012750,66616550,349,2051597048,15030015,78.80831175,330330
DF 273x1248,Arch,Single,33,273,1248,340704,44220653568,70866432,360,2116027368,15502032,78.80831174,340704
DF 273x1286,Arch,Single,34,273,1286,351078,48384282674,75247718,371,2180457689,15974049,78.80831175,351078
DF 273x1324,Arch,Single,35,273,1324,361452,52801390096,79760408,382,2244888009,16446066,78.80831174,361452
DF 273x1362,Arch,Single,36,273,1362,371826,57479465862,84404502,393,2309318330,16918083,78.80831175,371826
DF 273x1400,Arch,Single,37,273,1400,382200,62426000000,89180000,404,2373748650,17390100,78.80831174,382200
DF 273x1438,Arch,Single,38,273,1438,392574,67648482538,94086902,415,2438178971,17862117,78.80831175,392574
DF 273x1476,Arch,Single,39,273,1476,402948,73154403504,99125208,426,2502609291,18334134,78.80831174,402948
DF 273x1514,Arch,Single,40,273,1514,413322,78951252926,104294918,437,2567039612,18806151,78.80831175,413322
DF 273x1552,Arch,Single,41,273,1552,423696,85046520832,109596032,448,2631469932,19278168,78.80831174,423696
DF 79x114,Industrial,Single,3,79,114,9006,9753498,171114,33,4683871,118579,22.80533685,9006
DF 79x152,Industrial,Single,4,79,152,12008,23119403,304203,44,6245161,158105,22.80533624,12008
DF 79x190,Industrial,Single,5,79,190,15010,45155083,475317,55,7806451,197632,22.80533588,15010
DF 79x228,Industrial,Single,6,79,228,18012,78027984,684456,66,9367741,237158,22.80533563,18012
DF 79x266,Industrial,Single,7,79,266,21014,123905549,931621,77,10929031,276684,22.80533546,21014
DF 79x304,Industrial,Single,8,79,304,24016,184955221,1216811,88,12490321,316211,22.80533533,24016
DF 79x342,Industrial,Single,9,79,342,27018,263344446,1540026,99,14051612,355737,22.80533604,27018
DF 79x380,Industrial,Single,10,79,380,30020,361240667,1901267,110,15612902,395263,22.80533588,30020
DF 79x418,Industrial,Single,11,79,418,33022,480811327,2300533,121,17174192,434790,22.80533574,33022
DF 79x456,Industrial,Single,12,79,456,36024,624223872,2737824,132,18735482,474316,22.80533563,36024
DF 79x494,Industrial,Single,13,79,494,39026,793645745,3213141,143,20296772,513842,22.80533554,39026
DF 79x532,Industrial,Single,14,79,532,42028,991244389,3726483,154,21858062,553369,22.80533546,42028
DF 79x570,Industrial,Single,15,79,570,45030,1219187250,4277850,165,23419353,592895,22.80533588,45030
DF 79x608,Industrial,Single,16,79,608,48032,1479641771,4867243,176,24980643,632421,22.80533579,48032
DF 79x646,Industrial,Single,17,79,646,51034,1774775395,5494661,186,26541933,671948,22.8053357,51034
DF 79x684,Industrial,Single,18,79,684,54036,2106755568,6160104,197,28103223,711474,22.80533563,54036
DF 79x722,Industrial,Single,19,79,722,57038,2477749733,6863573,208,29664513,751000,22.80533557,57038
DF 79x760,Industrial,Single,20,79,760,60040,2889925333,7605067,219,31225803,790527,22.80533551,60040
DF 79x798,Industrial,Single,21,79,798,63042,3345449814,8384586,230,32787094,830053,22.80533581,63042
DF 79x836,Industrial,Single,22,79,836,66044,3846490619,9202131,241,34348384,869579,22.80533574,66044
DF 79x874,Industrial,Single,23,79,874,69046,4395215191,10057701,252,35909674,909106,22.80533569,69046
DF 79x912,Industrial,Single,24,79,912,72048,4993790976,10951296,263,37470964,948632,22.80533563,72048
DF 79x950,Industrial,Single,25,79,950,75050,5644385417,11882917,274,39032254,988158,22.80533558,75050
DF 79x988,Industrial,Single,26,79,988,78052,6349165957,12852563,285,40593544,1027685,22.80533554,78052
DF 79x1026,Industrial,Single,27,79,1026,81054,7110300042,13860234,296,42154835,1067211,22.80533577,81054
DF 79x1064,Industrial,Single,28,79,1064,84056,7929955115,14905931,307,43716125,1106737,22.80533572,84056
DF 79x1102,Industrial,Single,29,79,1102,87058,8810298619,15989653,318,45277415,1146264,22.80533567,87058
DF 79x1140,Industrial,Single,30,79,1140,90060,9753498000,17111400,329,46838705,1185790,22.80533563,90060
DF 79x1178,Industrial,Single,31,79,1178,93062,10761720701,18271173,340,48399995,1225316,22.80533559,93062
DF 79x1216,Industrial,Single,32,79,1216,96064,11837134165,19468971,351,49961285,1264843,22.80533556,96064
DF 79x1254,Industrial,Single,33,79,1254,99066,12981905838,20704794,362,51522576,1304369,22.80533574,99066
DF 79x1292,Industrial,Single,34,79,1292,102068,14198203163,21978643,373,53083866,1343895,22.8053357,102068
DF 79x1330,Industrial,Single,35,79,1330,105070,15488193583,23290517,384,54645156,1383422,22.80533567,105070
DF 79x1368,Industrial,Single,36,79,1368,108072,16854044544,24640416,395,56206446,1422948,22.80533563,108072
DF 79x1406,Industrial,Single,37,79,1406,111074,18297923489,26028341,406,57767736,1462474,22.8053356,111074
DF 130x152,Industrial,Single,4,130,152,19760,38044587,500587,44,27828667,428133,37.52776772,19760
DF 130x190,Industrial,Single,5,130,190,24700,74305833,782167,55,34785833,535167,37.52776732,24700
DF 130x228,Industrial,Single,6,130,228,29640,128400480,1126320,66,41743000,642200,37.5277675,29640
DF 130x266,Industrial,Single,7,130,266,34580,203895207,1533047,77,48700167,749233,37.52776763,34580
DF 130x304,Industrial,Single,8,130,304,39520,304356693,2002347,88,55657333,856267,37.52776738,39520
DF 130x342,Industrial,Single,9,130,342,44460,433351620,2534220,99,62614500,963300,37.5277675,44460
DF 130x380,Industrial,Single,10,130,380,49400,594446667,3128667,110,69571667,1070333,37.52776759,49400
DF 130x418,Industrial,Single,11,130,418,54340,791208513,3785687,121,76528833,1177367,37.52776742,54340
DF 130x456,Industrial,Single,12,130,456,59280,1027203840,4505280,132,83486000,1284400,37.5277675,59280
DF 130x494,Industrial,Single,13,130,494,64220,1305999327,5287447,143,90443167,1391433,37.52776757,64220
DF 130x532,Industrial,Single,14,130,532,69160,1631161653,6132187,154,97400333,1498467,37.52776743,69160
DF 130x570,Industrial,Single,15,130,570,74100,2006257500,7039500,165,104357500,1605500,37.5277675,74100
DF 130x608,Industrial,Single,16,130,608,79040,2434853547,8009387,176,111314667,1712533,37.52776755,79040
DF 130x646,Industrial,Single,17,130,646,83980,2920516473,9041847,186,118271833,1819567,37.52776744,83980
DF 130x684,Industrial,Single,18,130,684,88920,3466812960,10136880,197,125229000,1926600,37.5277675,88920
DF 130x722,Industrial,Single,19,130,722,93860,4077309687,11294487,208,132186167,2033633,37.52776754,93860
DF 130x760,Industrial,Single,20,130,760,98800,4755573333,12514667,219,139143333,2140667,37.52776745,98800
DF 130x798,Industrial,Single,21,130,798,103740,5505170580,13797420,230,146100500,2247700,37.5277675,103740
DF 130x836,Industrial,Single,22,130,836,108680,6329668107,15142747,241,153057667,2354733,37.52776754,108680
DF 130x874,Industrial,Single,23,130,874,113620,7232632593,16550647,252,160014833,2461767,37.52776746,113620
DF 130x912,Industrial,Single,24,130,912,118560,8217630720,18021120,263,166972000,2568800,37.5277675,118560
DF 130x950,Industrial,Single,25,130,950,123500,9288229167,19554167,274,173929167,2675833,37.52776753,123500
DF 130x988,Industrial,Single,26,130,988,128440,10447994613,21149787,285,180886333,2782867,37.52776746,128440
DF 130x1026,Industrial,Single,27,130,1026,133380,11700493740,22807980,296,187843500,2889900,37.5277675,133380
DF 130x1064,Industrial,Single,28,130,1064,138320,13049293227,24528747,307,194800667,2996933,37.52776753,138320
DF 130x1102,Industrial,Single,29,130,1102,143260,14497959753,26312087,318,201757833,3103967,37.52776747,143260
DF 130x1140,Industrial,Single,30,130,1140,148200,16050060000,28158000,329,208715000,3211000,37.5277675,148200
DF 130x1178,Industrial,Single,31,130,1178,153140,17709160647,30066487,340,215672167,3318033,37.52776753,153140
DF 130x1216,Industrial,Single,32,130,1216,158080,19478828373,32037547,351,222629333,3425067,37.52776747,158080
DF 130x1254,Industrial,Single,33,130,1254,163020,21362629860,34071180,362,229586500,3532100,37.5277675,163020
DF 130x1292,Industrial,Single,34,130,1292,167960,23364131787,36167387,373,236543667,3639133,37.52776752,167960
DF 130x1330,Industrial,Single,35,130,1330,172900,25486900833,38326167,384,243500833,3746167,37.52776747,172900
DF 130x1368,Industrial,Single,36,130,1368,177840,27734503680,40547520,395,250458000,3853200,37.5277675,177840
DF 130x1406,Industrial,Single,37,130,1406,182780,30110507007,42831447,406,257415167,3960233,37.52776752,182780
DF 130x1444,Industrial,Single,38,130,1444,187720,32618477493,45177947,417,264372333,4067267,37.52776747,187720
DF 130x1482,Industrial,Single,39,130,1482,192660,35261981820,47587020,428,271329500,4174300,37.5277675,192660
DF 130x1520,Industrial,Single,40,130,1520,197600,38044586667,50058667,439,278286667,4281333,37.52776752,197600
DF 130x1558,Industrial,Single,41,130,1558,202540,40969858713,52592887,450,285243833,4388367,37.52776748,202540
DF 175x190,Industrial,Single,5,175,190,33250,100027083,1052917,55,84856771,969792,50.5181486,33250
DF 175x228,Industrial,Single,6,175,228,39900,172846800,1516200,66,101828125,1163750,50.51814855,39900
DF 175x266,Industrial,Single,7,175,266,46550,274474317,2063717,77,118799479,1357708,50.51814852,46550
DF 175x304,Industrial,Single,8,175,304,53200,409710933,2695467,88,135770833,1551667,50.51814849,53200
DF 175x342,Industrial,Single,9,175,342,59850,583357950,3411450,99,152742188,1745625,50.51814864,59850
DF 175x380,Industrial,Single,10,175,380,66500,800216667,4211667,110,169713542,1939583,50.5181486,66500
DF 175x418,Industrial,Single,11,175,418,73150,1065088383,5096117,121,186684896,2133542,50.51814858,73150
DF 175x456,Industrial,Single,12,175,456,79800,1382774400,6064800,132,203656250,2327500,50.51814855,79800
DF 175x494,Industrial,Single,13,175,494,86450,1758076017,7117717,143,220627604,2521458,50.51814854,86450
DF 175x532,Industrial,Single,14,175,532,93100,2195794533,8254867,154,237598958,2715417,50.51814852,93100
DF 175x570,Industrial,Single,15,175,570,99750,2700731250,9476250,165,254570313,2909375,50.5181486,99750
DF 175x608,Industrial,Single,16,175,608,106400,3277687467,10781867,176,271541667,3103333,50.51814859,106400
DF 175x646,Industrial,Single,17,175,646,113050,3931464483,12171717,186,288513021,3297292,50.51814857,113050
DF 175x684,Industrial,Single,18,175,684,119700,4666863600,13645800,197,305484375,3491250,50.51814855,119700
DF 175x722,Industrial,Single,19,175,722,126350,5488686117,15204117,208,322455729,3685208,50.51814854,126350
DF 175x760,Industrial,Single,20,175,760,133000,6401733333,16846667,219,339427083,3879167,50.51814853,133000
DF 175x798,Industrial,Single,21,175,798,139650,7410806550,18573450,230,356398438,4073125,50.51814859,139650
DF 175x836,Industrial,Single,22,175,836,146300,8520707067,20384467,241,373369792,4267083,50.51814858,146300
DF 175x874,Industrial,Single,23,175,874,152950,9736236183,22279717,252,390341146,4461042,50.51814856,152950
DF 175x912,Industrial,Single,24,175,912,159600,11062195200,24259200,263,407312500,4655000,50.51814855,159600
DF 175x950,Industrial,Single,25,175,950,166250,12503385417,26322917,274,424283854,4848958,50.51814854,166250
DF 175x988,Industrial,Single,26,175,988,172900,14064608133,28470867,285,441255208,5042917,50.51814854,172900
DF 175x1026,Industrial,Single,27,175,1026,179550,15750664650,30703050,296,458226563,5236875,50.51814858,179550
DF 175x1064,Industrial,Single,28,175,1064,186200,17566356267,33019467,307,475197917,5430833,50.51814857,186200
DF 175x1102,Industrial,Single,29,175,1102,192850,19516484283,35420117,318,492169271,5624792,50.51814856,192850
DF 175x1140,Industrial,Single,30,175,1140,199500,21605850000,37905000,329,509140625,5818750,50.51814855,199500
DF 175x1178,Industrial,Single,31,175,1178,206150,23839254717,40474117,340,526111979,6012708,50.51814855,206150
DF 175x1216,Industrial,Single,32,175,1216,212800,26221499733,43127467,351,543083333,6206667,50.51814854,212800
DF 175x1254,Industrial,Single,33,175,1254,219450,28757386350,45865050,362,560054688,6400625,50.51814858,219450
DF 175x1292,Industrial,Single,34,175,1292,226100,31451715867,48686867,373,577026042,6594583,50.51814857,226100
DF 175x1330,Industrial,Single,35,175,1330,232750,34309289583,51592917,384,593997396,6788542,50.51814856,232750
DF 175x1368,Industrial,Single,36,175,1368,239400,37334908800,54583200,395,610968750,6982500,50.51814855,239400
DF 175x1406,Industrial,Single,37,175,1406,246050,40533374817,57657717,406,627940104,7176458,50.51814855,246050
DF 175x1444,Industrial,Single,38,175,1444,252700,43909488933,60816467,417,644911458,7370417,50.51814854,252700
DF 175x1482,Industrial,Single,39,175,1482,259350,47468052450,64059450,428,661882813,7564375,50.51814857,259350
DF 175x1520,Industrial,Single,40,175,1520,266000,51213866667,67386667,439,678854167,7758333,50.51814857,266000
DF 175x1558,Industrial,Single,41,175,1558,272650,55151732883,70798117,450,695825521,7952292,50.51814856,272650
DF 225x266,Industrial,Single,7,225,266,59850,352895550,2653350,77,252492188,2244375,64.95190535,59850
DF 225x304,Industrial,Single,8,225,304,68400,526771200,3465600,88,288562500,2565000,64.95190528,68400
DF 225x342,Industrial,Single,9,225,342,76950,750031650,4386150,99,324632813,2885625,64.95190533,76950
DF 225x380,Industrial,Single,10,225,380,85500,1028850000,5415000,110,360703125,3206250,64.95190528,85500
DF 225x418,Industrial,Single,11,225,418,94050,1369399350,6552150,121,396773438,3526875,64.95190532,94050
DF 225x456,Industrial,Single,12,225,456,102600,1777852800,7797600,132,432843750,3847500,64.95190528,102600
DF 225x494,Industrial,Single,13,225,494,111150,2260383450,9151350,143,468914063,4168125,64.95190532,111150
DF 225x532,Industrial,Single,14,225,532,119700,2823164400,10613400,154,504984375,4488750,64.95190528,119700
DF 225x570,Industrial,Single,15,225,570,128250,3472368750,12183750,165,541054688,4809375,64.95190531,128250
DF 225x608,Industrial,Single,16,225,608,136800,4214169600,13862400,176,577125000,5130000,64.95190528,136800
DF 225x646,Industrial,Single,17,225,646,145350,5054740050,15649350,186,613195313,5450625,64.95190531,145350
DF 225x684,Industrial,Single,18,225,684,153900,6000253200,17544600,197,649265625,5771250,64.95190528,153900
DF 225x722,Industrial,Single,19,225,722,162450,7056882150,19548150,208,685335938,6091875,64.95190531,162450
DF 225x760,Industrial,Single,20,225,760,171000,8230800000,21660000,219,721406250,6412500,64.95190528,171000
DF 225x798,Industrial,Single,21,225,798,179550,9528179850,23880150,230,757476563,6733125,64.95190531,179550
DF 225x836,Industrial,Single,22,225,836,188100,10955194800,26208600,241,793546875,7053750,64.95190528,188100
DF 225x874,Industrial,Single,23,225,874,196650,12518017950,28645350,252,829617188,7374375,64.9519053,196650
DF 225x912,Industrial,Single,24,225,912,205200,14222822400,31190400,263,865687500,7695000,64.95190528,205200
DF 225x950,Industrial,Single,25,225,950,213750,16075781250,33843750,274,901757813,8015625,64.9519053,213750
DF 225x988,Industrial,Single,26,225,988,222300,18083067600,36605400,285,937828125,8336250,64.95190528,222300
DF 225x1026,Industrial,Single,27,225,1026,230850,20250854550,39475350,296,973898438,8656875,64.9519053,230850
DF 225x1064,Industrial,Single,28,225,1064,239400,22585315200,42453600,307,1009968750,8977500,64.95190528,239400
DF 225x1102,Industrial,Single,29,225,1102,247950,25092622650,45540150,318,1046039063,9298125,64.9519053,247950
DF 225x1140,Industrial,Single,30,225,1140,256500,27778950000,48735000,329,1082109375,9618750,64.95190528,256500
DF 225x1178,Industrial,Single,31,225,1178,265050,30650470350,52038150,340,1118179688,9939375,64.9519053,265050
DF 225x1216,Industrial,Single,32,225,1216,273600,33713356800,55449600,351,1154250000,10260000,64.95190528,273600
DF 225x1254,Industrial,Single,33,225,1254,282150,36973782450,58969350,362,1190320313,10580625,64.9519053,282150
DF 225x1292,Industrial,Single,34,225,1292,290700,40437920400,62597400,373,1226390625,10901250,64.95190528,290700
DF 225x1330,Industrial,Single,35,225,1330,299250,44111943750,66333750,384,1262460938,11221875,64.9519053,299250
DF 225x1368,Industrial,Single,36,225,1368,307800,48002025600,70178400,395,1298531250,11542500,64.95190528,307800
DF 225x1406,Industrial,Single,37,225,1406,316350,52114339050,74131350,406,1334601563,11863125,64.9519053,316350
DF 225x1444,Industrial,Single,38,225,1444,324900,56455057200,78192600,417,1370671875,12183750,64.95190528,324900
DF 225x1482,Industrial,Single,39,225,1482,333450,61030353150,82362150,428,1406742188,12504375,64.9519053,333450
DF 225x1520,Industrial,Single,40,225,1520,342000,65846400000,86640000,439,1442812500,12825000,64.95190528,342000
DF 225x1558,Industrial,Single,41,225,1558,350550,70909370850,91026150,450,1478882813,13145625,64.95190529,350550
DF 276x304,Industrial,Single,8,276,304,83904,646172672,4251136,88,532622592,3859584,79.67433715,83904
DF 276x342,Industrial,Single,9,276,342,94392,920038824,5380344,99,599200416,4342032,79.67433715,94392
DF 276x380,Industrial,Single,10,276,380,104880,1262056000,6642400,110,665778240,4824480,79.67433715,104880
DF 276x418,Industrial,Single,11,276,418,115368,1679796536,8037304,121,732356064,5306928,79.67433715,115368
DF 276x456,Industrial,Single,12,276,456,125856,2180832768,9565056,132,798933888,5789376,79.67433715,125856
DF 276x494,Industrial,Single,13,276,494,136344,2772737032,11225656,143,865511712,6271824,79.67433715,136344
DF 276x532,Industrial,Single,14,276,532,146832,3463081664,13019104,154,932089536,6754272,79.67433715,146832
DF 276x570,Industrial,Single,15,276,570,157320,4259439000,14945400,165,998667360,7236720,79.67433715,157320
DF 276x608,Industrial,Single,16,276,608,167808,5169381376,17004544,176,1065245184,7719168,79.67433715,167808
DF 276x646,Industrial,Single,17,276,646,178296,6200481128,19196536,186,1131823008,8201616,79.67433715,178296
DF 276x684,Industrial,Single,18,276,684,188784,7360310592,21521376,197,1198400832,8684064,79.67433715,188784
DF 276x722,Industrial,Single,19,276,722,199272,8656442104,23979064,208,1264978656,9166512,79.67433715,199272
DF 276x760,Industrial,Single,20,276,760,209760,10096448000,26569600,219,1331556480,9648960,79.67433715,209760
DF 276x798,Industrial,Single,21,276,798,220248,11687900616,29292984,230,1398134304,10131408,79.67433715,220248
DF 276x836,Industrial,Single,22,276,836,230736,13438372288,32149216,241,1464712128,10613856,79.67433715,230736
DF 276x874,Industrial,Single,23,276,874,241224,15355435352,35138296,252,1531289952,11096304,79.67433715,241224
DF 276x912,Industrial,Single,24,276,912,251712,17446662144,38260224,263,1597867776,11578752,79.67433715,251712
DF 276x950,Industrial,Single,25,276,950,262200,19719625000,41515000,274,1664445600,12061200,79.67433715,262200
DF 276x988,Industrial,Single,26,276,988,272688,22181896256,44902624,285,1731023424,12543648,79.67433715,272688
DF 276x1026,Industrial,Single,27,276,1026,283176,24841048248,48423096,296,1797601248,13026096,79.67433715,283176
DF 276x1064,Industrial,Single,28,276,1064,293664,27704653312,52076416,307,1864179072,13508544,79.67433715,293664
DF 276x1102,Industrial,Single,29,276,1102,304152,30780283784,55862584,318,1930756896,13990992,79.67433715,304152
DF 276x1140,Industrial,Single,30,276,1140,314640,34075512000,59781600,329,1997334720,14473440,79.67433715,314640
DF 276x1178,Industrial,Single,31,276,1178,325128,37597910296,63833464,340,2063912544,14955888,79.67433715,325128
DF 276x1216,Industrial,Single,32,276,1216,335616,41355051008,68018176,351,2130490368,15438336,79.67433715,335616
DF 276x1254,Industrial,Single,33,276,1254,346104,45354506472,72335736,362,2197068192,15920784,79.67433715,346104
DF 276x1292,Industrial,Single,34,276,1292,356592,49603849024,76786144,373,2263646016,16403232,79.67433715,356592
DF 276x1330,Industrial,Single,35,276,1330,367080,54110651000,81369400,384,2330223840,16885680,79.67433715,367080
DF 276x1368,Industrial,Single,36,276,1368,377568,58882484736,86085504,395,2396801664,17368128,79.67433715,377568
DF 276x1406,Industrial,Single,37,276,1406,388056,63926922568,90934456,406,2463379488,17850576,79.67433715,388056
DF 276x1444,Industrial,Single,38,276,1444,398544,69251536832,95916256,417,2529957312,18333024,79.67433715,398544
DF 276x1482,Industrial,Single,39,276,1482,409032,74863899864,101030904,428,2596535136,18815472,79.67433715,409032
DF 276x1520,Industrial,Single,40,276,1520,419520,80771584000,106278400,439,2663112960,19297920,79.67433715,419520
DF 276x1558,Industrial,Single,41,276,1558,430008,86982161576,111658744,450,2729690784,19780368,79.67433715,430008
DF 216x260,Arch,Staggered,7,216,260,56160,316368000,2433600,75,218350080,2021760,62.35382907,56160
DF 216x298,Arch,Staggered,8,216,298,64368,476344656,3196944,86,250262784,2317248,62.35382907,64368
DF 216x336,Arch,Staggered,9,216,336,72576,682795008,4064256,97,282175488,2612736,62.35382907,72576
DF 216x374,Arch,Staggered,10,216,374,80784,941645232,5035536,108,314088192,2908224,62.35382907,80784
DF 216x412,Arch,Staggered,11,216,412,88992,1258821504,6110784,119,346000896,3203712,62.35382907,88992
DF 216x450,Arch,Staggered,12,216,450,97200,1640250000,7290000,130,377913600,3499200,62.35382907,97200
DF 216x488,Arch,Staggered,13,216,488,105408,2091856896,8573184,141,409826304,3794688,62.35382907,105408
DF 216x526,Arch,Staggered,14,216,526,113616,2619568368,9960336,152,441739008,4090176,62.35382907,113616
DF 216x564,Arch,Staggered,15,216,564,121824,3229310592,11451456,163,473651712,4385664,62.35382907,121824
DF 216x602,Arch,Staggered,16,216,602,130032,3927009744,13046544,174,505564416,4681152,62.35382907,130032
DF 216x640,Arch,Staggered,17,216,640,138240,4718592000,14745600,185,537477120,4976640,62.35382907,138240
DF 216x678,Arch,Staggered,18,216,678,146448,5609983536,16548624,196,569389824,5272128,62.35382907,146448
DF 216x716,Arch,Staggered,19,216,716,154656,6607110528,18455616,207,601302528,5567616,62.35382907,154656
DF 216x754,Arch,Staggered,20,216,754,162864,7715899152,20466576,218,633215232,5863104,62.35382907,162864
DF 216x792,Arch,Staggered,21,216,792,171072,8942275584,22581504,229,665127936,6158592,62.35382907,171072
DF 216x830,Arch,Staggered,22,216,830,179280,10292166000,24800400,240,697040640,6454080,62.35382907,179280
DF 216x868,Arch,Staggered,23,216,868,187488,11771496576,27123264,251,728953344,6749568,62.35382907,187488
DF 216x906,Arch,Staggered,24,216,906,195696,13386193488,29550096,262,760866048,7045056,62.35382907,195696
DF 216x944,Arch,Staggered,25,216,944,203904,15142182912,32080896,273,792778752,7340544,62.35382907,203904
DF 216x982,Arch,Staggered,26,216,982,212112,17045391024,34715664,283,824691456,7636032,62.35382907,212112
DF 216x1020,Arch,Staggered,27,216,1020,220320,19101744000,37454400,294,856604160,7931520,62.35382907,220320
DF 216x1058,Arch,Staggered,28,216,1058,228528,21317168016,40297104,305,888516864,8227008,62.35382907,228528
DF 216x1096,Arch,Staggered,29,216,1096,236736,23697589248,43243776,316,920429568,8522496,62.35382907,236736
DF 216x1134,Arch,Staggered,30,216,1134,244944,26248933872,46294416,327,952342272,8817984,62.35382907,244944
DF 216x1172,Arch,Staggered,31,216,1172,253152,28977128064,49449024,338,984254976,9113472,62.35382907,253152
DF 216x1210,Arch,Staggered,32,216,1210,261360,31888098000,52707600,349,1016167680,9408960,62.35382907,261360
DF 216x1248,Arch,Staggered,33,216,1248,269568,34987769856,56070144,360,1048080384,9704448,62.35382907,269568
DF 216x1286,Arch,Staggered,34,216,1286,277776,38282069808,59536656,371,1079993088,9999936,62.35382907,277776
DF 216x1324,Arch,Staggered,35,216,1324,285984,41776924032,63107136,382,1111905792,10295424,62.35382907,285984
DF 216x1362,Arch,Staggered,36,216,1362,294192,45478258704,66781584,393,1143818496,10590912,62.35382907,294192
DF 216x1400,Arch,Staggered,37,216,1400,302400,49392000000,70560000,404,1175731200,10886400,62.35382907,302400
DF 216x1438,Arch,Staggered,38,216,1438,310608,53524074096,74442384,415,1207643904,11181888,62.35382907,310608
DF 216x1476,Arch,Staggered,39,216,1476,318816,57880407168,78428736,426,1239556608,11477376,62.35382907,318816
DF 216x1514,Arch,Staggered,40,216,1514,327024,62466925392,82519056,437,1271469312,11772864,62.35382907,327024
DF 216x1552,Arch,Staggered,41,216,1552,335232,67289554944,86713344,448,1303382016,12068352,62.35382907,335232
DF 260x298,Arch,Staggered,8,260,298,77480,573377827,3848173,86,436470667,3357467,75.05553502,77480
DF 260x336,Arch,Staggered,9,260,336,87360,821882880,4892160,97,492128000,3785600,75.05553499,87360
DF 260x374,Arch,Staggered,10,260,374,97240,1133461853,6061293,108,547785333,4213733,75.05553497,97240
DF 260x412,Arch,Staggered,11,260,412,107120,1515248107,7355573,119,603442667,4641867,75.05553502,107120
DF 260x450,Arch,Staggered,12,260,450,117000,1974375000,8775000,130,659100000,5070000,75.05553499,117000
DF 260x488,Arch,Staggered,13,260,488,126880,2517975893,10319573,141,714757333,5498133,75.05553498,126880
DF 260x526,Arch,Staggered,14,260,526,136760,3153184147,11989293,152,770414667,5926267,75.05553501,136760
DF 260x564,Arch,Staggered,15,260,564,146640,3887133120,13784160,163,826072000,6354400,75.05553499,146640
DF 260x602,Arch,Staggered,16,260,602,156520,4726956173,15704173,174,881729333,6782533,75.05553498,156520
DF 260x640,Arch,Staggered,17,260,640,166400,5679786667,17749333,185,937386667,7210667,75.05553501,166400
DF 260x678,Arch,Staggered,18,260,678,176280,6752757960,19919640,196,993044000,7638800,75.05553499,176280
DF 260x716,Arch,Staggered,19,260,716,186160,7953003413,22215093,207,1048701333,8066933,75.05553498,186160
DF 260x754,Arch,Staggered,20,260,754,196040,9287656387,24635693,218,1104358667,8495067,75.05553501,196040
DF 260x792,Arch,Staggered,21,260,792,205920,10763850240,27181440,229,1160016000,8923200,75.05553499,205920
DF 260x830,Arch,Staggered,22,260,830,215800,12388718333,29852333,240,1215673333,9351333,75.05553498,215800
DF 260x868,Arch,Staggered,23,260,868,225680,14169394027,32648373,251,1271330667,9779467,75.055535,225680
DF 260x906,Arch,Staggered,24,260,906,235560,16113010680,35569560,262,1326988000,10207600,75.05553499,235560
DF 260x944,Arch,Staggered,25,260,944,245440,18226701653,38615893,273,1382645333,10635733,75.05553499,245440
DF 260x982,Arch,Staggered,26,260,982,255320,20517600307,41787373,283,1438302667,11063867,75.055535,255320
DF 260x1020,Arch,Staggered,27,260,1020,265200,22992840000,45084000,294,1493960000,11492000,75.05553499,265200
DF 260x1058,Arch,Staggered,28,260,1058,275080,25659554093,48505773,305,1549617333,11920133,75.05553499,275080
DF 260x1096,Arch,Staggered,29,260,1096,284960,28524875947,52052693,316,1605274667,12348267,75.055535,284960
DF 260x1134,Arch,Staggered,30,260,1134,294840,31595938920,55724760,327,1660932000,12776400,75.05553499,294840
DF 260x1172,Arch,Staggered,31,260,1172,304720,34879876373,59521973,338,1716589333,13204533,75.05553499,304720
DF 260x1210,Arch,Staggered,32,260,1210,314600,38383821667,63444333,349,1772246667,13632667,75.055535,314600
DF 260x1248,Arch,Staggered,33,260,1248,324480,42114908160,67491840,360,1827904000,14060800,75.05553499,324480
DF 260x1286,Arch,Staggered,34,260,1286,334360,46080269213,71664493,371,1883561333,14488933,75.05553499,334360
DF 260x1324,Arch,Staggered,35,260,1324,344240,50287038187,75962293,382,1939218667,14917067,75.055535,344240
DF 260x1362,Arch,Staggered,36,260,1362,354120,54742348440,80385240,393,1994876000,15345200,75.05553499,354120
DF 260x1400,Arch,Staggered,37,260,1400,364000,59453333333,84933333,404,2050533333,15773333,75.05553499,364000
DF 260x1438,Arch,Staggered,38,260,1438,373880,64427126227,89606573,415,2106190667,16201467,75.055535,373880
DF 260x1476,Arch,Staggered,39,260,1476,383760,69670860480,94404960,426,2161848000,16629600,75.05553499,383760
DF 260x1514,Arch,Staggered,40,260,1514,393640,75191669453,99328493,437,2217505333,17057733,75.05553499,393640
DF 260x1552,Arch,Staggered,41,260,1552,403520,80996686507,104377173,448,2273162667,17485867,75.055535,403520
DF 311x336,Arch,Staggered,9,311,336,104496,983098368,5851776,97,842246468,5416376,89.77796686,104496
DF 311x374,Arch,Staggered,10,311,374,116314,1355794755,7250239,108,937500533,6028942,89.77796687,116314
DF 311x412,Arch,Staggered,11,311,412,128132,1812469851,8798397,119,1032754598,6641509,89.77796687,128132
DF 311x450,Arch,Staggered,12,311,450,139950,2361656250,10496250,130,1128008663,7254075,89.77796688,139950
DF 311x488,Arch,Staggered,13,311,488,151768,3011886549,12343797,141,1223262727,7866641,89.77796685,151768
DF 311x526,Arch,Staggered,14,311,526,163586,3771693345,14341039,152,1318516792,8479208,89.77796685,163586
DF 311x564,Arch,Staggered,15,311,564,175404,4649609232,16487976,163,1413770857,9091774,89.77796686,175404
DF 311x602,Arch,Staggered,16,311,602,187222,5654166807,18784607,174,1509024922,9704340,89.77796686,187222
DF 311x640,Arch,Staggered,17,311,640,199040,6793898667,21230933,185,1604278987,10316907,89.77796687,199040
DF 311x678,Arch,Staggered,18,311,678,210858,8077337406,23826954,196,1699533052,10929473,89.77796687,210858
DF 311x716,Arch,Staggered,19,311,716,222676,9513015621,26572669,207,1794787116,11542039,89.77796685,222676
DF 311x754,Arch,Staggered,20,311,754,234494,11109465909,29468079,218,1890041181,12154606,89.77796686,234494
DF 311x792,Arch,Staggered,21,311,792,246312,12875220864,32513184,229,1985295246,12767172,89.77796686,246312
DF 311x830,Arch,Staggered,22,311,830,258130,14818813083,35707983,240,2080549311,13379738,89.77796686,258130
DF 311x868,Arch,Staggered,23,311,868,269948,16948775163,39052477,251,2175803376,13992305,89.77796687,269948
DF 311x906,Arch,Staggered,24,311,906,281766,19273639698,42546666,262,2271057441,14604871,89.77796687,281766
DF 311x944,Arch,Staggered,25,311,944,293584,21801939285,46190549,273,2366311505,15217437,89.77796685,293584
DF 311x982,Arch,Staggered,26,311,982,305402,24542206521,49984127,283,2461565570,15830004,89.77796686,305402
DF 311x1020,Arch,Staggered,27,311,1020,317220,27502974000,53927400,294,2556819635,16442570,89.77796686,317220
DF 311x1058,Arch,Staggered,28,311,1058,329038,30692774319,58020367,305,2652073700,17055136,89.77796686,329038
DF 311x1058,Arch,Staggered,28,311,1058,329038,30692774319,58020367,305,2652073700,17055136,89.77796686,329038
DF 311x1058,Arch,Staggered,28,311,1058,329038,30692774319,58020367,305,2652073700,17055136,89.77796686,329038
DF 311x1058,Arch,Staggered,28,311,1058,329038,30692774319,58020367,305,2652073700,17055136,89.77796686,329038
DF 311x1058,Arch,Staggered,28,311,1058,329038,30692774319,58020367,305,2652073700,17055136,89.77796686,329038
DF 311x1058,Arch,Staggered,28,311,1058,329038,30692774319,58020367,305,2652073700,17055136,89.77796686,329038
DF 311x1058,Arch,Staggered,28,311,1058,329038,30692774319,58020367,305,2652073700,17055136,89.77796686,329038
DF 311x1058,Arch,Staggered,28,311,1058,329038,30692774319,58020367,305,2652073700,17055136,89.77796686,329038
DF 311x1058,Arch,Staggered,28,311,1058,329038,30692774319,58020367,305,2652073700,17055136,89.77796686,329038
DF 311x1058,Arch,Staggered,28,311,1058,329038,30692774319,58020367,305,2652073700,17055136,89.77796686,329038
DF 311x1058,Arch,Staggered,28,311,1058,329038,30692774319,58020367,305,2652073700,17055136,89.77796686,329038
DF 311x1058,Arch,Staggered,28,311,1058,329038,30692774319,58020367,305,2652073700,17055136,89.77796686,329038
DF 311x1058,Arch,Staggered,28,311,1058,329038,30692774319,58020367,305,2652073700,17055136,89.77796686,329038
DF 311x1058,Arch,Staggered,28,311,1058,329038,30692774319,58020367,305,2652073700,17055136,89.77796686,329038
DF 362x374,Arch,Staggered,10,362,374,135388,1578127657,8439185,108,1478482089,8168409,104.5003987,135388
DF 362x412,Arch,Staggered,11,362,412,149144,2109691595,10241221,119,1628702195,8998355,104.5003987,149144
DF 362x450,Arch,Staggered,12,362,450,162900,2748937500,12217500,130,1778922300,9828300,104.5003987,162900
DF 362x488,Arch,Staggered,13,362,488,176656,3505797205,14368021,141,1929142405,10658245,104.5003987,176656
DF 362x526,Arch,Staggered,14,362,526,190412,4390202543,16692785,152,2079362511,11488191,104.5003987,190412
DF 362x564,Arch,Staggered,15,362,564,204168,5412085344,19191792,163,2229582616,12318136,104.5003987,204168
DF 362x602,Arch,Staggered,16,362,602,217924,6581377441,21865041,174,2379802721,13148081,104.5003987,217924
DF 362x640,Arch,Staggered,17,362,640,231680,7908010667,24712533,185,2530022827,13978027,104.5003987,231680
DF 362x678,Arch,Staggered,18,362,678,245436,9401916852,27734268,196,2680242932,14807972,104.5003987,245436
DF 362x716,Arch,Staggered,19,362,716,259192,11073027829,30930245,207,2830463037,15637917,104.5003987,259192
DF 362x754,Arch,Staggered,20,362,754,272948,12931275431,34300465,218,2980683143,16467863,104.5003987,272948
DF 362x792,Arch,Staggered,21,362,792,286704,14986591488,37844928,229,3130903248,17297808,104.5003987,286704
DF 362x830,Arch,Staggered,22,362,830,300460,17248907833,41563633,240,3281123353,18127753,104.5003987,300460
DF 362x868,Arch,Staggered,23,362,868,314216,19728156299,45456581,251,3431343459,18957699,104.5003987,314216
DF 362x906,Arch,Staggered,24,362,906,327972,22434268716,49523772,262,3581563564,19787644,104.5003987,327972
DF 362x944,Arch,Staggered,25,362,944,341728,25377176917,53765205,273,3731783669,20617589,104.5003987,341728
DF 362x982,Arch,Staggered,26,362,982,355484,28566812735,58180881,283,3882003775,21447535,104.5003987,355484
DF 362x1020,Arch,Staggered,27,362,1020,369240,32013108000,62770800,294,4032223880,22277480,104.5003987,369240
DF 362x1058,Arch,Staggered,28,362,1058,382996,35725994545,67534961,305,4182443985,23107425,104.5003987,382996
DF 362x1096,Arch,Staggered,29,362,1096,396752,39715404203,72473365,316,4332664091,23937371,104.5003987,396752
DF 362x1134,Arch,Staggered,30,362,1134,410508,43991268804,77586012,327,4482884196,24767316,104.5003987,410508
DF 362x1172,Arch,Staggered,31,362,1172,424264,48563520181,82872901,338,4633104301,25597261,104.5003987,424264
DF 362x1210,Arch,Staggered,32,362,1210,438020,53442090167,88334033,349,4783324407,26427207,104.5003987,438020
DF 362x1248,Arch,Staggered,33,362,1248,451776,58636910592,93969408,360,4933544512,27257152,104.5003987,451776
DF 362x1286,Arch,Staggered,34,362,1286,465532,64157913289,99779025,371,5083764617,28087097,104.5003987,465532
DF 362x1324,Arch,Staggered,35,362,1324,479288,70015030091,105762885,382,5233984723,28917043,104.5003987,479288
DF 362x1362,Arch,Staggered,36,362,1362,493044,76218192828,111920988,393,5384204828,29746988,104.5003987,493044
DF 362x1400,Arch,Staggered,37,362,1400,506800,82777333333,118253333,404,5534424933,30576933,104.5003987,506800
DF 362x1438,Arch,Staggered,38,362,1438,520556,89702383439,124759921,415,5684645039,31406879,104.5003987,520556
DF 362x1476,Arch,Staggered,39,362,1476,534312,97003274976,131440752,426,5834865144,32236824,104.5003987,534312
DF 362x1514,Arch,Staggered,40,362,1514,548068,1.05E+11,138295825,437,5985085249,33066769,104.5003987,548068
DF 362x1552,Arch,Staggered,41,362,1552,561824,1.13E+11,145325141,448,6135305355,33896715,104.5003987,561824
DF 403x412,Arch,Staggered,11,403,412,166036,2348634565,11401139,119,2247145060,11152085,116.3360792,166036
DF 403x450,Arch,Staggered,12,403,450,181350,3060281250,13601250,130,2454406013,12180675,116.3360793,181350
DF 403x488,Arch,Staggered,13,403,488,196664,3902862635,15995339,141,2661666965,13209265,116.3360792,196664
DF 403x526,Arch,Staggered,14,403,526,211978,4887435427,18583405,152,2868927917,14237856,116.3360792,211978
DF 403x564,Arch,Staggered,15,403,564,227292,6025056336,21365448,163,3076188869,15266446,116.3360792,227292
DF 403x602,Arch,Staggered,16,403,602,242606,7326782069,24341469,174,3283449821,16295036,116.3360792,242606
DF 403x640,Arch,Staggered,17,403,640,257920,8803669333,27511467,185,3490710773,17323627,116.3360792,257920
DF 403x678,Arch,Staggered,18,403,678,273234,10466774838,30875442,196,3697971726,18352217,116.3360792,273234
DF 403x716,Arch,Staggered,19,403,716,288548,12327155291,34433395,207,3905232678,19380807,116.3360792,288548
DF 403x754,Arch,Staggered,20,403,754,303862,14395867399,38185325,218,4112493630,20409398,116.3360792,303862
DF 403x792,Arch,Staggered,21,403,792,319176,16683967872,42131232,229,4319754582,21437988,116.3360792,319176
DF 403x830,Arch,Staggered,22,403,830,334490,19202513417,46271117,240,4527015534,22466578,116.3360792,334490
DF 403x868,Arch,Staggered,23,403,868,349804,21962560741,50604979,251,4734276486,23495169,116.3360792,349804
DF 403x906,Arch,Staggered,24,403,906,365118,24975166554,55132818,262,4941537439,24523759,116.3360792,365118
DF 403x944,Arch,Staggered,25,403,944,380432,28251387563,59854635,273,5148798391,25552349,116.3360792,380432
DF 403x982,Arch,Staggered,26,403,982,395746,31802280475,64770429,283,5356059343,26580940,116.3360792,395746
DF 403x1020,Arch,Staggered,27,403,1020,411060,35638902000,69880200,294,5563320295,27609530,116.3360792,411060
DF 403x1058,Arch,Staggered,28,403,1058,426374,39772308845,75183949,305,5770581247,28638120,116.3360792,426374
DF 403x1096,Arch,Staggered,29,403,1096,441688,44213557717,80681675,316,5977842199,29666711,116.3360792,441688
DF 403x1134,Arch,Staggered,30,403,1134,457002,48973705326,86373378,327,6185103152,30695301,116.3360792,457002
DF 403x1172,Arch,Staggered,31,403,1172,472316,54063808379,92259059,338,6392364104,31723891,116.3360792,472316
DF 403x1210,Arch,Staggered,32,403,1210,487630,59494923583,98338717,349,6599625056,32752482,116.3360792,487630
DF 403x1248,Arch,Staggered,33,403,1248,502944,65278107648,104612352,360,6806886008,33781072,116.3360792,502944
DF 403x1286,Arch,Staggered,34,403,1286,518258,71424417281,111079965,371,7014146960,34809662,116.3360792,518258
DF 403x1324,Arch,Staggered,35,403,1324,533572,77944909189,117741555,382,7221407912,35838253,116.3360792,533572
DF 403x1362,Arch,Staggered,36,403,1362,548886,84850640082,124597122,393,7428668865,36866843,116.3360792,548886
DF 403x1400,Arch,Staggered,37,403,1400,564200,92152666667,131646667,404,7635929817,37895433,116.3360792,564200
DF 403x1438,Arch,Staggered,38,403,1438,579514,99862045651,138890189,415,7843190769,38924024,116.3360792,579514
DF 403x1476,Arch,Staggered,39,403,1476,594828,1.08E+11,146327688,426,8050451721,39952614,116.3360792,594828
DF 403x1514,Arch,Staggered,40,403,1514,610142,1.17E+11,153959165,437,8257712673,40981204,116.3360792,610142
DF 403x1552,Arch,Staggered,41,403,1552,625456,1.26E+11,161784619,448,8464973625,42009795,116.3360792,625456
DF 457x488,Arch,Staggered,13,457,488,223016,4425826859,18138635,141,3881389049,16986385,131.9245365,223016
DF 457x526,Arch,Staggered,14,457,526,240382,5542327519,21073489,152,4183628360,18309096,131.9245365,240382
DF 457x564,Arch,Staggered,15,457,564,257748,6832383984,24228312,163,4485867671,19631806,131.9245365,257748
DF 457x602,Arch,Staggered,16,457,602,275114,8308534505,27603105,174,4788106982,20954516,131.9245365,275114
DF 457x640,Arch,Staggered,17,457,640,292480,9983317333,31197867,185,5090346293,22277227,131.9245365,292480
DF 457x678,Arch,Staggered,18,457,678,309846,11869270722,35012598,196,5392585605,23599937,131.9245365,309846
DF 457x716,Arch,Staggered,19,457,716,327212,13978932923,39047299,207,5694824916,24922647,131.9245365,327212
DF 457x754,Arch,Staggered,20,457,754,344578,16324842187,43301969,218,5997064227,26245358,131.9245365,344578
DF 457x792,Arch,Staggered,21,457,792,361944,18919536768,47776608,229,6299303538,27568068,131.9245365,361944
DF 457x830,Arch,Staggered,22,457,830,379310,21775554917,52471217,240,6601542849,28890778,131.9245365,379310
DF 457x868,Arch,Staggered,23,457,868,396676,24905434885,57385795,251,6903782160,30213489,131.9245365,396676
DF 457x906,Arch,Staggered,24,457,906,414042,28321714926,62520342,262,7206021472,31536199,131.9245365,414042
DF 457x944,Arch,Staggered,25,457,944,431408,32036933291,67874859,273,7508260783,32858909,131.9245365,431408
DF 457x982,Arch,Staggered,26,457,982,448774,36063628231,73449345,283,7810500094,34181620,131.9245365,448774
DF 457x1020,Arch,Staggered,27,457,1020,466140,40414338000,79243800,294,8112739405,35504330,131.9245365,466140
DF 457x1058,Arch,Staggered,28,457,1058,483506,45101600849,85258225,305,8414978716,36827040,131.9245365,483506
DF 457x1096,Arch,Staggered,29,457,1096,500872,50137955029,91492619,316,8717218027,38149751,131.9245365,500872
DF 457x1134,Arch,Staggered,30,457,1134,518238,55535938794,97946982,327,9019457339,39472461,131.9245365,518238
DF 457x1172,Arch,Staggered,31,457,1172,535604,61308090395,104621315,338,9321696650,40795171,131.9245365,535604
DF 457x1210,Arch,Staggered,32,457,1210,552970,67466948083,111515617,349,9623935961,42117882,131.9245365,552970
DF 457x1248,Arch,Staggered,33,457,1248,570336,74025050112,118629888,360,9926175272,43440592,131.9245365,570336
DF 457x1286,Arch,Staggered,34,457,1286,587702,80994934733,125964129,371,10228414583,44763302,131.9245365,587702
DF 457x1324,Arch,Staggered,35,457,1324,605068,88389140197,133518339,382,10530653894,46086013,131.9245365,605068
DF 457x1362,Arch,Staggered,36,457,1362,622434,96220204758,141292518,393,10832893206,47408723,131.9245365,622434
DF 457x1400,Arch,Staggered,37,457,1400,639800,1.05E+11,149286667,404,11135132517,48731433,131.9245365,639800
DF 457x1438,Arch,Staggered,38,457,1438,657166,1.13E+11,157500785,415,11437371828,50054144,131.9245365,657166
DF 457x1476,Arch,Staggered,39,457,1476,674532,1.22E+11,165934872,426,11739611139,51376854,131.9245365,674532
DF 457x1514,Arch,Staggered,40,457,1514,691898,1.32E+11,174588929,437,12041850450,52699564,131.9245365,691898
DF 457x1552,Arch,Staggered,41,457,1552,709264,1.42E+11,183462955,448,12344089761,54022275,131.9245365,709264
DF 219x266,Industrial,Staggered,7,219,266,58254,343485002,2582594,77,232826675,2126271,63.21985454,58254
DF 219x304,Industrial,Staggered,8,219,304,66576,512723968,3373184,88,266087628,2430024,63.21985448,66576
DF 219x342,Industrial,Staggered,9,219,342,74898,730030806,4269186,99,299348582,2733777,63.21985453,74898
DF 219x380,Industrial,Staggered,10,219,380,83220,1001414000,5270600,110,332609535,3037530,63.21985448,83220
DF 219x418,Industrial,Staggered,11,219,418,91542,1332882034,6377426,121,365870489,3341283,63.21985452,91542
DF 219x456,Industrial,Staggered,12,219,456,99864,1730443392,7589664,132,399131442,3645036,63.21985448,99864
DF 219x494,Industrial,Staggered,13,219,494,108186,2200106558,8907314,143,432392396,3948789,63.21985451,108186
DF 219x532,Industrial,Staggered,14,219,532,116508,2747880016,10330376,154,465653349,4252542,63.21985448,116508
DF 219x570,Industrial,Staggered,15,219,570,124830,3379772250,11858850,165,498914303,4556295,63.21985451,124830
DF 219x608,Industrial,Staggered,16,219,608,133152,4101791744,13492736,176,532175256,4860048,63.21985448,133152
DF 219x646,Industrial,Staggered,17,219,646,141474,4919946982,15232034,186,565436210,5163801,63.2198545,141474
DF 219x684,Industrial,Staggered,18,219,684,149796,5840246448,17076744,197,598697163,5467554,63.21985448,149796
DF 219x722,Industrial,Staggered,19,219,722,158118,6868698626,19026866,208,631958117,5771307,63.2198545,158118
DF 219x760,Industrial,Staggered,20,219,760,166440,8011312000,21082400,219,665219070,6075060,63.21985448,166440
DF 219x798,Industrial,Staggered,21,219,798,174762,9274095054,23243346,230,698480024,6378813,63.2198545,174762
DF 219x836,Industrial,Staggered,22,219,836,183084,10663056272,25509704,241,731740977,6682566,63.21985448,183084
DF 219x874,Industrial,Staggered,23,219,874,191406,12184204138,27881474,252,765001931,6986319,63.2198545,191406
DF 219x912,Industrial,Staggered,24,219,912,199728,13843547136,30358656,263,798262884,7290072,63.21985448,199728
DF 219x950,Industrial,Staggered,25,219,950,208050,15647093750,32941250,274,831523838,7593825,63.2198545,208050
DF 219x988,Industrial,Staggered,26,219,988,216372,17600852464,35629256,285,864784791,7897578,63.21985448,216372
DF 219x1026,Industrial,Staggered,27,219,1026,224694,19710831762,38422674,296,898045745,8201331,63.21985449,224694
DF 219x1064,Industrial,Staggered,28,219,1064,233016,21983040128,41321504,307,931306698,8505084,63.21985448,233016
DF 219x1102,Industrial,Staggered,29,219,1102,241338,24423486046,44325746,318,964567652,8808837,63.21985449,241338
DF 219x1140,Industrial,Staggered,30,219,1140,249660,27038178000,47435400,329,997828605,9112590,63.21985448,249660
DF 219x1178,Industrial,Staggered,31,219,1178,257982,29833124474,50650466,340,1031089559,9416343,63.21985449,257982
DF 219x1216,Industrial,Staggered,32,219,1216,266304,32814333952,53970944,351,1064350512,9720096,63.21985448,266304
DF 219x1254,Industrial,Staggered,33,219,1254,274626,35987814918,57396834,362,1097611466,10023849,63.21985449,274626
DF 219x1292,Industrial,Staggered,34,219,1292,282948,39359575856,60928136,373,1130872419,10327602,63.21985448,282948
DF 219x1330,Industrial,Staggered,35,219,1330,291270,42935625250,64564850,384,1164133373,10631355,63.21985449,291270
DF 219x1368,Industrial,Staggered,36,219,1368,299592,46721971584,68306976,395,1197394326,10935108,63.21985448,299592
DF 219x1406,Industrial,Staggered,37,219,1406,307914,50724623342,72154514,406,1230655280,11238861,63.21985449,307914
DF 219x1444,Industrial,Staggered,38,219,1444,316236,54949589008,76107464,417,1263916233,11542614,63.21985448,316236
DF 219x1482,Industrial,Staggered,39,219,1482,324558,59402877066,80165826,428,1297177187,11846367,63.21985449,324558
DF 219x1520,Industrial,Staggered,40,219,1520,332880,64090496000,84329600,439,1330438140,12150120,63.21985448,332880
DF 219x1558,Industrial,Staggered,41,219,1558,341202,69018454294,88598786,450,1363699094,12453873,63.21985449,341202
DF 263x304,Industrial,Staggered,8,263,304,79952,615737003,4050901,88,460849991,3504563,75.92156043,79952
DF 263x342,Industrial,Staggered,9,263,342,89946,876703662,5126922,99,518456240,3942633,75.92156044,89946
DF 263x380,Industrial,Staggered,10,263,380,99940,1202611333,6329533,110,576062488,4380703,75.92156038,99940
DF 263x418,Industrial,Staggered,11,263,418,109934,1600675685,7658735,121,633668737,4818774,75.92156039,109934
DF 263x456,Industrial,Staggered,12,263,456,119928,2078112384,9114528,132,691274986,5256844,75.9215604,119928
DF 263x494,Industrial,Staggered,13,263,494,129922,2642137099,10696911,143,748881235,5694914,75.92156041,129922
DF 263x532,Industrial,Staggered,14,263,532,139916,3299965499,12405885,154,806487484,6132985,75.92156041,139916
DF 263x570,Industrial,Staggered,15,263,570,149910,4058813250,14241450,165,864093733,6571055,75.92156042,149910
DF 263x608,Industrial,Staggered,16,263,608,159904,4925896021,16203605,176,921699981,7009125,75.92156038,159904
DF 263x646,Industrial,Staggered,17,263,646,169898,5908429481,18292351,186,979306230,7447196,75.92156039,169898
DF 263x684,Industrial,Staggered,18,263,684,179892,7013629296,20507688,197,1036912479,7885266,75.9215604,179892
DF 263x722,Industrial,Staggered,19,263,722,189886,8248711135,22849615,208,1094518728,8323336,75.9215604,189886
DF 263x760,Industrial,Staggered,20,263,760,199880,9620890667,25318133,219,1152124977,8761407,75.92156041,199880
DF 263x798,Industrial,Staggered,21,263,798,209874,11137383558,27913242,230,1209731226,9199477,75.92156041,209874
DF 263x836,Industrial,Staggered,22,263,836,219868,12805405477,30634941,241,1267337474,9637547,75.92156039,219868
DF 263x874,Industrial,Staggered,23,263,874,229862,14632172093,33483231,252,1324943723,10075618,75.92156039,229862
DF 263x912,Industrial,Staggered,24,263,912,239856,16624899072,36458112,263,1382549972,10513688,75.9215604,239856
DF 263x950,Industrial,Staggered,25,263,950,249850,18790802083,39559583,274,1440156221,10951758,75.9215604,249850
DF 263x988,Industrial,Staggered,26,263,988,259844,21137096795,42787645,285,1497762470,11389829,75.92156041,259844
DF 263x1026,Industrial,Staggered,27,263,1026,269838,23670998874,46142298,296,1555368719,11827899,75.92156041,269838
DF 263x1064,Industrial,Staggered,28,263,1064,279832,26399723989,49623541,307,1612974967,12265969,75.92156039,279832
DF 263x1102,Industrial,Staggered,29,263,1102,289826,29330487809,53231375,318,1670581216,12704040,75.92156039,289826
DF 263x1140,Industrial,Staggered,30,263,1140,299820,32470506000,56965800,329,1728187465,13142110,75.9215604,299820
DF 263x1178,Industrial,Staggered,31,263,1178,309814,35826994231,60826815,340,1785793714,13580180,75.9215604,309814
DF 263x1216,Industrial,Staggered,32,263,1216,319808,39407168171,64814421,351,1843399963,14018251,75.92156041,319808
DF 263x1254,Industrial,Staggered,33,263,1254,329802,43218243486,68928618,362,1901006212,14456321,75.92156041,329802
DF 263x1292,Industrial,Staggered,34,263,1292,339796,47267435845,73169405,373,1958612460,14894391,75.92156039,339796
DF 263x1330,Industrial,Staggered,35,263,1330,349790,51561960917,77536783,384,2016218709,15332462,75.9215604,349790
DF 263x1368,Industrial,Staggered,36,263,1368,359784,56109034368,82030752,395,2073824958,15770532,75.9215604,359784
DF 263x1406,Industrial,Staggered,37,263,1406,369778,60915871867,86651311,406,2131431207,16208602,75.9215604,369778
DF 263x1444,Industrial,Staggered,38,263,1444,379772,65989689083,91398461,417,2189037456,16646673,75.9215604,379772
DF 263x1482,Industrial,Staggered,39,263,1482,389766,71337701682,96272202,428,2246643705,17084743,75.92156041,389766
DF 263x1520,Industrial,Staggered,40,263,1520,399760,76967125333,101272533,439,2304249953,17522813,75.92156039,399760
DF 263x1558,Industrial,Staggered,41,263,1558,409754,82885175705,106399455,450,2361856202,17960884,75.9215604,409754
DF 314x342,Industrial,Staggered,9,314,342,107388,1046710836,6121116,99,882335604,5619972,90.64399226,107388
DF 314x380,Industrial,Staggered,10,314,380,119320,1435817333,7556933,110,980372893,6244413,90.64399225,119320
DF 314x418,Industrial,Staggered,11,314,418,131252,1911072871,9143889,121,1078410183,6868855,90.64399228,131252
DF 314x456,Industrial,Staggered,12,314,456,143184,2481092352,10881984,132,1176447472,7493296,90.64399226,143184
DF 314x494,Industrial,Staggered,13,314,494,155116,3154490681,12771217,143,1274484761,8117737,90.64399225,155116
DF 314x532,Industrial,Staggered,14,314,532,167048,3939882763,14811589,154,1372522051,8742179,90.64399227,167048
DF 314x570,Industrial,Staggered,15,314,570,178980,4845883500,17003100,165,1470559340,9366620,90.64399226,178980
DF 314x608,Industrial,Staggered,16,314,608,190912,5881107797,19345749,176,1568596629,9991061,90.64399225,190912
DF 314x646,Industrial,Staggered,17,314,646,202844,7054170559,21839537,186,1666633919,10615503,90.64399227,202844
DF 314x684,Industrial,Staggered,18,314,684,214776,8373686688,24484464,197,1764671208,11239944,90.64399226,214776
DF 314x722,Industrial,Staggered,19,314,722,226708,9848271089,27280529,208,1862708497,11864385,90.64399225,226708
DF 314x760,Industrial,Staggered,20,314,760,238640,11486538667,30227733,219,1960745787,12488827,90.64399227,238640
DF 314x798,Industrial,Staggered,21,314,798,250572,13297104324,33326076,230,2058783076,13113268,90.64399226,250572
DF 314x836,Industrial,Staggered,22,314,836,262504,15288582965,36575557,241,2156820365,13737709,90.64399226,262504
DF 314x874,Industrial,Staggered,23,314,874,274436,17469589495,39976177,252,2254857655,14362151,90.64399227,274436
DF 314x912,Industrial,Staggered,24,314,912,286368,19848738816,43527936,263,2352894944,14986592,90.64399226,286368
DF 314x950,Industrial,Staggered,25,314,950,298300,22434645833,47230833,274,2450932233,15611033,90.64399226,298300
DF 314x988,Industrial,Staggered,26,314,988,310232,25235925451,51084869,285,2548969523,16235475,90.64399227,310232
DF 314x1026,Industrial,Staggered,27,314,1026,322164,28261192572,55090044,296,2647006812,16859916,90.64399226,322164
DF 314x1064,Industrial,Staggered,28,314,1064,334096,31519062101,59246357,307,2745044101,17484357,90.64399226,334096
DF 314x1102,Industrial,Staggered,29,314,1102,346028,35018148943,63553809,318,2843081391,18108799,90.64399227,346028
DF 314x1140,Industrial,Staggered,30,314,1140,357960,38767068000,68012400,329,2941118680,18733240,90.64399226,357960
DF 314x1178,Industrial,Staggered,31,314,1178,369892,42774434177,72622129,340,3039155969,19357681,90.64399226,369892
DF 314x1216,Industrial,Staggered,32,314,1216,381824,47048862379,77382997,351,3137193259,19982123,90.64399227,381824
DF 314x1254,Industrial,Staggered,33,314,1254,393756,51598967508,82295004,362,3235230548,20606564,90.64399226,393756
DF 314x1292,Industrial,Staggered,34,314,1292,405688,56433364469,87358149,373,3333267837,21231005,90.64399226,405688
DF 314x1330,Industrial,Staggered,35,314,1330,417620,61560668167,92572433,384,3431305127,21855447,90.64399227,417620
DF 314x1368,Industrial,Staggered,36,314,1368,429552,66989493504,97937856,395,3529342416,22479888,90.64399226,429552
DF 314x1406,Industrial,Staggered,37,314,1406,441484,72728455385,103454417,406,3627379705,23104329,90.64399226,441484
DF 314x1444,Industrial,Staggered,38,314,1444,453416,78786168715,109122117,417,3725416995,23728771,90.64399227,453416
DF 314x1482,Industrial,Staggered,39,314,1482,465348,85171248396,114940956,428,3823454284,24353212,90.64399226,465348
DF 314x1520,Industrial,Staggered,40,314,1520,477280,91892309333,120910933,439,3921491573,24977653,90.64399226,477280
DF 314x1558,Industrial,Staggered,41,314,1558,489212,98957966431,127032049,450,4019528863,25602095,90.64399227,489212
DF 365x380,Industrial,Staggered,10,365,380,138700,1669023333,8784333,110,1539858958,8437583,105.3664241,138700
DF 365x418,Industrial,Staggered,11,365,418,152570,2221470057,10629043,121,1693844854,9281342,105.3664241,152570
DF 365x456,Industrial,Staggered,12,365,456,166440,2884072320,12649440,132,1847830750,10125100,105.3664241,166440
DF 365x494,Industrial,Staggered,13,365,494,180310,3666844263,14845523,143,2001816646,10968858,105.3664241,180310
DF 365x532,Industrial,Staggered,14,365,532,194180,4579800027,17217293,154,2155802542,11812617,105.3664241,194180
DF 365x570,Industrial,Staggered,15,365,570,208050,5632953750,19764750,165,2309788438,12656375,105.3664241,208050
DF 365x608,Industrial,Staggered,16,365,608,221920,6836319573,22487893,176,2463774333,13500133,105.3664241,221920
DF 365x646,Industrial,Staggered,17,365,646,235790,8199911637,25386723,186,2617760229,14343892,105.3664241,235790
DF 365x684,Industrial,Staggered,18,365,684,249660,9733744080,28461240,197,2771746125,15187650,105.3664241,249660
DF 365x722,Industrial,Staggered,19,365,722,263530,11447831043,31711443,208,2925732021,16031408,105.3664241,263530
DF 365x760,Industrial,Staggered,20,365,760,277400,13352186667,35137333,219,3079717917,16875167,105.3664241,277400
DF 365x798,Industrial,Staggered,21,365,798,291270,15456825090,38738910,230,3233703813,17718925,105.3664241,291270
DF 365x836,Industrial,Staggered,22,365,836,305140,17771760453,42516173,241,3387689708,18562683,105.3664241,305140
DF 365x874,Industrial,Staggered,23,365,874,319010,20307006897,46469123,252,3541675604,19406442,105.3664241,319010
DF 365x912,Industrial,Staggered,24,365,912,332880,23072578560,50597760,263,3695661500,20250200,105.3664241,332880
DF 365x950,Industrial,Staggered,25,365,950,346750,26078489583,54902083,274,3849647396,21093958,105.3664241,346750
DF 365x988,Industrial,Staggered,26,365,988,360620,29334754107,59382093,285,4003633292,21937717,105.3664241,360620
DF 365x1026,Industrial,Staggered,27,365,1026,374490,32851386270,64037790,296,4157619188,22781475,105.3664241,374490
DF 365x1064,Industrial,Staggered,28,365,1064,388360,36638400213,68869173,307,4311605083,23625233,105.3664241,388360
DF 365x1102,Industrial,Staggered,29,365,1102,402230,40705810077,73876243,318,4465590979,24468992,105.3664241,402230
DF 365x1140,Industrial,Staggered,30,365,1140,416100,45063630000,79059000,329,4619576875,25312750,105.3664241,416100
DF 365x1178,Industrial,Staggered,31,365,1178,429970,49721874123,84417443,340,4773562771,26156508,105.3664241,429970
DF 365x1216,Industrial,Staggered,32,365,1216,443840,54690556587,89951573,351,4927548667,27000267,105.3664241,443840
DF 365x1254,Industrial,Staggered,33,365,1254,457710,59979691530,95661390,362,5081534563,27844025,105.3664241,457710
DF 365x1292,Industrial,Staggered,34,365,1292,471580,65599293093,101546893,373,5235520458,28687783,105.3664241,471580
DF 365x1330,Industrial,Staggered,35,365,1330,485450,71559375417,107608083,384,5389506354,29531542,105.3664241,485450
DF 365x1368,Industrial,Staggered,36,365,1368,499320,77869952640,113844960,395,5543492250,30375300,105.3664241,499320
DF 365x1406,Industrial,Staggered,37,365,1406,513190,84541038903,120257523,406,5697478146,31219058,105.3664241,513190
DF 365x1444,Industrial,Staggered,38,365,1444,527060,91582648347,126845773,417,5851464042,32062817,105.3664241,527060
DF 365x1482,Industrial,Staggered,39,365,1482,540930,99004795110,133609710,428,6005449938,32906575,105.3664241,540930
DF 365x1520,Industrial,Staggered,40,365,1520,554800,1.07E+11,140549333,439,6159435833,33750333,105.3664241,554800
DF 365x1558,Industrial,Staggered,41,365,1558,568670,1.15E+11,147664643,450,6313421729,34594092,105.3664241,568670
DF 406x418,Industrial,Staggered,11,406,418,169708,2471005049,11822991,121,2331165657,11483575,117.2021046,169708
DF 406x456,Industrial,Staggered,12,406,456,185136,3208036608,14070336,132,2543089808,12527536,117.2021046,185136
DF 406x494,Industrial,Staggered,13,406,494,200564,4078736359,16513103,143,2755013959,13571497,117.2021047,200564
DF 406x532,Industrial,Staggered,14,406,532,215992,5094243317,19151291,154,2966938109,14615459,117.2021046,215992
DF 406x570,Industrial,Staggered,15,406,570,231420,6265696500,21984900,165,3178862260,15659420,117.2021046,231420
DF 406x608,Industrial,Staggered,16,406,608,246848,7604234923,25013931,176,3390786411,16703381,117.2021047,246848
DF 406x646,Industrial,Staggered,17,406,646,262276,9120997601,28238383,186,3602710561,17747343,117.2021046,262276
DF 406x684,Industrial,Staggered,18,406,684,277704,10827123552,31658256,197,3814634712,18791304,117.2021046,277704
DF 406x722,Industrial,Staggered,19,406,722,293132,12733751791,35273551,208,4026558863,19835265,117.2021047,293132
DF 406x760,Industrial,Staggered,20,406,760,308560,14852021333,39084267,219,4238483013,20879227,117.2021046,308560
DF 406x798,Industrial,Staggered,21,406,798,323988,17193071196,43090404,230,4450407164,21923188,117.2021046,323988
DF 406x836,Industrial,Staggered,22,406,836,339416,19768040395,47291963,241,4662331315,22967149,117.2021046,339416
DF 406x874,Industrial,Staggered,23,406,874,354844,22588067945,51688943,252,4874255465,24011111,117.2021046,354844
DF 406x912,Industrial,Staggered,24,406,912,370272,25664292864,56281344,263,5086179616,25055072,117.2021046,370272
DF 406x950,Industrial,Staggered,25,406,950,385700,29007854167,61069167,274,5298103767,26099033,117.2021046,385700
DF 406x988,Industrial,Staggered,26,406,988,401128,32629890869,66052411,285,5510027917,27142995,117.2021046,401128
DF 406x1026,Industrial,Staggered,27,406,1026,416556,36541541988,71231076,296,5721952068,28186956,117.2021046,416556
DF 406x1064,Industrial,Staggered,28,406,1064,431984,40753946539,76605163,307,5933876219,29230917,117.2021046,431984
DF 406x1102,Industrial,Staggered,29,406,1102,447412,45278243537,82174671,318,6145800369,30274879,117.2021046,447412
DF 406x1140,Industrial,Staggered,30,406,1140,462840,50125572000,87939600,329,6357724520,31318840,117.2021046,462840
DF 406x1178,Industrial,Staggered,31,406,1178,478268,55307070943,93899951,340,6569648671,32362801,117.2021046,478268
DF 406x1216,Industrial,Staggered,32,406,1216,493696,60833879381,100055723,351,6781572821,33406763,117.2021046,493696
DF 406x1254,Industrial,Staggered,33,406,1254,509124,66717136332,106406916,362,6993496972,34450724,117.2021046,509124
DF 406x1292,Industrial,Staggered,34,406,1292,524552,72967980811,112953531,373,7205421123,35494685,117.2021046,524552
DF 406x1330,Industrial,Staggered,35,406,1330,539980,79597551833,119695567,384,7417345273,36538647,117.2021046,539980
DF 406x1368,Industrial,Staggered,36,406,1368,555408,86616988416,126633024,395,7629269424,37582608,117.2021046,555408
DF 406x1406,Industrial,Staggered,37,406,1406,570836,94037429575,133765903,406,7841193575,38626569,117.2021046,570836
DF 406x1444,Industrial,Staggered,38,406,1444,586264,1.02E+11,141094203,417,8053117725,39670531,117.2021046,586264
DF 406x1482,Industrial,Staggered,39,406,1482,601692,1.10E+11,148617924,428,8265041876,40714492,117.2021046,601692
DF 406x1520,Industrial,Staggered,40,406,1520,617120,1.19E+11,156337067,439,8476966027,41758453,117.2021046,617120
DF 406x1558,Industrial,Staggered,41,406,1558,632548,1.28E+11,164251631,450,8688890177,42802415,117.2021046,632548
DF 460x494,Industrial,Staggered,13,460,494,227240,4621228387,18709427,143,4006998667,17421733,132.7905619,227240
DF 460x532,Industrial,Staggered,14,460,532,244720,5771802773,21698507,154,4315229333,18761867,132.7905619,244720
DF 460x570,Industrial,Staggered,15,460,570,262200,7099065000,24909000,165,4623460000,20102000,132.7905619,262200
DF 460x608,Industrial,Staggered,16,460,608,279680,8615635627,28340907,176,4931690667,21442133,132.7905619,279680
DF 460x646,Industrial,Staggered,17,460,646,297160,10334135213,31994227,186,5239921333,22782267,132.7905619,297160
DF 460x684,Industrial,Staggered,18,460,684,314640,12267184320,35868960,197,5548152000,24122400,132.7905619,314640
DF 460x722,Industrial,Staggered,19,460,722,332120,14427403507,39965107,208,5856382667,25462533,132.7905619,332120
DF 460x760,Industrial,Staggered,20,460,760,349600,16827413333,44282667,219,6164613333,26802667,132.7905619,349600
DF 460x798,Industrial,Staggered,21,460,798,367080,19479834360,48821640,230,6472844000,28142800,132.7905619,367080
DF 460x836,Industrial,Staggered,22,460,836,384560,22397287147,53582027,241,6781074667,29482933,132.7905619,384560
DF 460x874,Industrial,Staggered,23,460,874,402040,25592392253,58563827,252,7089305333,30823067,132.7905619,402040
DF 460x912,Industrial,Staggered,24,460,912,419520,29077770240,63767040,263,7397536000,32163200,132.7905619,419520
DF 460x950,Industrial,Staggered,25,460,950,437000,32866041667,69191667,274,7705766667,33503333,132.7905619,437000
DF 460x988,Industrial,Staggered,26,460,988,454480,36969827093,74837707,285,8013997333,34843467,132.7905619,454480
DF 460x1026,Industrial,Staggered,27,460,1026,471960,41401747080,80705160,296,8322228000,36183600,132.7905619,471960
DF 460x1064,Industrial,Staggered,28,460,1064,489440,46174422187,86794027,307,8630458667,37523733,132.7905619,489440
