type,EDI_Std_Nomenclature,d,bf,tw,tf,ho,r1,r2,dclear,k,k1,A,Ix,Iy,Ip,rx,ry,rp,Sx,Sy,Avx,Avy,J,Cw,Sw1,Zx,Zy,ZJ,Zxweb,Zyflange,W,Am
W,W1100x548,1138,410,31,55,1028,32,27.5,964,87,46,77740,16200000000,635000000,16835000000,457,90.4,465.9,28500000,3100000,40892,33206,57900000,1.86E+14,6.26E+08,3.30E+07,4.89E+06,2.50E+09,8.19E+06,4.62E+06,610.3,3.85
W,W1100x548,1128,407,28,50,1028,32,25,964,82,44,70250,14600000000,564000000,15164000000,455,89.6,463.7,25800000,2770000,36589,30072,43400000,1.64E+14,5.58E+08,2.97E+07,4.36E+06,2.23E+09,7.40E+06,4.14E+06,551.5,3.83
W,W1100x499,1118,405,26,45,1028,32,22.5,964,77,43,63500,12900000000,500000000,13400000000,451,88.7,459.6,23100000,2470000,32540,26936,31100000,1.44E+14,4.95E+08,2.66E+07,3.87E+06,1.98E+09,6.87E+06,3.69E+06,498.5,3.8
W,W1100x433,1108,402,22,40,1028,32,20,964,72,41,55100,11300000000,434000000,11734000000,452,88.7,460.6,20300000,2160000,28451,22903,21200000,1.24E+14,4.31E+08,2.32E+07,3.36E+06,1.73E+09,5.81E+06,3.23E+06,432.5,3.78
W,W1100x390,1100,400,20,36,1028,32,18,964,68,40,49700,10100000000,385000000,10485000000,450,88,458.5,18300000,1920000,25375,20668,15600000,1.09E+14,3.83E+08,2.08E+07,2.99E+06,1.53E+09,5.28E+06,2.88E+06,390.1,3.76
W,W1100x343,1090,400,18,31,1028,32,15.5,964,63,39,43600,8670000000,331000000,9001000000,446,87.1,454.4,15900000,1660000,21619,18187,10300000,9.29E+13,3.28E+08,1.81E+07,2.57E+06,1.31E+09,4.76E+06,2.48E+06,342.3,3.74
W,W1000x976,1108,428,50,89.9,928.2,31.1,45,866,121,55,124300,23500000000,1190000000,24690000000,435,97.7,445.8,42400000,5540000,73871,51588,244000000,3.07E+14,1.05E+09,5.43E+07,8.84E+06,4.19E+09,1.08E+07,8.23E+06,975.8,3.83
W,W1000x883,1092,424,45.5,82,928,32,41,864,114,53,112500,21000000000,1050000000,22050000000,432,96.6,442.7,38400000,4950000,65481,46446,185000000,2.68E+14,9.31E+08,4.53E+07,7.87E+06,3.72E+09,9.80E+06,7.37E+06,883.1,3.79
W,W1000x748,1068,417,39,70,928,32,35,864,102,50,95300,17300000000,851000000,18151000000,426,94.5,436.4,32400000,4080000,54040,38868,116000000,2.12E+14,7.59E+08,3.79E+07,6.46E+06,3.04E+09,8.40E+06,6.09E+06,748.1,3.73
W,W1000x642,1048,412,34,60,928,32,30,864,92,47,81800,14500000000,703000000,15203000000,421,92.7,431.1,27700000,3410000,45117,33397,73800000,1.72E+14,6.29E+08,3.21E+07,5.38E+06,2.52E+09,7.32E+06,5.09E+06,642.1,3.68
W,W1000x591,1040,409,31,55.9,928.2,31.1,27.9,866,87,46,75300,13300000000,640000000,13940000000,421,92.2,431,25600000,3130000,41433,30311,59000000,1.55E+14,5.75E+08,2.95E+07,4.92E+06,2.30E+09,6.68E+06,4.68E+06,591.1,3.65
W,W1000x584,1056,314,36,64,928,32,32,864,96,48,74400,12500000000,334000000,12834000000,409,67,414.5,23600000,2130000,38301,36250,71500000,8.22E+13,3.91E+08,2.80E+07,3.47E+06,1.56E+09,7.75E+06,3.16E+06,584,3.3
W,W1000x554,1032,408,29.5,52,928,32,26,864,84,45,70600,12300000000,591000000,12891000000,418,91.5,427.9,23900000,2900000,38253,28530,48300000,1.42E+14,5.30E+08,2.75E+07,4.55E+06,2.12E+09,6.35E+06,4.33E+06,554.2,3.64
W,W1000x539,1030,407,28.4,51.1,927.8,31.9,25.6,864,83,44,68700,12000000000,576000000,12576000000,418,91.6,427.9,23400000,2830000,37396,27435,45300000,1.38E+14,5.18E+08,2.68E+07,4.44E+06,2.07E+09,6.11E+06,4.23E+06,539.3,3.63
W,W1000x494,1036,309,31,54,928,32,27,864,86,46,62900,10300000000,268000000,10568000000,404,65.3,409.2,19800000,1740000,31142,30607,44000000,6.47E+13,3.16E+08,2.34E+07,2.82E+06,1.27E+09,6.67E+06,2.58E+06,493.8,3.25
W,W1000x486,1036,308,30,54.1,927.8,31.9,27.1,864,86,45,61900,10200000000,266000000,10466000000,406,65.5,411.2,19700000,1730000,31142,29549,42900000,6.41E+13,3.15E+08,2.32E+07,2.79E+06,1.26E+09,6.46E+06,2.57E+06,485.9,3.24
W,W1000x483,1020,404,25.4,46,928,32,23,864,78,43,61500,10700000000,507000000,11207000000,417,90.8,426.8,20900000,2510000,33189,24564,33100000,1.20E+14,4.57E+08,2.39E+07,3.92E+06,1.83E+09,5.47E+06,3.75E+06,482.8,3.61
W,W1000x443,1012,402,23.6,41.9,928.2,31.1,20.9,866,73,42,56400,9670000000,455000000,10125000000,414,89.8,423.6,19100000,2260000,29930,22630,25400000,1.07E+14,4.11E+08,2.18E+07,3.53E+06,1.64E+09,5.08E+06,3.39E+06,442.7,3.58
W,W1000x438,1026,305,26.9,49,928,32,24.5,864,81,43,55600,9090000000,234000000,9324000000,404,64.8,409.2,17700000,1530000,27732,26259,31800000,5.57E+13,2.78E+08,2.07E+07,2.46E+06,1.11E+09,5.79E+06,2.28E+06,436.5,3.22
W,W1000x415,1020,304,26,46,928,32,23,864,78,43,52800,8530000000,217000000,8747000000,402,64.1,407.1,16700000,1430000,25689,25230,27000000,5.15E+13,2.59E+08,1.96E+07,2.30E+06,1.04E+09,5.60E+06,2.13E+06,414.5,3.2
W,W1000x412,1008,402,21.1,40,928,32,20,864,72,41,52500,9100000000,434000000,9534000000,416,90.9,425.8,18100000,2160000,28453,20117,21400000,1.02E+14,3.91E+08,2.05E+07,3.35E+06,1.56E+09,4.54E+06,3.23E+06,412.1,3.58
W,W1000x393,1016,303,24.4,43.9,928.2,31.1,21.9,866,75,42,50100,8080000000,205000000,8285000000,402,64,407.1,15900000,1350000,24343,23693,23300000,4.84E+13,2.45E+08,1.85E+07,2.17E+06,9.79E+08,5.26E+06,2.02E+06,393.3,3.2
W,W1000x371,1000,400,19,36.1,927.8,31.9,18.1,864,68,40,47300,8140000000,386000000,8526000000,415,90.3,424.7,16300000,1930000,25425,18032,15900000,8.96E+13,3.48E+08,1.84E+07,2.98E+06,1.39E+09,4.09E+06,2.89E+06,371.3,3.56
W,W1000x350,1008,302,21.1,40,928,32,20,864,72,41,44600,7230000000,185000000,7415000000,403,64.4,408.1,14300000,1220000,21968,20306,17200000,4.32E+13,2.21E+08,1.66E+07,1.94E+06,8.83E+08,4.54E+06,1.82E+06,350.1,3.18
W,W1000x321,990,400,16.5,31,928,32,15.5,864,63,38,40800,6960000000,331000000,7291000000,413,90,422.7,14100000,1660000,21622,15478,10300000,7.61E+13,2.97E+08,1.58E+07,2.55E+06,1.19E+09,3.55E+06,2.48E+06,320.3,3.55
W,W1000x314,1000,300,19.1,35.9,928.2,31.1,17.9,866,67,40,40000,6440000000,162000000,6602000000,401,63.7,406,12900000,1080000,19259,18291,12600000,3.77E+13,1.95E+08,1.49E+07,1.71E+06,7.79E+08,4.11E+06,1.62E+06,314,3.16
W,W1000x296,982,400,16.5,27.1,927.8,31.9,13.6,864,59,38,37700,6200000000,290000000,6490000000,405,87.6,414.4,12600000,1450000,18883,15324,7640000,6.60E+13,2.59E+08,1.43E+07,2.24E+06,1.04E+09,3.55E+06,2.17E+06,295.9,3.53
W,W1000x272,990,300,16.5,31,928,32,15.5,864,63,38,34600,5540000000,140000000,5680000000,400,63.5,405,11200000,933000,16504,15611,8350000,3.22E+13,1.67E+08,1.28E+07,1.47E+06,6.69E+08,3.55E+06,1.40E+06,271.6,3.15
W,W1000x249,980,300,16.5,26,928,32,13,864,58,38,31700,4810000000,118000000,4928000000,390,60.9,394.7,9820000,783000,13843,15378,5820000,2.67E+13,1.40E+08,1.13E+07,1.24E+06,5.58E+08,3.55E+06,1.17E+06,248.8,3.13
W,W1000x222,970,300,16,21.1,927.8,31.9,10.6,864,53,38,28200,4080000000,95400000,4175400000,380,58.1,384.4,8410000,636000,11042,14730,3900000,2.15E+13,1.13E+08,9.80E+06,1.02E+06,4.50E+08,3.44E+06,9.50E+05,221.4,3.11
W,W920x1377,1093,473,76.7,115.1,862.8,31.9,57.5,799,147,68,175400,30300000000,2060000000,32360000000,416,108,429.8,55500000,8720000,106873,75409,596000000,4.93E+14,1.57E+09,6.76E+07,1.42E+07,6.30E+09,1.43E+07,1.29E+07,1376.9,3.92
W,W920x1269,1093,461,64,115.1,862.8,31.9,57.5,799,147,62,161700,29000000000,1900000000,30900000000,423,108,436.6,53000000,8240000,103784,63687,514000000,4.54E+14,1.50E+09,6.39E+07,1.31E+07,5.98E+09,1.19E+07,1.22E+07,1269.3,3.9
W,W920x1194,1081,457,60.5,109,863,32,54.5,799,141,60,152200,26900000000,1750000000,28650000000,421,107,434.4,49800000,7660000,96511,59387,435000000,4.13E+14,1.38E+09,5.98E+07,1.22E+07,5.53E+09,1.13E+07,1.14E+07,1194.8,3.87
W,W920x1077,1061,451,55,99.1,862.8,31.9,49.5,799,131,58,137200,23800000000,1530000000,25330000000,416,106,429.3,44800000,6770000,85727,53445,326000000,3.53E+14,1.21E+09,5.34E+07,1.07E+07,4.85E+09,1.02E+07,1.01E+07,1077,3.82
W,W920x970,1043,446,50,89.9,863.2,31.1,45,801,121,55,123700,21000000000,1340000000,22340000000,412,104,424.9,40300000,6000000,75888,47690,243000000,3.04E+14,1.07E+09,4.77E+07,9.49E+06,4.26E+09,9.31E+06,8.94E+06,971,3.77
W,W920x787,1011,437,40.9,73.9,863.2,31.1,37,801,105,50,100400,16500000000,1030000000,17530000000,405,102,417.6,32600000,4730000,59382,38170,134000000,2.27E+14,8.27E+08,3.80E+07,7.42E+06,3.31E+09,7.62E+06,7.06E+06,788.1,3.69
W,W920x725,999,434,38.1,68.1,862.8,31.9,34,799,100,49,92400,14900000000,932000000,15832000000,402,100,414.3,29900000,4290000,54205,34835,106000000,2.02E+14,7.46E+08,3.47E+07,6.73E+06,2.99E+09,7.09E+06,6.41E+06,725.3,3.66
W,W920x656,987,431,34.5,62,863,32,31,799,94,47,83700,13400000000,830000000,14230000000,400,99.7,412.2,27100000,3850000,48541,31523,79500000,1.78E+14,6.66E+08,3.13E+07,6.02E+06,2.66E+09,6.42E+06,5.76E+06,657,3.63
W,W920x588,975,427,31,55.9,863.2,31.1,27.9,801,87,46,75000,11800000000,728000000,12528000000,397,98.6,409.1,24200000,3410000,43097,27803,58100000,1.54E+14,5.85E+08,2.78E+07,5.31E+06,2.34E+09,5.77E+06,5.10E+06,588.8,3.6
W,W920x576,993,322,36.1,65,863,21,32.5,821,86,37,73320,11000000000,365000000,11365000000,388,70.6,394.4,22200000,2270000,39712,33757,71300000,7.86E+13,3.91E+08,2.63E+07,3.66E+06,1.56E+09,6.72E+06,3.37E+06,575.6,3.2
W,W920x537,965,425,28.4,51.1,862.8,31.9,25.6,799,83,44,68500,10700000000,656000000,11356000000,395,98,407,22100000,3080000,38963,25450,44500000,1.37E+14,5.27E+08,2.53E+07,4.79E+06,2.11E+09,5.29E+06,4.61E+06,537.7,3.57
W,W920x521,981,319,33,58.9,863.2,20.1,29.4,823,79,36,66370,9820000000,321000000,10141000000,385,69.6,391.2,20000000,2010000,35216,30643,53400000,6.83E+13,3.45E+08,2.36E+07,3.24E+06,1.38E+09,6.15E+06,3.00E+06,521,3.17
W,W920x491,957,422,25.9,47,863,32,23.5,799,79,43,62600,9660000000,590000000,10250000000,394,97.3,405.8,20200000,2800000,35334,22818,34400000,1.22E+14,4.76E+08,2.30E+07,4.34E+06,1.90E+09,4.82E+06,4.18E+06,491.4,3.55
W,W920x474,971,316,30,54.1,862.8,20.9,27.1,821,75,34,60390,8860000000,287000000,9147000000,383,68.9,389.1,18200000,1810000,31873,27638,41000000,6.02E+13,3.10E+08,2.14E+07,2.90E+06,1.24E+09,5.58E+06,2.70E+06,474.1,3.15
W,W920x449,948,423,24,42.7,862.6,31.3,21.4,800,74,42,57600,8750000000,540000000,9290000000,391,97.2,402.9,18500000,2550000,32020,20988,26300000,1.11E+14,4.32E+08,2.09E+07,3.95E+06,1.73E+09,4.46E+06,3.82E+06,452.2,3.54
W,W920x425,961,313,26.9,49,863,21,24.5,821,70,32,54200,7880000000,252000000,8132000000,381,68.2,387.1,16400000,1610000,28230,24526,30300000,5.24E+13,2.74E+08,1.91E+07,2.56E+06,1.09E+09,5.01E+06,2.40E+06,425.5,3.12
W,W920x420,943,422,22.5,39.9,863.2,31.1,19.9,801,71,41,53500,8130000000,501000000,8631000000,390,96.8,401.8,17300000,2370000,29726,19549,21500000,1.02E+14,4.01E+08,1.95E+07,3.67E+06,1.60E+09,4.19E+06,3.55E+06,420,3.53
W,W920x390,936,420,21.3,36.6,862.8,31.4,18.3,800,68,41,49700,7420000000,453000000,7873000000,387,95.7,398.7,15800000,2160000,27021,18360,16900000,9.15E+13,3.63E+08,1.79E+07,3.33E+06,1.45E+09,3.96E+06,3.23E+06,390.1,3.51
W,W920x381,951,310,24.4,43.9,863.2,31.1,21.9,801,75,42,48600,6960000000,219000000,7179000000,379,67.2,384.9,14600000,1410000,24743,21502,21800000,4.51E+13,2.39E+08,1.70E+07,2.24E+06,9.57E+08,4.55E+06,2.11E+06,381.5,3.09
W,W920x368,931,419,20.3,34.3,862.4,31.7,17.1,799,66,40,46800,6920000000,421000000,7341000000,386,95.1,397.5,14900000,2010000,25129,17349,14100000,8.47E+13,3.37E+08,1.68E+07,3.10E+06,1.35E+09,3.77E+06,3.01E+06,367.4,3.5
W,W920x345,943,308,22.1,39.9,863.2,31.1,19.9,801,71,41,44000,6250000000,195000000,6445000000,377,66.7,382.9,13300000,1270000,22147,19295,16400000,3.98E+13,2.14E+08,1.53E+07,2.00E+06,8.55E+08,4.12E+06,1.89E+06,345.4,3.07
W,W920x344,927,418,19.3,32,863,32,16,799,64,40,43900,6450000000,390000000,6840000000,384,94.5,395.5,13900000,1870000,23324,16400,11600000,7.81E+13,3.13E+08,1.57E+07,2.88E+06,1.25E+09,3.59E+06,2.80E+06,344.6,3.49
W,W920x313,932,309,21.1,34.5,863,31.5,17.3,800,66,41,39900,5480000000,170000000,5650000000,371,65.4,376.7,11800000,1100000,18948,18111,11500000,3.43E+13,1.85E+08,1.36E+07,1.75E+06,7.39E+08,3.93E+06,1.65E+06,313.2,3.06
W,W920x289,927,308,19.4,32,863,32,16,799,64,40,36800,5040000000,156000000,5196000000,370,65.3,375.7,10900000,1020000,17406,16488,9160000,3.13E+13,1.70E+08,1.25E+07,1.60E+06,6.79E+08,3.61E+06,1.52E+06,288.9,3.05
W,W920x271,923,307,18.4,30,863,32,15,799,62,39,34600,4710000000,145000000,4855000000,369,64.8,374.6,10200000,946000,16247,15530,7630000,2.89E+13,1.58E+08,1.18E+07,1.49E+06,6.31E+08,3.43E+06,1.41E+06,271.6,3.04
W,W920x253,919,306,17.3,27.9,863.2,31.1,13.9,801,59,39,32300,4370000000,134000000,4504000000,368,64.3,373.6,9510000,874000,15115,14565,6210000,2.65E+13,1.45E+08,1.09E+07,1.37E+06,5.82E+08,3.22E+06,1.31E+06,253.6,3.03
W,W920x238,915,305,16.5,25.9,863.2,31.1,12.9,801,57,38,30300,4060000000,123000000,4183000000,366,63.7,371.5,8870000,806000,13896,13781,5100000,2.43E+13,1.34E+08,1.02E+07,1.27E+06,5.36E+08,3.07E+06,1.20E+06,237.9,3.02
W,W920x223,911,304,15.9,23.9,863.2,31.1,11.9,801,55,38,28500,3760000000,112000000,3872000000,363,62.7,368.4,8260000,738000,12647,13142,4180000,2.21E+13,1.22E+08,9.52E+06,1.16E+06,4.90E+08,2.96E+06,1.10E+06,223.7,3.01
W,W920x201,903,304,15.2,20.1,862.8,31.9,10.1,799,52,38,25600,3250000000,94400000,3344400000,356,60.7,361.1,7190000,621000,10600,12319,2880000,1.84E+13,1.03E+08,8.34E+06,9.82E+05,4.10E+08,2.83E+06,9.29E+05,201,2.99
W,W840x576,913,411,32,57.9,797.2,31.1,28.9,735,89,46,73500,10100000000,672000000,10772000000,371,95.7,383.1,22200000,3270000,43138,26731,61700000,1.23E+14,5.23E+08,2.56E+07,5.10E+06,2.09E+09,5.08E+06,4.89E+06,577,3.41
W,W840x527,903,409,29.5,53.1,796.8,31.9,26.6,733,85,45,67200,9150000000,607000000,9757000000,369,95,381,20300000,2970000,39088,24435,47800000,1.10E+14,4.72E+08,2.33E+07,4.62E+06,1.89E+09,4.68E+06,4.44E+06,527.5,3.38
W,W840x473,893,406,26.4,48,797,32,24,733,80,43,60300,8130000000,537000000,8667000000,367,94.3,378.9,18200000,2640000,34893,21635,35100000,9.58E+13,4.18E+08,2.08E+07,4.10E+06,1.67E+09,4.19E+06,3.96E+06,473.4,3.36
W,W840x433,885,404,24.4,43.9,797.2,31.1,21.9,735,75,42,55200,7360000000,484000000,7844000000,365,93.5,376.8,16600000,2390000,31608,19850,27000000,8.55E+13,3.77E+08,1.89E+07,3.71E+06,1.51E+09,3.88E+06,3.58E+06,433.3,3.34
W,W840x392,877,401,22.1,39.9,797.2,31.1,19.9,735,71,41,49900,6600000000,430000000,7030000000,363,92.7,374.6,15000000,2140000,28353,17853,20300000,7.53E+13,3.36E+08,1.70E+07,3.31E+06,1.34E+09,3.51E+06,3.21E+06,391.7,3.31
W,W840x359,868,403,21.1,35.6,796.8,31.4,17.8,734,67,41,45700,5920000000,389000000,6309000000,359,92.1,370.6,13600000,1930000,25196,16817,15100000,6.74E+13,3.01E+08,1.54E+07,2.98E+06,1.20E+09,3.35E+06,2.89E+06,358.7,3.31
W,W840x329,862,401,19.7,32.4,797.2,31.6,16.2,734,64,40,41900,5360000000,349000000,5709000000,357,91.1,368.4,12400000,1740000,22751,15553,11600000,6.00E+13,2.70E+08,1.40E+07,2.69E+06,1.08E+09,3.13E+06,2.60E+06,328.9,3.29
W,W840x299,855,400,18.2,29.2,796.6,31.8,14.6,733,61,39,38100,4800000000,312000000,5112000000,355,90.4,366.3,11200000,1560000,20342,14180,8660000,5.32E+13,2.41E+08,1.27E+07,2.41E+06,9.65E+08,2.89E+06,2.34E+06,299.1,3.27
W,W840x251,859,292,17,31,797,32,15.5,733,63,39,31900,3860000000,129000000,3989000000,348,63.6,353.8,9000000,884000,16059,13303,7350000,2.21E+13,1.37E+08,1.03E+07,1.38E+06,5.47E+08,2.70E+06,1.32E+06,250.4,2.85
W,W840x226,851,294,16.1,26.8,797.4,31.2,13.4,735,58,38,28800,3400000000,114000000,3514000000,343,62.8,348.7,7990000,774000,13905,12470,5140000,1.93E+13,1.19E+08,9.16E+06,1.21E+06,4.77E+08,2.56E+06,1.16E+06,226.1,2.85
W,W840x210,846,293,15.4,24.4,797.2,31.6,12.2,734,56,38,26800,3110000000,103000000,3213000000,340,61.8,345.6,7340000,700000,12622,11805,4050000,1.73E+13,1.08E+08,8.43E+06,1.10E+06,4.30E+08,2.45E+06,1.05E+06,210.4,2.83
W,W840x193,840,292,14.7,21.7,796.6,31.3,10.8,734,53,37,24700,2780000000,90300000,2870300000,336,60.5,341.4,6630000,618000,11040,11078,3050000,1.51E+13,9.46E+07,7.62E+06,9.71E+05,3.79E+08,2.33E+06,9.25E+05,193.9,2.82
W,W840x176,835,292,14,18.8,797.4,31.2,9.4,735,50,37,22400,2460000000,78200000,2538200000,331,59.1,336.2,5900000,536000,9501,10396,2220000,1.30E+13,8.18E+07,6.81E+06,8.44E+05,3.27E+08,2.23E+06,8.01E+05,175.8,2.81
W,W760x582,843,396,34.5,62,719,32,31,655,94,47,74200,8620000000,644000000,9264000000,341,93.2,353.5,20400000,3250000,44957,26476,72200000,9.83E+13,4.75E+08,2.38E+07,5.08E+06,1.90E+09,4.46E+06,4.86E+06,582.5,3.2
W,W760x531,833,393,31.5,56.9,719.2,31.1,28.4,657,88,46,67600,7770000000,578000000,8348000000,339,92.4,351.4,18600000,2940000,40704,23954,55600000,8.70E+13,4.26E+08,2.16E+07,4.58E+06,1.71E+09,4.07E+06,4.39E+06,530.7,3.18
W,W760x484,823,390,29,52.1,718.8,31.9,26.1,655,84,45,61700,6990000000,517000000,7507000000,336,91.4,348.2,17000000,2650000,36728,21768,42800000,7.68E+13,3.82E+08,1.95E+07,4.12E+06,1.53E+09,3.75E+06,3.96E+06,484.3,3.15
W,W760x434,813,387,25.9,47,719,32,23.5,655,79,43,55300,6190000000,455000000,6645000000,334,90.7,346.1,15200000,2350000,32560,19218,31300000,6.68E+13,3.37E+08,1.74E+07,3.65E+06,1.35E+09,3.35E+06,3.52E+06,434.1,3.12
W,W760x389,803,385,23.6,41.9,719.2,31.1,20.9,657,73,42,49500,5450000000,399000000,5849000000,332,89.8,343.9,13600000,2070000,28631,17306,22500000,5.78E+13,2.95E+08,1.55E+07,3.21E+06,1.18E+09,3.05E+06,3.11E+06,388.6,3.1
W,W760x350,795,382,21.1,38.1,718.8,31.9,19.1,655,70,41,44500,4870000000,355000000,5225000000,330,89.1,341.8,12200000,1860000,25790,15312,16800000,5.08E+13,2.63E+08,1.39E+07,2.87E+06,1.05E+09,2.73E+06,2.78E+06,349.3,3.08
W,W760x314,786,384,19.7,33.4,719.2,31.6,16.7,656,65,40,40000,4290000000,316000000,4606000000,327,88.7,338.8,10900000,1640000,22554,14107,11800000,4.47E+13,2.32E+08,1.23E+07,2.54E+06,9.27E+08,2.55E+06,2.46E+06,314,3.07
W,W760x284,779,382,18,30.1,718.8,31.9,15.1,655,62,39,36200,3830000000,280000000,4110000000,325,87.9,336.7,9820000,1470000,20065,12758,8750000,3.93E+13,2.06E+08,1.11E+07,2.26E+06,8.22E+08,2.33E+06,2.20E+06,284.2,3.05
W,W760x257,773,381,16.6,27.1,718.8,31.9,13.6,655,59,38,32800,3430000000,250000000,3680000000,323,87.2,334.6,8880000,1310000,17926,11622,6510000,3.48E+13,1.83E+08,9.97E+06,2.02E+06,7.34E+08,2.14E+06,1.97E+06,257.5,3.04
W,W760x220,779,266,16.5,30,719,32,15,655,62,38,28100,2780000000,94400000,2874400000,315,58,320.3,7140000,710000,14208,11602,6050000,1.32E+13,9.94E+07,8.19E+06,1.11E+06,3.97E+08,2.13E+06,1.06E+06,220.6,2.59
W,W760x196,770,268,15.6,25.4,719.2,31.6,12.7,656,57,38,25100,2400000000,81700000,2481700000,309,57.1,314.2,6240000,610000,11977,10755,4040000,1.13E+13,8.49E+07,7.17E+06,9.59E+05,3.40E+08,2.02E+06,9.12E+05,197,2.58
W,W760x185,766,267,14.9,23.6,718.8,31.4,11.8,656,55,37,23500,2230000000,75100000,2305100000,308,56.5,313.1,5820000,563000,11057,10216,3330000,1.03E+13,7.81E+07,6.69E+06,8.84E+05,3.12E+08,1.92E+06,8.41E+05,184.5,2.57
W,W760x173,762,267,14.4,21.6,718.8,31.4,10.8,656,53,37,22100,2060000000,68700000,2128700000,305,55.7,310,5400000,515000,10065,9779,2690000,9.42E+12,7.13E+07,6.21E+06,8.10E+05,2.85E+08,1.86E+06,7.70E+05,173.5,2.56
W,W760x161,758,266,13.8,19.3,719.4,31.7,9.7,656,51,37,20200,1860000000,60700000,1920700000,302,54.5,306.9,4900000,457000,8912,9209,2070000,8.28E+12,6.30E+07,5.66E+06,7.20E+05,2.52E+08,1.79E+06,6.83E+05,158.6,2.55
W,W760x147,753,265,13.2,17,719,32,8.5,655,49,37,18800,1660000000,52900000,1712900000,298,53.1,302.7,4410000,399000,7787,8642,1560000,7.16E+12,5.49E+07,5.10E+06,6.31E+05,2.20E+08,1.71E+06,5.97E+05,147.6,2.54
W,W760x134,750,264,11.9,15.5,719,31.5,7.8,656,47,36,17000,1500000000,47700000,1547700000,297,53,301.7,4010000,361000,7057,7699,1180000,6.43E+12,4.96E+07,4.63E+06,5.68E+05,1.98E+08,1.54E+06,5.40E+05,133.4,2.53
W,W690x802,826,387,50,89.9,646.2,31.1,45,584,121,55,102200,10600000000,875000000,11475000000,322,92.6,335.1,25700000,4520000,66921,36858,203000000,1.19E+14,6.19E+08,3.09E+07,7.14E+06,2.48E+09,5.22E+06,6.73E+06,802.3,3.1
W,W690x548,772,372,35.1,63,646,32,31.5,582,95,48,69800,6730000000,543000000,7273000000,310,88.1,322.3,17400000,2920000,43286,24474,70700000,6.82E+13,3.86E+08,2.04E+07,4.57E+06,1.55E+09,3.66E+06,4.36E+06,547.9,2.96
W,W690x500,762,369,32,57.9,646.2,31.1,28.9,584,89,46,63700,6060000000,487000000,6547000000,308,87.4,320.2,15900000,2640000,39188,22072,54600000,6.03E+13,3.47E+08,1.85E+07,4.11E+06,1.39E+09,3.34E+06,3.94E+06,500,2.94
W,W690x457,752,367,29.5,53.1,645.8,31.9,26.6,582,85,45,58200,5470000000,439000000,5909000000,306,86.7,318,14500000,2390000,35414,20114,42300000,5.36E+13,3.12E+08,1.68E+07,3.72E+06,1.25E+09,3.08E+06,3.58E+06,456.9,2.91
W,W690x419,744,364,26.9,49,646,32,24.5,582,81,43,53300,4950000000,395000000,5345000000,305,86,316.9,13300000,2170000,32194,18106,33000000,4.77E+13,2.82E+08,1.53E+07,3.37E+06,1.13E+09,2.81E+06,3.25E+06,418.4,2.89
W,W690x384,736,362,24.9,45,646,32,22.5,582,77,42,48900,4490000000,357000000,4847000000,303,85.3,314.8,12200000,1970000,29270,16617,25700000,4.26E+13,2.55E+08,1.40E+07,3.05E+06,1.02E+09,2.60E+06,2.95E+06,383.9,2.87
W,W690x350,728,360,23.1,40.9,646.2,31.1,20.4,584,72,42,44600,4030000000,319000000,4349000000,300,84.4,311.6,11100000,1770000,26285,15238,19500000,3.76E+13,2.28E+08,1.26E+07,2.74E+06,9.11E+08,2.41E+06,2.65E+06,350.1,2.85
W,W690x323,722,359,21.1,38.1,645.8,31.9,19.1,582,70,41,41100,3710000000,294000000,4004000000,300,84.4,311.6,10300000,1640000,24203,13805,15700000,3.44E+13,2.10E+08,1.17E+07,2.53E+06,8.40E+08,2.20E+06,2.46E+06,322.6,2.84
W,W690x289,714,356,19,34,646,32,17,582,66,40,36800,3260000000,256000000,3516000000,298,83.4,309.5,9140000,1440000,21320,12262,11200000,2.96E+13,1.83E+08,1.03E+07,2.22E+06,7.33E+08,1.98E+06,2.15E+06,288.9,2.81
W,W690x265,706,358,18.4,30.2,645.6,31.8,15.1,582,62,39,33700,2920000000,231000000,3151000000,294,82.7,305.4,8270000,1290000,18888,11734,8340000,2.64E+13,1.63E+08,9.33E+06,1.99E+06,6.54E+08,1.92E+06,1.94E+06,264.5,2.81
W,W690x240,701,356,16.8,27.4,646.2,31.6,13.7,583,59,38,30600,2630000000,206000000,2836000000,292,82,303.3,7490000,1160000,16959,10640,6270000,2.34E+13,1.46E+08,8.43E+06,1.79E+06,5.85E+08,1.75E+06,1.74E+06,240.2,2.79
W,W690x217,695,355,15.4,24.8,645.4,31.2,12.4,583,56,38,27700,2360000000,185000000,2545000000,291,81.5,302.2,6790000,1040000,15257,9656,4720000,2.08E+13,1.31E+08,7.61E+06,1.61E+06,5.24E+08,1.60E+06,1.56E+06,217.4,2.78
W,W690x192,702,254,15.5,27.9,646.2,31.1,13.9,584,59,38,24400,1980000000,76400000,2056400000,285,56,290.4,5640000,602000,12580,9736,4610000,8.68E+12,7.58E+07,6.46E+06,9.41E+05,3.03E+08,1.62E+06,9.00E+05,191.5,2.39
W,W690x170,693,256,14.5,23.6,645.8,31.4,11.8,583,55,37,21600,1700000000,66200000,1766200000,280,55.3,285.4,4900000,517000,10619,8881,3040000,7.41E+12,6.47E+07,5.62E+06,8.09E+05,2.59E+08,1.51E+06,7.73E+05,169.6,2.38
W,W690x152,688,254,13.1,21.1,645.8,31.9,10.6,582,53,37,19400,1510000000,57800000,1567800000,279,54.6,284.3,4380000,455000,9363,7913,2200000,6.42E+12,5.67E+07,5.00E+06,7.10E+05,2.27E+08,1.37E+06,6.81E+05,152.3,2.37
W,W690x140,684,254,12.4,18.9,646.2,31.1,9.4,584,50,36,17900,1360000000,51700000,1411700000,276,53.9,281.2,3980000,407000,8324,7377,1670000,5.72E+12,5.07E+07,4.55E+06,6.36E+05,2.03E+08,1.29E+06,6.10E+05,140.5,2.36
W,W690x125,678,253,11.7,16.3,645.4,31.7,8.2,582,48,36,16000,1180000000,44100000,1224100000,272,52.5,277,3500000,349000,7113,6725,1170000,4.83E+12,4.31E+07,4.01E+06,5.46E+05,1.73E+08,1.22E+06,5.22E+05,125.6,2.34
W,W610x551,711,347,38.6,69.1,572.8,31.9,34.5,509,101,49,70200,5570000000,484000000,6054000000,282,83,294,15700000,2790000,45080,24386,83800000,4.99E+13,3.34E+08,1.86E+07,4.38E+06,1.34E+09,3.17E+06,4.16E+06,551.1,2.73
W,W610x498,699,343,35.1,63,573,32,31.5,509,95,48,63500,4950000000,426000000,5376000000,279,81.9,290.8,14200000,2480000,40246,21881,63200000,4.31E+13,2.95E+08,1.67E+07,3.89E+06,1.18E+09,2.88E+06,3.71E+06,498.5,2.7
W,W610x455,689,340,32,57.9,573.2,31.1,28.9,511,89,46,57900,4440000000,381000000,4821000000,277,81.1,288.6,12900000,2240000,36365,19642,48800000,3.79E+13,2.64E+08,1.51E+07,3.50E+06,1.06E+09,2.63E+06,3.35E+06,454.5,2.67
W,W610x415,679,338,29.5,53.1,572.8,31.9,26.6,509,85,45,52900,4000000000,343000000,4343000000,275,80.5,286.5,11800000,2030000,32855,17879,37700000,3.36E+13,2.37E+08,1.37E+07,3.16E+06,9.49E+08,2.42E+06,3.03E+06,415.3,2.65
W,W610x372,669,335,26.4,48,573,32,24,509,80,43,47400,3530000000,302000000,3832000000,273,79.8,284.4,10600000,1800000,29238,15725,27700000,2.91E+13,2.09E+08,1.22E+07,2.80E+06,8.36E+08,2.17E+06,2.69E+06,372.1,2.63
W,W610x341,661,333,24.4,43.9,573.2,31.1,21.9,511,75,42,43400,3180000000,271000000,3451000000,271,79,282.3,9630000,1630000,26346,14374,21300000,2.58E+13,1.88E+08,1.11E+07,2.52E+06,7.51E+08,2.00E+06,2.43E+06,340.7,2.61
W,W610x307,653,330,22.1,39.9,573.2,31.1,19.9,511,71,41,39100,2840000000,240000000,3080000000,269,78.2,280.1,8690000,1450000,23645,12905,15900000,2.25E+13,1.66E+08,9.93E+06,2.24E+06,6.66E+08,1.82E+06,2.17E+06,306.9,2.58
W,W610x285,647,329,20.6,37.1,572.8,31.9,18.6,509,69,40,36100,2610000000,221000000,2831000000,268,77.9,279.1,8060000,1340000,21791,11871,12800000,2.05E+13,1.53E+08,9.17E+06,2.07E+06,6.12E+08,1.69E+06,2.01E+06,283.4,2.57
W,W610x262,641,327,19,34,573,32,17,509,66,40,33300,2360000000,198000000,2558000000,266,77.2,277,7360000,1210000,19582,10800,9900000,1.83E+13,1.38E+08,8.35E+06,1.87E+06,5.52E+08,1.56E+06,1.82E+06,261.4,2.55
W,W610x241,635,329,17.9,31,573,32,15.5,509,63,39,30800,2150000000,184000000,2334000000,264,77.4,275.1,6780000,1120000,17895,10001,7700000,1.68E+13,1.27E+08,7.67E+06,1.73E+06,5.07E+08,1.47E+06,1.68E+06,241.8,2.55
W,W610x217,628,328,16.5,27.7,572.6,31.3,13.8,510,59,38,27700,1910000000,163000000,2073000000,262,76.7,273,6070000,995000,15874,9157,5600000,1.47E+13,1.12E+08,6.85E+06,1.53E+06,4.47E+08,1.35E+06,1.49E+06,217.4,2.54
W,W610x195,622,327,15.4,24.4,573.2,31.6,12.2,510,56,38,24800,1680000000,142000000,1822000000,260,75.6,270.8,5400000,871000,13809,8391,3970000,1.27E+13,9.74E+07,6.07E+06,1.34E+06,3.90E+08,1.26E+06,1.30E+06,194.7,2.52
W,W610x174,616,325,14,21.6,572.8,31.4,10.8,510,53,37,22200,1470000000,124000000,1594000000,257,74.7,267.6,4780000,761000,12211,7484,2800000,1.09E+13,8.48E+07,5.36E+06,1.17E+06,3.39E+08,1.15E+06,1.14E+06,174.3,2.5
W,W610x155,611,324,12.7,19,573,32,9.5,509,51,36,19700,1290000000,108000000,1398000000,256,73.9,266.5,4220000,666000,10637,6668,1950000,9.45E+12,7.38E+07,4.73E+06,1.02E+06,2.95E+08,1.04E+06,9.97E+05,154.6,2.49
W,W610x153,623,229,14,24.9,573.2,31.1,12.4,511,56,37,19600,1250000000,50000000,1300000000,253,50.5,258,4020000,437000,10107,7605,2950000,4.47E+12,4.88E+07,4.60E+06,6.82E+05,1.95E+08,1.15E+06,6.53E+05,153.9,2.13
W,W610x140,617,230,13.1,22.2,572.6,31.8,11.1,509,54,37,17900,1120000000,45100000,1165100000,250,50.3,255,3630000,392000,8955,6967,2180000,3.99E+12,4.37E+07,4.15E+06,6.13E+05,1.75E+08,1.07E+06,5.87E+05,140.5,2.13
W,W610x125,612,229,11.9,19.6,572.8,31.4,9.8,510,51,36,15900,985000000,39300000,1024300000,249,49.7,253.9,3220000,343000,7822,6216,1540000,3.45E+12,3.81E+07,3.67E+06,5.35E+05,1.52E+08,9.76E+05,5.14E+05,124.8,2.12
W,W610x113,608,228,11.2,17.3,573.4,31.7,8.7,510,49,36,14500,875000000,34300000,909300000,246,48.7,250.8,2880000,300000,6854,5718,1120000,2.99E+12,3.32E+07,3.29E+06,4.69E+05,1.33E+08,9.21E+05,4.50E+05,113.8,2.11
W,W610x101,603,228,10.5,14.9,573.2,31.1,7.5,511,46,35,13000,764000000,29500000,793500000,243,47.7,247.6,2530000,259000,5846,5267,781000,2.55E+12,2.85E+07,2.90E+06,4.04E+05,1.14E+08,8.62E+05,3.87E+05,102,2.1
W,W610x92,603,179,10.9,15,573,23,7.5,527,38,26,11700,646000000,14400000,660400000,234,35,236.6,2140000,161000,4700,5833,710000,1.25E+12,1.77E+07,2.51E+06,2.58E+05,7.07E+07,8.95E+05,2.40E+05,91.8,1.9
W,W610x82,599,178,10,12.8,573.4,22.2,6.4,529,35,26,10500,560000000,12100000,572100000,232,34,234.5,1870000,136000,3971,5302,488000,1.04E+12,1.49E+07,2.20E+06,2.18E+05,5.94E+07,8.22E+05,2.03E+05,82.4,1.89
W,W530x409,613,327,31,55.6,501.8,31.4,27.8,439,87,46,52200,3170000000,325000000,3495000000,247,79.1,259.4,10300000,1990000,33472,16776,41300000,2.53E+13,2.07E+08,1.21E+07,3.10E+06,8.28E+08,1.95E+06,2.97E+06,409.8,2.47
W,W530x369,603,324,27.9,50.5,502,31.5,25.3,439,82,44,47000,2810000000,287000000,3097000000,245,78.3,257.2,9310000,1770000,29859,14881,30800000,2.19E+13,1.83E+08,1.08E+07,2.75E+06,7.32E+08,1.76E+06,2.65E+06,368.9,2.45
W,W530x332,593,322,25.4,45.5,502,31.5,22.8,439,77,43,42300,2480000000,254000000,2734000000,242,77.6,254.1,8350000,1580000,26560,13309,22600000,1.90E+13,1.61E+08,9.66E+06,2.44E+06,6.46E+08,1.60E+06,2.36E+06,332.1,2.42
W,W530x300,585,319,23.1,41.4,502.2,31.6,20.7,439,73,42,38200,2210000000,225000000,2435000000,241,76.7,252.9,7550000,1410000,23851,11933,17000000,1.66E+13,1.43E+08,8.67E+06,2.18E+06,5.73E+08,1.46E+06,2.11E+06,299.9,2.4
W,W530x272,577,317,21.1,37.6,501.8,31.4,18.8,439,69,41,34600,1970000000,200000000,2170000000,239,76.1,250.8,6820000,1260000,21268,10743,12800000,1.46E+13,1.27E+08,7.79E+06,1.95E+06,5.10E+08,1.33E+06,1.89E+06,271.6,2.38
W,W530x248,571,315,19,34.5,502,31.5,17.3,439,66,40,31500,1770000000,180000000,1950000000,238,75.7,249.7,6220000,1140000,19283,9484,9770000,1.30E+13,1.15E+08,7.06E+06,1.76E+06,4.59E+08,1.20E+06,1.71E+06,247.3,2.36
W,W530x219,560,318,18.3,29.2,501.6,31.8,14.6,438,61,39,27900,1510000000,157000000,1667000000,233,75,244.8,5390000,986000,16365,8911,6420000,1.10E+13,9.80E+07,6.11E+06,1.52E+06,3.92E+08,1.15E+06,1.48E+06,219,2.36
W,W530x196,554,316,16.5,26.3,501.4,31.7,13.2,438,58,38,25000,1340000000,139000000,1479000000,231,74.4,242.7,4840000,877000,14629,7927,4700000,9.64E+12,8.66E+07,5.46E+06,1.35E+06,3.46E+08,1.04E+06,1.31E+06,196.2,2.34
W,W530x182,551,315,15.2,24.4,502.2,31.6,12.2,439,56,38,23200,1240000000,127000000,1367000000,231,74.2,242.6,4480000,808000,13332,7298,3740000,8.82E+12,7.97E+07,5.04E+06,1.24E+06,3.19E+08,9.58E+05,1.21E+06,182.1,2.33
W,W530x165,546,313,14,22.2,501.6,31.8,11.1,438,54,37,21100,1110000000,114000000,1224000000,230,73.4,241.4,4060000,726000,12143,6576,2830000,7.79E+12,7.12E+07,4.55E+06,1.11E+06,2.85E+08,8.81E+05,1.09E+06,165.6,2.32
W,W530x150,543,312,12.7,20.3,502.4,31.7,10.2,439,52,36,19200,1010000000,103000000,1113000000,229,73.2,240.4,3710000,659000,10980,5920,2160000,7.03E+12,6.46E+07,4.15E+06,1.01E+06,2.58E+08,8.01E+05,9.88E+05,150.7,2.31
W,W530x138,549,214,14.7,23.6,501.8,20.4,11.8,461,44,26,17600,861000000,38700000,899700000,221,46.9,225.9,3140000,362000,9008,7404,2500000,2.67E+12,3.55E+07,3.61E+06,5.69E+05,1.42E+08,9.25E+05,5.40E+05,138.2,1.92
W,W530x123,544,212,13.1,21.2,501.6,20.8,10.6,460,42,26,15700,761000000,33800000,794800000,220,46.4,224.8,2800000,319000,7970,6515,1800000,2.31E+12,3.11E+07,3.21E+06,4.99E+05,1.25E+08,8.24E+05,4.76E+05,123.2,1.91
W,W530x109,539,211,11.6,18.8,501.4,20.2,9.4,461,39,25,13900,667000000,29500000,696500000,219,46.1,223.8,2480000,280000,6971,5714,1260000,2.00E+12,2.72E+07,2.83E+06,4.37E+05,1.09E+08,7.29E+05,4.19E+05,109.1,1.9
W,W530x101,537,210,10.9,17.4,502.2,20.6,8.7,461,38,24,12900,617000000,26900000,643900000,219,45.6,223.7,2300000,256000,6389,5328,1020000,1.82E+12,2.49E+07,2.62E+06,4.00E+05,9.97E+07,6.87E+05,3.84E+05,101.3,1.89
W,W530x92,533,209,10.2,15.6,501.8,20.4,7.8,461,36,24,11800,552000000,23800000,575800000,217,44.9,221.6,2070000,228000,5688,4927,762000,1.59E+12,2.20E+07,2.36E+06,3.55E+05,8.81E+07,6.42E+05,3.41E+05,92.6,1.88
W,W530x82,528,209,9.5,13.3,501.4,20.7,6.7,460,34,24,10500,477000000,20300000,497300000,213,44,217.5,1810000,194000,4822,4515,518000,1.34E+12,1.87E+07,2.06E+06,3.03E+05,7.48E+07,5.97E+05,2.90E+05,82.4,1.87
W,W530x72,524,207,9,10.9,502.2,20.1,5.5,462,31,24,9180,401000000,16200000,417200000,209,42,213.2,1530000,156000,3904,4217,338000,1.06E+12,1.50E+07,1.76E+06,2.45E+05,5.99E+07,5.67E+05,2.34E+05,72.1,1.86
W,W530x85,535,166,10.3,16.5,502,20.5,8.3,461,37,24,10800,485000000,12600000,497600000,210,34.2,212.8,1810000,152000,4821,4992,737000,8.49E+11,1.47E+07,2.10E+06,2.42E+05,5.89E+07,6.49E+05,2.27E+05,84.8,1.71
W,W530x74,529,166,9.7,13.6,501.8,20.4,6.8,461,34,24,9480,411000000,10400000,421400000,208,33.1,210.6,1550000,125000,3941,4619,480000,6.92E+11,1.21E+07,1.81E+06,2.00E+05,4.83E+07,6.11E+05,1.87E+05,74.4,1.7
W,W530x66,525,165,8.9,11.4,502.2,20.6,5.7,461,32,23,8390,351000000,8570000,359570000,205,32,207.5,1340000,104000,3263,4151,320000,5.65E+11,9.96E+06,1.56E+06,1.66E+05,3.99E+07,5.61E+05,1.55E+05,65.9,1.69
W,W460x464,567,305,38.6,69.6,427.8,21.4,34.8,385,91,39,59100,2900000000,331000000,3231000000,222,74.9,234.3,10200000,2170000,40577,19288,73100000,2.05E+13,2.01E+08,1.24E+07,3.40E+06,8.05E+08,1.77E+06,3.24E+06,463.9,2.28
W,W460x421,555,302,35.6,63.5,428,21.5,31.8,385,85,38,53700,2570000000,293000000,2863000000,219,73.9,231.1,9250000,1940000,36254,17492,55700000,1.77E+13,1.78E+08,1.11E+07,3.03E+06,7.12E+08,1.63E+06,2.90E+06,421.5,2.25
W,W460x384,545,299,32.5,58.4,428.2,21.6,29.2,385,80,36,49000,2290000000,261000000,2551000000,217,73.1,229,8420000,1750000,32613,15618,42700000,1.55E+13,1.59E+08,1.00E+07,2.73E+06,6.35E+08,1.49E+06,2.61E+06,384.6,2.22
W,W460x349,535,296,29.5,53.6,427.8,21.4,26.8,385,75,35,44400,2040000000,233000000,2273000000,214,72.3,225.9,7640000,1570000,29575,13971,32800000,1.35E+13,1.41E+08,9.01E+06,2.44E+06,5.65E+08,1.35E+06,2.35E+06,348.5,2.2
W,W460x315,525,293,26.9,48.5,428,21.5,24.3,385,70,33,40100,1800000000,204000000,2004000000,212,71.4,223.7,6850000,1390000,26142,12570,24300000,1.16E+13,1.24E+08,8.02E+06,2.16E+06,4.96E+08,1.23E+06,2.08E+06,314.8,2.17
W,W460x286,517,291,24.4,44.4,428.2,21.6,22.2,385,66,32,36400,1610000000,183000000,1793000000,210,70.9,221.6,6230000,1260000,23596,11221,18600000,1.02E+13,1.11E+08,7.24E+06,1.94E+06,4.44E+08,1.12E+06,1.88E+06,285.7,2.15
W,W460x260,509,289,22.6,40.4,428.2,21.6,20.2,385,62,32,33100,1440000000,163000000,1603000000,208,70.1,219.5,5650000,1130000,21148,10295,14100000,8.95E+12,9.88E+07,6.53E+06,1.74E+06,3.95E+08,1.04E+06,1.69E+06,259.8,2.13
W,W460x235,501,287,20.6,36.6,427.8,21.4,18.3,385,58,31,29900,1270000000,145000000,1415000000,206,69.5,217.4,5080000,1010000,19000,9161,10500000,7.79E+12,8.75E+07,5.84E+06,1.55E+06,3.50E+08,9.43E+05,1.51E+06,234.7,2.11
W,W460x213,495,285,18.5,33.5,428,21.5,16.8,385,55,30,27100,1140000000,129000000,1269000000,205,69.1,216.3,4620000,909000,16924,8137,7970000,6.89E+12,7.85E+07,5.27E+06,1.40E+06,3.14E+08,8.47E+05,1.36E+06,212.7,2.09
W,W460x193,489,283,17,30.5,428,21.5,15.3,385,52,29,24700,1020000000,115000000,1135000000,204,68.5,215.2,4190000,816000,15222,7379,6030000,6.06E+12,7.00E+07,4.75E+06,1.25E+06,2.80E+08,7.79E+05,1.22E+06,193.9,2.08
W,W460x177,482,286,16.6,26.9,428.2,22.1,13.4,384,49,29,22600,910000000,105000000,1015000000,201,68.2,212.3,3780000,735000,13546,7103,4400000,5.44E+12,6.26E+07,4.28E+06,1.13E+06,2.50E+08,7.61E+05,1.10E+06,177.4,2.07
W,W460x158,476,284,15,23.9,428.2,22.1,11.9,384,46,28,20100,796000000,91400000,887400000,199,67.4,210.1,3350000,643000,11893,6326,3110000,4.67E+12,5.45E+07,3.77E+06,9.89E+05,2.18E+08,6.88E+05,9.64E+05,157.8,2.06
W,W460x144,472,283,13.6,22.1,427.8,21.9,11.1,384,44,27,18400,726000000,83600000,809600000,199,67.4,210.1,3080000,591000,10917,5694,2440000,4.23E+12,4.98E+07,3.45E+06,9.06E+05,1.99E+08,6.22E+05,8.85E+05,144.4,2.05
W,W460x128,467,282,12.2,19.6,427.8,21.4,9.8,385,41,26,16300,637000000,73300000,710300000,197,67,208.1,2730000,520000,9589,5055,1710000,3.67E+12,4.36E+07,3.05E+06,7.96E+05,1.74E+08,5.58E+05,7.79E+05,128,2.04
W,W460x113,463,280,10.8,17.3,428.4,21.7,8.7,385,39,26,14400,556000000,63300000,619300000,196,66.3,206.9,2400000,452000,8364,4417,1180000,3.15E+12,3.78E+07,2.67E+06,6.91E+05,1.51E+08,4.96E+05,6.78E+05,113,2.02
W,W460x106,469,194,12.6,20.6,427.8,18.4,10.3,391,39,23,13400,488000000,25100000,513100000,190,43.2,194.8,2080000,259000,7075,5371,1460000,1.26E+12,2.17E+07,2.39E+06,4.05E+05,8.69E+07,5.76E+05,3.88E+05,105.2,1.69
W,W460x97,466,193,11.4,19,428,19,9.5,390,38,23,12300,445000000,22800000,467800000,190,43.1,194.8,1910000,237000,6466,4809,1130000,1.14E+12,1.98E+07,2.18E+06,3.68E+05,7.91E+07,5.22E+05,3.54E+05,96.6,1.68
W,W460x89,463,192,10.5,17.7,427.6,18.3,8.8,391,36,22,11400,409000000,20900000,429900000,190,42.9,194.8,1770000,218000,5968,4404,905000,1.04E+12,1.82E+07,2.01E+06,3.39E+05,7.26E+07,4.80E+05,3.26E+05,89.5,1.67
W,W460x82,460,191,9.9,16,428,19,8,390,35,22,10500,370000000,18600000,388600000,188,42.2,192.7,1610000,195000,5340,4098,690000,9.18E+11,1.62E+07,1.83E+06,3.03E+05,6.48E+07,4.53E+05,2.92E+05,82.4,1.66
W,W460x74,457,190,9,14.5,428,18.5,7.3,391,33,22,9480,332000000,16600000,348600000,188,41.9,192.6,1460000,175000,4799,3689,516000,8.13E+11,1.45E+07,1.65E+06,2.71E+05,5.79E+07,4.12E+05,2.62E+05,74.4,1.66
W,W460x68,459,154,9.1,15.4,428.2,18.6,7.7,391,34,22,8710,297000000,9400000,306400000,184,32.8,186.9,1290000,122000,4188,3761,508000,4.63E+11,1.01E+07,1.49E+06,1.92E+05,4.05E+07,4.17E+05,1.83E+05,68.4,1.52
W,W460x60,455,153,8,13.3,428.4,18.7,6.7,391,32,21,7610,255000000,7960000,262960000,183,32.4,185.8,1120000,104000,3563,3248,334000,3.88E+11,8.59E+06,1.28E+06,1.63E+05,3.44E+07,3.67E+05,1.56E+05,59.7,1.51
W,W460x52,450,152,7.6,10.8,428.4,18.2,5.4,392,29,21,6650,212000000,6340000,218340000,179,30.9,181.6,942000,83400,2849,3018,209000,3.06E+11,6.85E+06,1.09E+06,1.31E+05,2.74E+07,3.49E+05,1.25E+05,52.2,1.49
W,W410x149,431,265,14.9,25,381,22,12.5,337,47,28,19000,618000000,77700000,695700000,180,63.9,191,2870000,586000,11684,5653,3210000,3.20E+12,4.45E+07,3.25E+06,9.00E+05,1.78E+08,5.41E+05,8.78E+05,149.1,1.89
W,W410x132,425,263,13.3,22.2,380.6,21.8,11.1,337,44,27,16900,538000000,67400000,605400000,179,63.3,189.9,2530000,512000,10229,4974,2250000,2.73E+12,3.87E+07,2.85E+06,7.85E+05,1.55E+08,4.82E+05,7.68E+05,132.7,1.88
W,W410x114,420,261,11.6,19.3,381.4,21.7,9.7,338,41,26,14600,461000000,57200000,518200000,178,62.7,188.7,2200000,439000,8748,4276,1480000,2.30E+12,3.29E+07,2.46E+06,6.71E+05,1.32E+08,4.22E+05,6.57E+05,114.6,1.86
W,W410x100,415,260,10,16.9,381.2,22.1,8.4,337,39,25,12700,398000000,49500000,447500000,177,62.5,187.7,1920000,381000,7589,3636,993000,1.96E+12,2.84E+07,2.13E+06,5.81E+05,1.14E+08,3.63E+05,5.71E+05,99.7,1.85
W,W410x85,417,181,10.9,18.2,380.6,20.8,9.1,339,39,24,10800,315000000,18000000,333000000,171,40.8,175.8,1510000,199000,5796,4017,924000,7.17E+11,1.49E+07,1.72E+06,3.10E+05,5.94E+07,3.95E+05,2.98E+05,84.8,1.54
W,W410x74,413,180,9.7,16,381,21,8,339,37,24,9480,275000000,15600000,290600000,170,40.4,174.7,1330000,173000,5057,3521,636000,6.14E+11,1.29E+07,1.51E+06,2.69E+05,5.15E+07,3.52E+05,2.59E+05,74.4,1.53
W,W410x67,410,179,8.8,14.4,381.2,20.6,7.2,340,35,23,8580,245000000,13800000,258800000,169,40.1,173.7,1200000,154000,4501,3148,468000,5.40E+11,1.14E+07,1.36E+06,2.39E+05,4.56E+07,3.20E+05,2.31E+05,67.4,1.52
W,W410x60,407,178,7.7,12.8,381.4,20.2,6.4,341,33,23,7610,216000000,12000000,228000000,169,39.9,173.6,1060000,135000,3920,2742,327000,4.68E+11,9.99E+06,1.19E+06,2.09E+05,4.00E+07,2.80E+05,2.03E+05,59.7,1.51
W,W410x54,403,177,7.5,10.9,381.2,20.1,5.5,341,31,23,6840,186000000,10100000,196100000,165,38.5,169.4,923000,114000,3332,2604,225000,3.88E+11,8.37E+06,1.05E+06,1.77E+05,3.35E+07,2.72E+05,1.71E+05,53.7,1.5
W,W410x46,403,140,7,11.2,380.6,18.8,5.6,343,30,21,5880,156000000,5140000,161140000,163,29.5,165.6,772000,73400,2732,2469,192000,1.97E+11,5.38E+06,8.84E+05,1.15E+05,2.15E+07,2.54E+05,1.10E+05,46.2,1.35
W,W410x39,399,140,6.4,8.8,381.4,18.2,4.4,345,27,20,4950,126000000,4040000,130040000,159,28.4,161.5,634000,57600,2127,2180,110000,1.54E+11,4.21E+06,7.30E+05,9.06E+04,1.68E+07,2.33E+05,8.62E+04,38.9,1.35
W,W360x1299,600,476,100,140,320,32,70,256,172,80,165000,7550000000,2540000000,10090000000,214,124,247.3,25200000,10700000,133152,46872,944000000,1.35E+14,9.12E+08,3.32E+07,1.67E+07,3.65E+09,2.56E+06,1.59E+07,1295.2,2.9
W,W360x1202,580,471,95,130,320,32,65,256,162,78,153000,6640000000,2290000000,8930000000,208,122,241.1,22900000,9710000,121700,42960,762000000,1.16E+14,8.11E+08,3.00E+07,1.52E+07,3.24E+09,2.43E+06,1.44E+07,1201,2.85
W,W360x1086,569,454,78,125,319,32,62.5,255,157,69,139000,5960000000,1960000000,7920000000,207,119,238.8,20900000,8650000,111353,35277,605000000,9.67E+13,7.15E+08,2.72E+07,1.34E+07,2.86E+09,1.98E+06,1.29E+07,1091.1,2.8
W,W360x990,550,448,71.9,115,320,32,57.5,256,147,66,126000,5190000000,1730000000,6920000000,203,117,234.3,18900000,7740000,99719,31463,469000000,8.20E+13,6.28E+08,2.43E+07,1.20E+07,2.51E+09,1.84E+06,1.15E+07,989.1,2.75
W,W360x900,531,442,65.9,106,319,32,53,255,138,63,115000,4500000000,1530000000,6030000000,198,116,229.5,17000000,6940000,89668,27856,364000000,6.92E+13,5.50E+08,2.16E+07,1.07E+07,2.20E+09,1.68E+06,1.04E+07,902.7,2.7
W,W360x818,514,437,60.5,97,320,32,48.5,256,129,60,105000,3920000000,1360000000,5280000000,194,114,225,15300000,6200000,81149,24800,278000000,5.89E+13,4.83E+08,1.93E+07,9.56E+06,1.93E+09,1.55E+06,9.26E+06,824.2,2.66
W,W360x744,498,432,55.6,88.9,320.2,31.1,44.5,258,120,58,94800,3420000000,1200000000,4620000000,190,112,220.6,13700000,5550000,72325,22154,214000000,5.02E+13,4.24E+08,1.72E+07,8.55E+06,1.70E+09,1.43E+06,8.30E+06,744.2,2.61
W,W360x677,483,428,51.2,81.5,320,31.5,40.8,257,113,56,86500,2990000000,1070000000,4060000000,186,111,216.6,12400000,4990000,65159,19772,164000000,4.31E+13,3.75E+08,1.53E+07,7.68E+06,1.50E+09,1.31E+06,7.46E+06,679,2.58
W,W360x634,474,424,47.6,77.1,319.8,31.9,38.5,256,109,54,80600,2740000000,983000000,3723000000,184,110,214.4,11600000,4630000,60687,18133,138000000,3.87E+13,3.44E+08,1.42E+07,7.12E+06,1.38E+09,1.22E+06,6.93E+06,632.7,2.55
W,W360x592,465,421,45,72.3,320.4,31.7,36.1,257,104,53,75500,2500000000,902000000,3402000000,182,109,212.1,10800000,4280000,56147,16849,114000000,3.48E+13,3.15E+08,1.31E+07,6.57E+06,1.26E+09,1.15E+06,6.41E+06,592.7,2.52
W,W360x551,455,418,42,67.6,319.8,31.4,33.8,257,99,51,70300,2260000000,825000000,3085000000,180,108,209.9,9940000,3950000,51784,15405,92500000,3.10E+13,2.86E+08,1.21E+07,6.05E+06,1.14E+09,1.07E+06,5.91E+06,551.9,2.5
W,W360x509,446,416,39.1,62.7,320.6,31.3,31.4,258,94,50,65200,2050000000,754000000,2804000000,178,108,208.2,9170000,3630000,47450,14172,73900000,2.77E+13,2.60E+08,1.10E+07,5.55E+06,1.04E+09,1.00E+06,5.43E+06,511.8,2.48
W,W360x463,435,412,35.8,57.4,320.2,31.6,28.7,257,89,48,59000,1800000000,670000000,2470000000,175,107,205.1,8280000,3250000,42684,12607,56500000,2.39E+13,2.30E+08,9.88E+06,4.98E+06,9.20E+08,9.18E+05,4.87E+06,463.1,2.45
W,W360x421,425,409,32.8,52.6,319.8,31.4,26.3,257,84,46,53700,1600000000,601000000,2201000000,172,106,202,7510000,2940000,38651,11397,43400000,2.08E+13,2.05E+08,8.88E+06,4.49E+06,8.19E+08,8.39E+05,4.40E+06,421.5,2.42
W,W360x382,416,406,29.8,48,320,32,24,256,80,45,48800,1410000000,536000000,1946000000,170,105,199.8,6790000,2640000,34754,10058,32800000,1.82E+13,1.82E+08,7.96E+06,4.03E+06,7.28E+08,7.63E+05,3.96E+06,383.1,2.4
W,W360x347,407,404,27.2,43.7,319.6,31.3,21.9,257,75,44,44200,1250000000,481000000,1731000000,168,104,197.6,6140000,2380000,31344,9057,24800000,1.59E+13,1.62E+08,7.14E+06,3.63E+06,6.48E+08,6.95E+05,3.57E+06,347,2.38
W,W360x314,399,401,24.9,39.6,319.8,31.4,19.8,257,71,42,40000,1100000000,426000000,1526000000,166,103,195.4,5530000,2120000,28018,8097,18500000,1.38E+13,1.43E+08,6.37E+06,3.24E+06,5.72E+08,6.37E+05,3.18E+06,314,2.35
W,W360x287,393,399,22.6,36.6,319.8,31.4,18.3,257,68,41,36600,997000000,388000000,1385000000,165,103,194.5,5070000,1940000,25689,7290,14500000,1.23E+13,1.30E+08,5.81E+06,2.96E+06,5.19E+08,5.78E+05,2.91E+06,287.3,2.34
W,W360x262,387,398,21.1,33.3,320.4,31.7,16.6,257,65,41,33400,894000000,350000000,1244000000,163,102,192.3,4620000,1760000,23147,6691,11000000,1.10E+13,1.17E+08,5.26E+06,2.68E+06,4.66E+08,5.42E+05,2.64E+06,262.2,2.32
W,W360x237,380,395,18.9,30.2,319.6,31.8,15.1,256,62,39,30100,788000000,310000000,1098000000,162,102,191.4,4150000,1570000,20714,5896,8180000,9.50E+12,1.03E+08,4.69E+06,2.39E+06,4.12E+08,4.83E+05,2.36E+06,236.3,2.3
W,W360x216,375,394,17.3,27.7,319.6,31.3,13.8,257,59,39,27500,711000000,283000000,994000000,161,101,190.1,3790000,1430000,19000,5326,6320000,8.52E+12,9.33E+07,4.26E+06,2.18E+06,3.73E+08,4.42E+05,2.15E+06,215.9,2.29
W,W360x196,372,374,16.4,26.2,319.6,31.8,13.1,256,58,38,25000,636000000,229000000,865000000,159,95.6,185.5,3420000,1220000,17056,5015,5130000,6.83E+12,7.92E+07,3.84E+06,1.86E+06,3.17E+08,4.19E+05,1.83E+06,196.2,2.21
W,W360x179,368,373,15,23.9,320.2,31.1,11.9,258,55,38,22800,574000000,207000000,781000000,159,95.2,185.3,3120000,1110000,15436,4544,3910000,6.12E+12,7.15E+07,3.48E+06,1.68E+06,2.86E+08,3.84E+05,1.66E+06,179,2.2
W,W360x162,364,371,13.3,21.8,320.4,31.2,10.9,258,53,37,20600,515000000,186000000,701000000,158,94.9,184.3,2830000,1000000,14004,3986,2940000,5.43E+12,6.42E+07,3.14E+06,1.52E+06,2.57E+08,3.41E+05,1.50E+06,161.7,2.19
W,W360x147,360,370,12.3,19.8,320.4,31.2,9.9,258,51,36,18800,463000000,167000000,630000000,157,94.3,183.1,2570000,904000,12561,3639,2230000,4.84E+12,5.76E+07,2.84E+06,1.37E+06,2.31E+08,3.16E+05,1.36E+06,147.6,2.18
W,W360x134,356,369,11.2,18,320,32,9,256,50,36,17100,415000000,151000000,566000000,156,94,182.1,2330000,817000,11417,3248,1680000,4.31E+12,5.18E+07,2.56E+06,1.24E+06,2.07E+08,2.87E+05,1.23E+06,134.2,2.17
W,W360x122,363,257,13,21.7,319.6,22.3,10.8,275,44,27,15500,365000000,61500000,426500000,154,63,166.4,2010000,478000,9775,4127,2110000,1.79E+12,3.06E+07,2.27E+06,7.32E+05,1.22E+08,3.32E+05,7.17E+05,121.7,1.73
W,W360x110,360,256,11.4,19.9,320.2,22.1,9.9,276,42,26,14100,331000000,55700000,386700000,154,63,166.4,1840000,435000,8879,3610,1600000,1.61E+12,2.77E+07,2.06E+06,6.64E+05,1.11E+08,2.92E+05,6.52E+05,110.7,1.72
W,W360x101,357,255,10.5,18.3,320.4,21.7,9.2,277,40,26,12900,301000000,50600000,351600000,153,62.7,165.3,1690000,397000,8100,3292,1250000,1.45E+12,2.52E+07,1.88E+06,6.05E+05,1.01E+08,2.69E+05,5.95E+05,101.3,1.71
W,W360x91,353,254,9.5,16.4,320.2,21.6,8.2,277,38,25,11500,267000000,44800000,311800000,152,62.3,164.3,1510000,353000,7198,2955,914000,1.27E+12,2.23E+07,1.68E+06,5.38E+05,8.90E+07,2.44E+05,5.29E+05,90.3,1.7
W,W360x79,354,205,9.4,16.8,320.4,22.2,8.4,276,39,25,10100,226000000,24200000,250200000,150,48.9,157.8,1280000,236000,6034,2927,811000,6.87E+11,1.49E+07,1.43E+06,3.62E+05,5.95E+07,2.41E+05,3.53E+05,79.3,1.51
W,W360x72,350,204,8.6,15.1,319.8,21.9,7.5,276,37,25,9100,201000000,21400000,222400000,149,48.5,156.7,1150000,210000,5356,2655,601000,6.00E+11,1.32E+07,1.28E+06,3.22E+05,5.26E+07,2.20E+05,3.14E+05,71.4,1.5
W,W360x64,347,203,7.7,13.5,320,21.5,6.8,277,35,24,8130,178000000,18800000,196800000,148,48.1,155.6,1030000,186000,4720,2352,436000,5.24E+11,1.16E+07,1.14E+06,2.84E+05,4.64E+07,1.97E+05,2.78E+05,63.8,1.49
W,W360x57,358,172,7.9,13.1,331.8,17.9,6.5,296,31,21,7230,160000000,11100000,171100000,149,39.3,154.1,896000,129000,3904,2492,333000,3.31E+11,8.35E+06,1.01E+06,1.99E+05,3.34E+07,2.17E+05,1.94E+05,56.8,1.39
W,W360x51,355,171,7.2,11.6,331.8,18.4,5.8,295,30,20,6450,141000000,9680000,150680000,148,38.8,153,796000,113000,3434,2230,237000,2.85E+11,7.28E+06,8.93E+05,1.74E+05,2.91E+07,1.98E+05,1.70E+05,50.6,1.38
W,W360x45,352,171,6.9,9.8,332.4,18.2,4.9,296,28,20,5710,122000000,8180000,130180000,146,37.8,150.8,691000,95700,2885,2119,159000,2.39E+11,6.13E+06,7.78E+05,1.48E+05,2.45E+07,1.91E+05,1.43E+05,44.8,1.37
W,W360x39,353,128,6.5,10.7,331.6,18.3,5.3,295,29,20,4960,102000000,3750000,105750000,143,27.4,145.6,580000,58600,2385,1969,150000,1.10E+11,3.75E+06,6.62E+05,9.16E+04,1.50E+07,1.79E+05,8.77E+04,38.9,1.21
W,W360x33,349,127,5.8,8.5,332,18.5,4.3,295,27,20,4190,82600000,2910000,85510000,141,26.4,143.5,473000,45800,1858,1702,85300,8.43E+10,2.92E+06,5.41E+05,7.18E+04,1.17E+07,1.60E+05,6.86E+04,32.9,1.19
W,W310x500,427,340,45.1,75.1,276.8,21.9,37.5,233,97,43,63700,1690000000,494000000,2184000000,163,88,185.2,7910000,2910000,48462,15781,101000000,1.53E+13,1.91E+08,9.88E+06,4.49E+06,7.64E+08,8.64E+05,4.34E+06,500,2.12
W,W310x454,415,336,41.3,68.7,277.6,22.3,34.4,233,91,41,57800,1480000000,436000000,1916000000,160,86.8,182,7130000,2600000,43389,14073,77200000,1.31E+13,1.68E+08,8.82E+06,4.00E+06,6.71E+08,7.96E+05,3.88E+06,453.7,2.09
W,W310x415,403,334,38.9,62.7,277.6,22.3,31.4,233,85,40,52800,1300000000,391000000,1691000000,157,86,179,6450000,2340000,39062,12865,59500000,1.13E+13,1.49E+08,7.90E+06,3.61E+06,5.95E+08,7.49E+05,3.50E+06,414.5,2.06
W,W310x375,391,330,35.4,57.2,276.6,21.8,28.6,233,79,38,47800,1130000000,344000000,1474000000,154,84.8,175.8,5770000,2080000,34927,11437,44900000,9.57E+12,1.30E+08,7.00E+06,3.21E+06,5.20E+08,6.77E+05,3.11E+06,375.2,2.03
W,W310x342,382,328,32.6,52.6,276.8,21.4,26.3,234,74,37,43700,1010000000,310000000,1320000000,152,84.2,173.8,5260000,1890000,31553,10388,34900000,8.42E+12,1.17E+08,6.33E+06,2.91E+06,4.66E+08,6.24E+05,2.83E+06,343,2.01
W,W310x313,374,325,30,48.3,277.4,21.7,24.1,234,70,35,39900,896000000,277000000,1173000000,150,83.3,171.6,4790000,1700000,28542,9311,27000000,7.35E+12,1.04E+08,5.72E+06,2.62E+06,4.15E+08,5.77E+05,2.55E+06,313.2,1.99
W,W310x283,365,322,26.9,44.1,276.8,21.9,22.1,233,66,34,36000,787000000,246000000,1033000000,148,82.6,169.5,4310000,1530000,25663,8183,20300000,6.33E+12,9.17E+07,5.10E+06,2.34E+06,3.67E+08,5.15E+05,2.29E+06,282.6,1.96
W,W310x253,356,319,24.4,39.6,276.8,21.4,19.8,234,61,33,32300,682000000,215000000,897000000,146,81.6,167.3,3830000,1350000,22721,7264,14800000,5.37E+12,7.97E+07,4.49E+06,2.06E+06,3.19E+08,4.67E+05,2.01E+06,253.6,1.94
W,W310x226,348,317,22.1,35.6,276.8,21.4,17.8,234,57,31,28800,596000000,189000000,785000000,144,81,165.2,3420000,1190000,20028,6466,10800000,4.62E+12,6.98E+07,3.97E+06,1.83E+06,2.79E+08,4.23E+05,1.79E+06,226.1,1.92
W,W310x202,341,315,20.1,31.8,277.4,22.2,15.9,233,54,30,25700,520000000,166000000,686000000,142,80.2,163.1,3050000,1050000,17742,5765,7730000,3.96E+12,6.10E+07,3.51E+06,1.61E+06,2.44E+08,3.87E+05,1.58E+06,201.7,1.9
W,W310x179,333,313,18,28.1,276.8,21.9,14.1,233,50,29,22800,445000000,144000000,589000000,140,79.5,161,2670000,919000,15495,5047,5370000,3.34E+12,5.25E+07,3.05E+06,1.40E+06,2.10E+08,3.45E+05,1.38E+06,179,1.88
W,W310x158,327,310,15.5,25.1,276.8,21.9,12.6,233,47,28,20100,386000000,125000000,511000000,139,78.9,159.8,2360000,805000,13652,4292,3770000,2.84E+12,4.55E+07,2.67E+06,1.22E+06,1.82E+08,2.97E+05,1.21E+06,157.8,1.86
W,W310x143,323,309,14,22.9,277.2,22.1,11.4,233,45,27,18200,348000000,113000000,461000000,138,78.6,158.8,2150000,729000,12382,3852,2860000,2.54E+12,4.10E+07,2.42E+06,1.11E+06,1.64E+08,2.69E+05,1.09E+06,142.9,1.85
W,W310x129,318,308,13.1,20.6,276.8,21.4,10.3,234,42,27,16500,308000000,100000000,408000000,137,78,157.6,1940000,652000,10920,3553,2130000,2.22E+12,3.63E+07,2.16E+06,9.91E+05,1.45E+08,2.51E+05,9.77E+05,129.5,1.84
W,W310x118,314,307,11.9,18.7,276.6,22.3,9.3,232,41,26,15000,275000000,90200000,365200000,136,77.6,156.6,1750000,588000,9914,3169,1600000,1.97E+12,3.25E+07,1.95E+06,8.93E+05,1.30E+08,2.28E+05,8.81E+05,117.7,1.83
W,W310x107,311,306,10.9,17,277,22,8.5,233,39,26,13600,248000000,81200000,329200000,135,77.2,155.5,1590000,531000,8957,2885,1210000,1.76E+12,2.92E+07,1.76E+06,8.06E+05,1.17E+08,2.09E+05,7.96E+05,106.8,1.82
W,W310x97,308,305,9.9,15.4,277.2,21.6,7.7,234,37,25,12300,222000000,72900000,294900000,134,76.9,154.5,1440000,478000,8080,2591,909000,1.56E+12,2.62E+07,1.59E+06,7.25E+05,1.05E+08,1.90E+05,7.16E+05,96.6,1.82
W,W310x86,310,254,9.1,16.3,277.4,21.7,8.2,234,38,25,11000,198000000,44500000,242500000,134,63.6,148.3,1280000,351000,7144,2439,874000,9.61E+11,1.93E+07,1.42E+06,5.33E+05,7.72E+07,1.75E+05,5.26E+05,86.3,1.62
W,W310x79,306,254,8.8,14.6,276.8,21.4,7.3,234,36,24,10100,177000000,39900000,216900000,133,63,147.2,1150000,314000,6392,2340,655000,8.47E+11,1.72E+07,1.28E+06,4.78E+05,6.86E+07,1.69E+05,4.71E+05,79.3,1.61
W,W310x74,310,205,9.4,16.3,277.4,21.7,8.2,234,38,25,9480,164000000,23400000,187400000,132,49.9,141.1,1060000,229000,5808,2531,718000,5.05E+11,1.26E+07,1.18E+06,3.50E+05,5.03E+07,1.81E+05,3.43E+05,74.4,1.42
W,W310x67,306,204,8.5,14.6,276.8,21.4,7.3,234,36,24,8520,144000000,20700000,164700000,131,49.5,140,942000,203000,5177,2238,522000,4.39E+11,1.11E+07,1.05E+06,3.10E+05,4.43E+07,1.63E+05,3.04E+05,66.9,1.41
W,W310x60,303,203,7.5,13.1,276.8,21.9,6.5,233,35,24,7610,128000000,18300000,146300000,130,49.3,139,842000,180000,4602,1953,378000,3.84E+11,9.78E+06,9.33E+05,2.75E+05,3.91E+07,1.44E+05,2.70E+05,59.7,1.4
W,W310x52,317,167,7.6,13.2,290.6,17.8,6.6,255,31,20,6650,118000000,10300000,128300000,133,39.2,138.7,747000,123000,3872,2080,308000,2.37E+11,6.99E+06,8.37E+05,1.89E+05,2.80E+07,1.60E+05,1.84E+05,52.2,1.29
W,W310x45,313,166,6.6,11.2,290.6,17.8,5.6,255,29,19,5670,99200000,8550000,107750000,132,38.8,137.6,634000,103000,3219,1774,191000,1.95E+11,5.82E+06,7.08E+05,1.58E+05,2.33E+07,1.39E+05,1.54E+05,44.5,1.28
W,W310x39,310,165,5.8,9.7,290.6,17.3,4.8,256,27,19,4940,85100000,7270000,92370000,131,38.4,136.5,549000,88100,2757,1538,126000,1.64E+11,4.96E+06,6.10E+05,1.35E+05,1.98E+07,1.22E+05,1.32E+05,38.8,1.27
W,W310x33,313,102,6.6,10.8,291.4,13.2,5.4,265,24,15,4180,65000000,1920000,66920000,125,21.4,126.8,415000,37600,1958,1859,122000,4.38E+10,2.12E+06,4.80E+05,5.96E+04,8.49E+06,1.40E+05,5.62E+04,32.8,1.02
W,W310x28,309,102,6,8.9,291.2,13.1,4.5,265,22,15,3590,54300000,1580000,55880000,123,20.9,124.8,351000,31000,1591,1651,75700,3.56E+10,1.74E+06,4.07E+05,4.92E+04,6.95E+06,1.27E+05,4.63E+04,28.2,1.01
W,W310x24,305,101,5.6,6.7,291.6,13.3,3.4,265,20,15,3040,42700000,1160000,43860000,119,19.5,120.6,280000,22900,1179,1480,42500,2.57E+10,1.27E+06,3.28E+05,3.67E+04,5.10E+06,1.19E+05,3.42E+04,23.9,1
W,W310x21,303,101,5.1,5.7,291.6,13.3,2.9,265,19,15,2680,37000000,983000,37983000,117,19.1,118.5,244000,19500,989,1320,29400,2.17E+10,1.08E+06,2.87E+05,3.12E+04,4.32E+06,1.08E+05,2.91E+04,21,1
W,W250x167,289,265,19.2,31.8,225.4,20.2,15.9,185,52,29,21200,300000000,98800000,398800000,119,68.1,137.1,2080000,746000,15063,4610,6310000,1.63E+12,3.59E+07,2.43E+06,1.14E+06,1.44E+08,2.44E+05,1.12E+06,166.4,1.6
W,W250x149,282,263,17.3,28.4,225.2,20.6,14.2,184,49,28,19000,259000000,86200000,345200000,117,67.4,135,1840000,656000,13247,4053,4510000,1.39E+12,3.11E+07,2.13E+06,1.00E+06,1.25E+08,2.19E+05,9.82E+05,149.1,1.58
W,W250x131,275,261,15.4,25.1,224.8,20.9,12.6,183,46,27,16700,221000000,74500000,295500000,115,66.8,133,1610000,571000,11557,3516,3120000,1.16E+12,2.67E+07,1.85E+06,8.70E+05,1.07E+08,1.95E+05,8.55E+05,131.1,1.56
W,W250x115,269,259,13.5,22.1,224.8,20.9,11.1,183,43,26,14600,189000000,64100000,253100000,114,66.2,131.8,1410000,495000,10033,3024,2130000,9.76E+11,2.29E+07,1.60E+06,7.53E+05,9.15E+07,1.71E+05,7.41E+05,114.6,1.55
W,W250x101,264,257,11.9,19.6,224.8,20.4,9.8,184,40,25,12900,164000000,55500000,219500000,113,65.6,130.7,1240000,432000,8774,2648,1490000,8.29E+11,1.98E+07,1.40E+06,6.56E+05,7.91E+07,1.50E+05,6.47E+05,101.3,1.53
W,W250x89,260,256,10.7,17.3,225.4,20.7,8.7,184,38,24,11400,143000000,48400000,191400000,112,65.1,129.5,1100000,378000,7672,2347,1040000,7.13E+11,1.72E+07,1.23E+06,5.74E+05,6.88E+07,1.36E+05,5.67E+05,89.5,1.52
W,W250x80,256,255,9.4,15.6,224.8,20.4,7.8,184,36,24,10200,126000000,43100000,169100000,111,65,128.6,982000,338000,6861,2035,757000,6.23E+11,1.52E+07,1.09E+06,5.13E+05,6.10E+07,1.19E+05,5.07E+05,80.1,1.51
W,W250x73,253,254,8.6,14.2,224.6,20.8,7.1,183,35,23,9290,113000000,38800000,151800000,110,64.6,127.6,891000,306000,6211,1832,575000,5.53E+11,1.37E+07,9.85E+05,4.63E+05,5.47E+07,1.08E+05,4.58E+05,72.9,1.5
W,W250x67,257,204,8.9,15.7,225.6,20.3,7.8,185,36,23,8580,104000000,22200000,126200000,110,51,121.2,806000,218000,5558,1971,625000,3.24E+11,9.85E+06,9.01E+05,3.32E+05,3.94E+07,1.13E+05,3.27E+05,67.4,1.31
W,W250x58,252,203,8,13.5,225,20.5,6.8,184,34,23,7420,87300000,18800000,106100000,108,50.4,119.2,693000,186000,4722,1711,409000,2.68E+11,8.29E+06,7.70E+05,2.83E+05,3.32E+07,1.01E+05,2.78E+05,58.2,1.3
W,W250x49,247,202,7.4,11,225,21,5.5,183,32,23,6260,70600000,15100000,85700000,106,49.2,116.9,572000,150000,3801,1521,241000,2.11E+11,6.62E+06,6.33E+05,2.28E+05,2.65E+07,9.37E+04,2.24E+05,49.1,1.29
W,W250x45,266,148,7.6,13,240,16,6.5,208,29,18,5700,71100000,7030000,78130000,111,35.1,116.4,534000,95100,3366,1758,261000,1.13E+11,4.50E+06,6.02E+05,1.46E+05,1.80E+07,1.09E+05,1.42E+05,44.7,1.11
W,W250x39,262,147,6.6,11.2,239.6,15.8,5.6,208,27,17,4910,60100000,5940000,66040000,110,34.7,115.3,459000,80800,2867,1497,169000,9.34E+10,3.79E+06,5.13E+05,1.24E+05,1.52E+07,9.47E+04,1.21E+05,38.5,1.1
W,W250x33,258,146,6.1,9.1,239.8,14.9,4.5,210,24,16,4190,48900000,4730000,53630000,108,33.7,113.1,379000,64700,2298,1358,98500,7.32E+10,3.02E+06,4.24E+05,9.95E+04,1.21E+07,8.77E+04,9.70E+04,32.9,1.09
W,W250x28,260,102,6.4,10,240,14,5,212,24,15,3630,40000000,1780000,41780000,105,22.1,107.3,307000,34800,1806,1457,96700,2.77E+10,1.63E+06,3.53E+05,5.47E+04,6.50E+06,9.22E+04,5.20E+04,28.5,0.915
W,W250x25,257,102,6.1,8.4,240.2,13.6,4.2,213,22,15,3220,34200000,1490000,35690000,103,21.5,105.2,266000,29200,1493,1358,65200,2.30E+10,1.36E+06,3.07E+05,4.62E+04,5.43E+06,8.80E+04,4.37E+04,25.3,0.91
W,W250x22,254,102,5.8,6.9,240.2,13.1,3.5,214,20,15,2850,28900000,1230000,30130000,101,20.7,103.1,227000,24000,1227,1272,43400,1.87E+10,1.11E+06,2.63E+05,3.81E+04,4.43E+06,8.37E+04,3.59E+04,22.4,0.904
W,W250x18,251,101,4.8,5.3,240.4,13.7,2.6,213,19,14,2280,22400000,913000,23313000,99.3,20,101.3,179000,18100,914,998,22400,1.38E+10,8.30E+05,2.07E+05,2.86E+04,3.32E+06,6.94E+04,2.70E+04,17.9,0.896
W,W200x100,229,210,14.5,23.7,181.6,16.3,11.8,149,40,22,12700,113000000,36600000,149600000,94.5,53.8,108.7,989000,349000,8840,2754,2090000,3.86E+11,1.34E+07,1.15E+06,5.33E+05,5.36E+07,1.20E+05,5.23E+05,99.7,1.27
W,W200x86,222,209,13,20.6,180.8,16.4,10.3,148,37,22,11000,94700000,31400000,126100000,92.6,53.3,106.8,853000,300000,7608,2405,1390000,3.18E+11,1.13E+07,9.81E+05,4.58E+05,4.53E+07,1.06E+05,4.50E+05,86.3,1.25
W,W200x71,216,206,10.2,17.4,181.2,16.6,8.7,148,34,20,9100,76600000,25400000,102000000,91.7,52.8,105.8,709000,246000,6284,1851,817000,2.50E+11,9.17E+06,8.03E+05,3.75E+05,3.67E+07,8.37E+04,3.69E+05,71.4,1.24
W,W200x59,210,205,9.1,14.2,181.6,16.8,7.1,148,31,20,7550,61100000,20400000,81500000,89.9,52,103.9,582000,199000,5046,1595,463000,1.96E+11,7.30E+06,6.53E+05,3.03E+05,2.92E+07,7.50E+04,2.98E+05,59.3,1.22
W,W200x52,206,204,7.9,12.6,180.8,16.4,6.3,148,29,19,6650,52700000,17800000,70500000,89,51.8,103,512000,175000,4423,1364,323000,1.67E+11,6.34E+06,5.69E+05,2.66E+05,2.54E+07,6.46E+04,2.62E+05,52.2,1.21
W,W200x46,203,203,7.2,11,181,17,5.5,147,28,19,5890,45400000,15300000,60700000,88.1,51.2,101.9,448000,151000,3819,1212,220000,1.41E+11,5.44E+06,4.95E+05,2.29E+05,2.18E+07,5.90E+04,2.27E+05,46.2,1.2
W,W200x42,205,166,7.2,11.8,181.4,14.2,5.9,153,26,17,5320,40900000,9000000,49900000,87.7,41.2,96.9,399000,108000,3398,1281,222000,8.40E+10,3.93E+06,4.45E+05,1.65E+05,1.57E+07,5.92E+04,1.63E+05,41.8,1.06
W,W200x36,201,165,6.2,10.2,180.6,14.8,5.1,151,25,16,4570,34400000,7640000,42040000,86.7,40.9,95.9,342000,92600,2904,1073,145000,6.96E+10,3.31E+06,3.79E+05,1.41E+05,1.32E+07,5.06E+04,1.39E+05,35.9,1.05
W,W200x31,210,134,6.4,10.2,189.6,11.8,5.1,166,22,14,3970,31400000,4100000,35500000,88.6,32,94.2,299000,61100,2387,1189,119000,4.09E+10,2.29E+06,3.35E+05,9.38E+04,9.15E+06,5.75E+04,9.16E+04,31.2,0.943
W,W200x27,207,133,5.8,8.4,190.2,11.6,4.2,167,20,13,3390,25800000,3300000,29100000,87.3,31.2,92.7,249000,49600,1934,1055,71300,3.25E+10,1.84E+06,2.79E+05,7.61E+04,7.38E+06,5.25E+04,7.43E+04,26.6,0.934
W,W200x22,206,102,6.2,8,190,12,4,166,20,13,2860,20000000,1420000,21420000,83.6,22.3,86.5,194000,27800,1424,1118,56600,1.39E+10,1.03E+06,2.22E+05,4.37E+04,4.12E+06,5.60E+04,4.16E+04,22.5,0.808
W,W200x19,203,102,5.8,6.5,190,12.5,3.3,165,19,14,2480,16600000,1150000,17750000,81.7,21.6,84.5,163000,22600,1137,1010,36200,1.11E+10,8.31E+05,1.87E+05,3.56E+04,3.32E+06,5.23E+04,3.38E+04,19.5,0.802
W,W200x15,200,100,4.3,5.2,189.6,12.8,2.6,164,18,13,1910,12700000,869000,13569000,81.8,21.4,84.6,127000,17400,889,712,17600,8.24E+09,6.33E+05,1.45E+05,2.71E+04,2.53E+06,3.86E+04,2.60E+04,15,0.791
W,W150x37,162,154,8.1,11.6,138.8,12.4,5.8,114,24,15,4740,22200000,7070000,29270000,68.5,38.7,78.7,274000,91800,3111,1086,192000,4.00E+10,2.59E+06,3.10E+05,1.40E+05,1.03E+07,3.90E+04,1.38E+05,37.2,0.924
W,W150x30,157,153,6.6,9.3,138.4,12.7,4.7,113,22,14,3790,17100000,5560000,22660000,67.3,38.3,77.4,218000,72600,2460,848,100000,3.03E+10,2.01E+06,2.44E+05,1.11E+05,8.04E+06,3.16E+04,1.09E+05,29.8,0.913
W,W150x22,152,152,5.8,6.6,138.8,12.4,3.3,114,19,14,2860,12000000,3870000,15870000,65.1,36.9,74.8,159000,50900,1719,703,41500,2.04E+10,1.39E+06,1.76E+05,7.75E+04,5.54E+06,2.79E+04,7.62E+04,22.5,0.9
W,W150x24,160,102,6.6,10.3,139.4,11.7,5.2,116,22,14,3060,13400000,1830000,15230000,66.3,24.5,70.7,168000,35800,1862,898,92300,1.02E+10,1.00E+06,1.91E+05,5.52E+04,4.01E+06,3.21E+04,5.36E+04,24,0.715
W,W150x18,153,102,5.8,7.1,138.8,11.9,3.5,115,19,13,2290,9150000,1260000,10410000,63.3,23.5,67.5,120000,24700,1257,735,36900,6.70E+09,6.74E+05,1.36E+05,3.82E+04,2.69E+06,2.79E+04,3.69E+04,18,0.702
W,W150x14,150,100,4.3,5.5,139,11.5,2.8,116,17,12,1730,6850000,918000,7768000,63,23,67.1,91300,18400,943,530,16800,4.79E+09,4.97E+05,1.02E+05,2.83E+04,1.99E+06,2.08E+04,2.75E+04,13.6,0.691
W,W150x13,148,100,4.3,4.9,138.2,12.1,2.5,114,17,12,1630,6130000,818000,6948000,61.7,22.5,65.7,82800,16400,836,512,13600,4.19E+09,4.38E+05,9.30E+04,2.53E+04,1.75E+06,2.05E+04,2.45E+04,12.8,0.687
W,W130x28,131,128,6.9,10.9,109.2,12.1,5.5,85,23,14,3590,10900000,3810000,14710000,55.3,32.7,64.2,167000,59600,2436,735,127000,1.38E+10,1.34E+06,1.90E+05,9.07E+04,5.36E+06,2.06E+04,8.93E+04,28.2,0.76
W,W130x24,127,127,6.1,9.1,108.8,11.9,4.5,85,21,13,3040,8790000,3110000,11900000,54.1,32.2,63,138000,49000,2007,630,76200,1.08E+10,1.08E+06,1.56E+05,7.45E+04,4.33E+06,1.81E+04,7.34E+04,23.9,0.75
W,W100x19,106,103,7.1,8.8,88.4,12.2,4.4,64,21,14,2470,4760000,1610000,6370000,43.9,25.5,50.8,89800,31200,1590,589,62900,3.79E+09,5.67E+05,1.03E+05,4.79E+04,2.27E+06,1.39E+04,4.67E+04,19.4,0.61
