type,EDI_Std_Nomenclature,d,h,b,t,ro,ri,d,A,Ix,Iy,rx,ry,Sx,Sy,Avy,Avx,J,Jstv,Jwarp,Sj,Cw,Zx,Zy,W,Am
HSS,HSS610x305x25,609.6,609.6,304.8,25.4,50.8,25.4,508,42200,1910000000,639000000,213,123,6270000,4190000,9576,27526,1600000000,9076800,1590923200,7320900,3.03E+12,7990000,4900000,331.3,1.74
HSS,HSS610x305x22,609.6,609.6,304.8,22.2,44.5,22.2,520.7,37400,1720000000,580000000,215,124,5650000,3800000,8485,24148,1440000000,6161200,1433838800,6617870,2.73E+12,7150000,4390000,293.6,1.75
HSS,HSS610x305x19,609.6,609.6,304.8,19.1,38.1,19.1,533.4,32500,1520000000,514000000,216,126,4990000,3380000,7324,20849,1260000000,3925500,1256074500,5856890,2.41E+12,6260000,3860000,255.1,1.76
HSS,HSS508x305x25,508,508,304.8,25.4,50.8,25.4,406.4,37000,1200000000,538000000,180,121,4740000,3530000,10349,22375,1240000000,7966800,1232033200,5997940,1.04E+12,5980000,4180000,290.5,1.54
HSS,HSS508x305x22,508,508,304.8,22.2,44.5,22.2,419.1,32900,1090000000,489000000,182,122,4290000,3210000,9142,19827,1120000000,5417100,1114582900,5433950,9.44E+11,5360000,3760000,258.3,1.55
HSS,HSS508x305x19,508,508,304.8,19.1,38.1,19.1,431.8,28600,965000000,435000000,184,123,3800000,2860000,7907,17059,982000000,3457300,978542700,4819590,8.34E+11,4710000,3300000,224.5,1.56
HSS,HSS508x305x16,508,508,304.8,15.9,31.8,15.9,444.5,24100,831000000,376000000,186,125,3270000,2470000,6645,14292,838000000,2030500,835969500,4156760,7.16E+11,4020000,2820000,189.2,1.57
HSS,HSS406x305x22,406.4,406.4,304.8,22.2,44.5,22.2,317.5,28400,626000000,399000000,149,119,3080000,2620000,9918,15315,807000000,4673000,802327000,4250970,1.74E+11,3810000,3120000,222.9,1.35
HSS,HSS406x305x19,406.4,406.4,304.8,19.1,38.1,19.1,330.2,24700,557000000,356000000,150,120,2740000,2340000,8562,13183,711000000,2989000,708011000,3782920,1.54E+11,3350000,2750000,193.9,1.36
HSS,HSS406x305x16,406.4,406.4,304.8,15.9,31.8,15.9,342.9,20900,482000000,309000000,152,122,2370000,2030000,7202,11050,608000000,1759200,606240800,3273300,1.32E+11,2870000,2360000,164.1,1.37
HSS,HSS406x305x13,406.4,406.4,304.8,12.7,25.4,12.7,355.6,17000,400000000,257000000,153,123,1970000,1690000,5803,8887,499000000,914200,498085800,2716960,1.08E+11,2360000,1940000,133.4,1.38
HSS,HSS356x254x19,355.6,355.6,254,19.1,38.1,19.1,279.4,20800,348000000,205000000,129,99.2,1960000,1620000,6945,11593,428000000,2520700,425479300,2650940,91195830000,2430000,1920000,163.3,1.15
HSS,HSS356x254x16,355.6,355.6,254,15.9,31.8,15.9,292.1,17700,303000000,179000000,131,101,1700000,1410000,5831,9712,368000000,1488000,366512000,2309700,79011860000,2090000,1660000,138.9,1.16
HSS,HSS356x254x13,355.6,355.6,254,12.7,25.4,12.7,304.8,14400,253000000,150000000,132,102,1420000,1180000,4706,7810,304000000,775400,303224600,1930160,65406640000,1730000,1370000,113,1.18
HSS,HSS305x203x16,304.8,304.8,203.2,15.9,31.8,15.9,241.3,14500,174000000,92200000,110,79.8,1140000,907000,4519,8325,200000000,1216700,198783300,1509890,42353190000,1430000,1080000,113.8,0.961
HSS,HSS305x203x13,304.8,304.8,203.2,12.7,25.4,12.7,254,11800,147000000,78200000,111,81.2,964000,769000,3663,6731,167000000,636700,166363300,1274410,35573370000,1190000,897000,92.6,0.972
HSS,HSS305x203x9.5,304.8,304.8,203.2,9.5,19.1,9.5,266.7,9090,116000000,62100000,113,82.7,762000,611000,2782,5075,130000000,275000,129725000,1008520,27866450000,926000,701000,71.4,0.983
HSS,HSS305x203x7.9,304.8,304.8,203.2,7.9,15.9,7.9,273,7650,99300000,53200000,114,83.4,652000,524000,2331,4257,110000000,160800,109839200,862800,23678420000,786000,596000,60.1,0.989
HSS,HSS305x203x6.4,304.8,304.8,203.2,6.3,12.7,6.3,279.4,6190,81500000,43800000,115,84.3,535000,431000,1880,3422,89700000,83100,89616900,708470,19292230000,640000,486000,48.6,0.994
HSS,HSS305x152x16,304.8,304.8,152.4,15.9,31.8,15.9,241.3,12900,141000000,46500000,105,60.1,922000,610000,2938,8589,119000000,1081100,117918900,1071510,55191250000,1190000,729000,101.3,0.86
HSS,HSS305x152x13,304.8,304.8,152.4,12.7,25.4,12.7,254,10600,119000000,40000000,106,61.5,784000,524000,2401,6838,100000000,567300,99432700,915110,47317770000,999000,613000,83.2,0.871
HSS,HSS305x152x9.5,304.8,304.8,152.4,9.5,19.1,9.5,266.7,8120,95100000,32200000,108,62.9,624000,422000,1839,5221,79000000,245700,78754300,732420,37734730000,783000,482000,63.7,0.882
HSS,HSS305x152x7.9,304.8,304.8,152.4,7.9,15.9,7.9,273,6850,81600000,27700000,109,63.7,535000,364000,1540,4374,67400000,143900,67256100,630080,32321390000,666000,411000,53.8,0.887
HSS,HSS305x152x6.4,304.8,304.8,152.4,6.3,12.7,6.3,279.4,5540,67100000,23000000,110,64.4,440000,301000,1252,3509,55100000,74500,55025500,520200,26528720000,544000,337000,43.5,0.893
HSS,HSS254x203x16,254,254,203.2,15.9,31.8,15.9,190.5,12900,111000000,78000000,92.8,77.9,872000,767000,4800,6763,153000000,1081100,151918900,1231490,8394580000,1080000,925000,101.3,0.86
HSS,HSS254x203x13,254,254,203.2,12.7,25.4,12.7,203.2,10600,94000000,66400000,94.4,79.3,740000,654000,3881,5427,127000000,567300,126432700,1044120,7023510000,903000,774000,83.2,0.871
HSS,HSS254x203x9.5,254,254,203.2,9.5,19.1,9.5,215.9,8120,74800000,53000000,96,80.8,589000,522000,2949,4112,99600000,245700,99354300,829880,5464670000,707000,607000,63.7,0.882
HSS,HSS254x203x7.9,254,254,203.2,7.9,15.9,7.9,222.2,6850,64200000,45500000,96.8,81.6,505000,448000,2470,3448,84600000,143900,84456100,711500,4624950000,602000,517000,53.8,0.887
HSS,HSS254x203x6.4,254,254,203.2,6.3,12.7,6.3,228.6,5540,52800000,37500000,97.6,82.3,416000,369000,1988,2768,69000000,74500,68925500,585470,3753190000,491000,422000,43.5,0.893
HSS,HSS254x152x16,254,254,152.4,15.9,31.8,15.9,190.5,11200,87800000,38900000,88.3,58.8,691000,511000,3173,6963,91900000,945500,90954500,873860,18884530000,888000,619000,87.9,0.758
HSS,HSS254x152x13,254,254,152.4,12.7,25.4,12.7,203.2,9260,75200000,33600000,90.1,60.3,592000,442000,2583,5624,77700000,497900,77202100,749740,16290930000,747000,522000,72.7,0.769
HSS,HSS254x152x9.5,254,254,152.4,9.5,19.1,9.5,215.9,7150,60400000,27200000,91.9,61.7,475000,357000,1978,4276,61400000,216400,61183600,602700,13042610000,589000,413000,56.1,0.78
HSS,HSS254x152x7.9,254,254,152.4,7.9,15.9,7.9,222.2,6040,52000000,23500000,92.8,62.4,409000,309000,1661,3582,52400000,126900,52273100,519600,11186040000,502000,353000,47.4,0.786
HSS,HSS254x152x6.4,254,254,152.4,6.3,12.7,6.3,228.6,4900,42900000,19500000,93.6,63.1,338000,256000,1342,2873,42900000,65800,42834200,429900,9190030000,411000,290000,38.5,0.791
HSS,HSS254x152x4.8,254,254,152.4,4.8,9.6,4.8,234.9,3730,33300000,15200000,94.5,63.8,262000,200000,1018,2171,33000000,28400,32971600,334590,7091300000,317000,224000,29.3,0.796
HSS,HSS203x152x16,203.2,203.2,152.4,15.9,31.8,15.9,139.7,9640,49600000,31400000,71.7,57.1,488000,412000,3454,5365,65900000,809900,65090100,676500,3445380000,623000,509000,75.7,0.657
HSS,HSS203x152x13,203.2,203.2,152.4,12.7,25.4,12.7,152.4,7970,43000000,27300000,73.4,58.6,423000,359000,2801,4349,56000000,428600,55571400,584540,2993800000,528000,432000,62.6,0.668
HSS,HSS203x152x9.5,203.2,203.2,152.4,9.5,19.1,9.5,165.1,6180,34800000,22300000,75.1,60,343000,292000,2150,3292,44400000,187100,44212900,473060,2400410000,420000,344000,48.5,0.678
HSS,HSS203x152x7.9,203.2,203.2,152.4,7.9,15.9,7.9,171.4,5230,30200000,19300000,75.9,60.8,297000,253000,1798,2776,38000000,110000,37890000,409160,2056950000,359000,295000,41.1,0.684
HSS,HSS203x152x6.4,203.2,203.2,152.4,6.3,12.7,6.3,177.8,4250,25000000,16100000,76.7,61.5,246000,211000,1457,2222,31200000,57100,31142900,339620,1687320000,295000,243000,33.4,0.689
HSS,HSS203x152x4.8,203.2,203.2,152.4,4.8,9.6,4.8,184.1,3250,19500000,12600000,77.5,62.2,192000,165000,1107,1680,24100000,24700,24075300,265150,1299630000,228000,188000,25.5,0.695
HSS,HSS203x102x13,203.2,203.2,101.6,12.7,25.4,12.7,152.4,6680,31300000,10200000,68.4,39.1,308000,201000,1524,4510,26700000,359200,26340800,356290,5371260000,405000,246000,52.4,0.566
HSS,HSS203x102x9.5,203.2,203.2,101.6,9.5,19.1,9.5,165.1,5210,25800000,8570000,70.3,40.5,254000,169000,1187,3440,21700000,157800,21542200,295350,4520660000,326000,199000,40.9,0.577
HSS,HSS203x102x7.9,203.2,203.2,101.6,7.9,15.9,7.9,171.4,4430,22500000,7530000,71.2,41.3,221000,148000,1003,2889,18800000,93000,18707000,258420,3958180000,281000,172000,34.8,0.582
HSS,HSS203x102x6.4,203.2,203.2,101.6,6.3,12.7,6.3,177.8,3610,18800000,6350000,72.2,42,185000,125000,815,2325,15600000,48500,15551500,216920,3311350000,232000,143000,28.3,0.588
HSS,HSS203x102x4.8,203.2,203.2,101.6,4.8,9.6,4.8,184.1,2760,14700000,5030000,73.1,42.7,145000,99000,622,1746,12100000,21000,12079000,171210,2595320000,180000,111000,21.7,0.593
HSS,HSS178x127x13,177.8,177.8,127,12.7,25.4,12.7,127,6680,26400000,15500000,62.9,48.1,297000,244000,2274,3795,33300000,359200,32940800,403770,1732100000,378000,298000,52.4,0.566
HSS,HSS178x127x9.5,177.8,177.8,127,9.5,19.1,9.5,139.7,5210,21700000,12800000,64.6,49.6,244000,202000,1732,2884,26800000,157800,26642200,331500,1425500000,303000,240000,40.9,0.577
HSS,HSS178x127x7.9,177.8,177.8,127,7.9,15.9,7.9,146,4430,18900000,11200000,65.4,50.3,213000,177000,1461,2418,23000000,93000,22907000,288710,1234560000,261000,207000,34.8,0.582
HSS,HSS178x127x6.4,177.8,177.8,127,6.3,12.7,6.3,152.4,3610,15800000,9400000,66.2,51.1,178000,148000,1183,1950,19000000,48500,18951500,241270,1021980000,216000,171000,28.3,0.588
HSS,HSS178x127x4.8,177.8,177.8,127,4.8,9.6,4.8,158.7,2760,12400000,7410000,67.1,51.8,140000,117000,900,1475,14700000,21000,14679000,189610,793190000,168000,133000,21.7,0.593
HSS,HSS152x102x13,152.4,152.4,101.6,12.7,25.4,12.7,101.6,5390,14700000,7670000,52.2,37.7,193000,151000,1735,3246,17500000,289800,17210200,255650,874090000,252000,189000,42.3,0.464
HSS,HSS152x102x9.5,152.4,152.4,101.6,9.5,19.1,9.5,114.3,4240,12400000,6510000,54,39.2,162000,128000,1336,2495,14400000,128500,14271500,214490,751130000,206000,155000,33.3,0.475
HSS,HSS152x102x7.9,152.4,152.4,101.6,7.9,15.9,7.9,120.6,3620,10900000,5760000,54.9,39.9,143000,113000,1129,2091,12500000,76000,12424000,188740,661770000,178000,134000,28.4,0.481
HSS,HSS152x102x6.4,152.4,152.4,101.6,6.3,12.7,6.3,127,2960,9190000,4880000,55.7,40.6,121000,96200,913,1684,10400000,39800,10360200,159300,555830000,148000,112000,23.2,0.486
HSS,HSS152x102x4.8,152.4,152.4,101.6,4.8,9.6,4.8,133.3,2280,7280000,3890000,56.5,41.3,95600,76600,697,1276,8150000,17300,8132700,126400,436620000,116000,87800,17.9,0.492
HSS,HSS152x102x3.2,152.4,152.4,101.6,3.2,6.4,3.2,139.7,1550,5100000,2740000,57.4,42.1,66900,53900,470,857,5620000,5200,5614800,88680,301880000,80200,60800,12.2,0.497
HSS,HSS152x76x13,152.4,152.4,76.2,12.7,25.4,12.7,101.6,4750,11500000,3710000,49.3,28,152000,97300,1107,3269,9960000,255100,9704900,174540,1051340000,207000,124000,37.3,0.414
HSS,HSS152x76x9.5,152.4,152.4,76.2,9.5,19.1,9.5,114.3,3760,9890000,3240000,51.3,29.4,130000,85000,864,2530,8450000,113800,8336200,150350,956220000,171000,104000,29.5,0.424
HSS,HSS152x76x7.9,152.4,152.4,76.2,7.9,15.9,7.9,120.6,3220,8780000,2910000,52.3,30.1,115000,76300,736,2132,7440000,67600,7372400,133940,862360000,149000,91100,25.3,0.43
HSS,HSS152x76x6.4,152.4,152.4,76.2,6.3,12.7,6.3,127,2640,7470000,2500000,53.2,30.8,98000,65500,600,1725,6270000,35500,6234500,114390,739340000,125000,76600,20.7,0.435
HSS,HSS152x76x4.8,152.4,152.4,76.2,4.8,9.6,4.8,133.3,2040,5960000,2020000,54.1,31.5,78200,52900,462,1310,4950000,15500,4934500,91790,591140000,98100,60500,16,0.441
HSS,HSS152x76x3.2,152.4,152.4,76.2,3.2,6.4,3.2,139.7,1390,4200000,1440000,55,32.2,55100,37700,314,879,3450000,4700,3445300,65110,415100000,68100,42200,10.9,0.446
HSS,HSS127x102x13,127,127,101.6,12.7,25.4,12.7,76.2,4750,9140000,6390000,43.9,36.7,144000,126000,1849,2609,13200000,255100,12944900,205470,170530000,188000,160000,37.3,0.414
HSS,HSS127x102x9.5,127,127,101.6,9.5,19.1,9.5,88.9,3760,7800000,5480000,45.6,38.2,123000,108000,1420,1996,10900000,113800,10786200,174120,148840000,155000,132000,29.5,0.424
HSS,HSS127x102x7.9,127,127,101.6,7.9,15.9,7.9,95.2,3220,6920000,4870000,46.4,38.9,109000,95900,1198,1682,9540000,67600,9472400,153940,131170000,135000,116000,25.3,0.43
HSS,HSS127x102x6.4,127,127,101.6,6.3,12.7,6.3,101.6,2640,5880000,4150000,47.2,39.7,92600,81700,970,1359,7970000,35500,7934500,130520,109740000,113000,96800,20.7,0.435
HSS,HSS127x102x4.8,127,127,101.6,4.8,9.6,4.8,107.9,2040,4690000,3320000,48,40.4,73800,65400,739,1032,6240000,15500,6224500,104010,85630000,88600,76100,16,0.441
HSS,HSS127x102x3.2,127,127,101.6,3.2,6.4,3.2,114.3,1390,3300000,2350000,48.8,41.1,52000,46200,499,691,4320000,4700,4315300,73290,58730000,61500,52900,10.9,0.446
HSS,HSS127x76x13,127,127,76.2,12.7,25.4,12.7,76.2,4100,7020000,3050000,41.4,27.3,111000,80000,1204,2681,7590000,220400,7369600,140150,346500000,151000,104000,32.2,0.363
HSS,HSS127x76x9.5,127,127,76.2,9.5,19.1,9.5,88.9,3280,6130000,2700000,43.3,28.7,96500,70800,938,2065,6500000,99200,6400800,122030,324260000,126000,87800,25.7,0.374
HSS,HSS127x76x7.9,127,127,76.2,7.9,15.9,7.9,95.2,2810,5490000,2430000,44.2,29.4,86400,63900,792,1742,5750000,59100,5690900,109230,295070000,111000,77300,22.1,0.379
HSS,HSS127x76x6.4,127,127,76.2,6.3,12.7,6.3,101.6,2320,4700000,2100000,45.1,30.1,74100,55200,646,1406,4860000,31100,4828900,93720,254550000,93400,65300,18.2,0.385
HSS,HSS127x76x4.8,127,127,76.2,4.8,9.6,4.8,107.9,1790,3780000,1710000,45.9,30.8,59600,44800,499,1070,3850000,13700,3836300,75530,204320000,73800,51800,14.1,0.39
HSS,HSS127x76x3.2,127,127,76.2,3.2,6.4,3.2,114.3,1230,2690000,1220000,46.8,31.6,42300,32100,336,722,2960000,4100,2955900,53810,143800000,51500,36300,9.7,0.395
HSS,HSS102x76x9.5,101.6,101.6,76.2,9.5,19.1,9.5,63.5,2790,3420000,2160000,35,27.8,67400,56600,1021,1586,4630000,84500,4545500,93760,58320000,87900,71600,21.9,0.323
HSS,HSS102x76x7.9,101.6,101.6,76.2,7.9,15.9,7.9,69.8,2410,3100000,1960000,35.9,28.5,61000,51500,861,1341,4120000,50600,4069400,84560,53830000,77800,63600,18.9,0.328
HSS,HSS102x76x6.4,101.6,101.6,76.2,6.3,12.7,6.3,76.2,1990,2690000,1710000,36.7,29.3,52900,44800,703,1089,3500000,26800,3473200,73070,46780000,66000,54000,15.6,0.334
HSS,HSS102x76x4.8,101.6,101.6,76.2,4.8,9.6,4.8,82.5,1550,2180000,1390000,37.5,30,43000,36600,534,825,2780000,11800,2768200,59280,37600000,52600,43100,12.2,0.339
HSS,HSS102x76x3.2,101.6,101.6,76.2,3.2,6.4,3.2,88.9,1060,1570000,1010000,38.4,30.7,30800,26400,367,560,1950000,3600,1946400,42510,26400000,37000,30400,8.3,0.345
HSS,HSS102x51x9.5,101.6,101.6,50.8,9.5,19.1,9.5,63.5,2310,2390000,762000,32.2,18.2,47100,30000,543,1624,2070000,69800,2000200,54150,92380000,65600,39200,18.1,0.272
HSS,HSS102x51x7.9,101.6,101.6,50.8,7.9,15.9,7.9,69.8,2010,2210000,714000,33.2,18.9,43600,28100,466,1379,1910000,42100,1867900,50230,91240000,58900,35500,15.8,0.278
HSS,HSS102x51x6.4,101.6,101.6,50.8,6.3,12.7,6.3,76.2,1670,1950000,640000,34.2,19.6,38500,25200,384,1120,1670000,22400,1647600,44540,83930000,50700,30800,13.1,0.283
HSS,HSS102x51x4.8,101.6,101.6,50.8,4.8,9.6,4.8,82.5,1310,1610000,537000,35.1,20.3,31800,21100,298,856,1360000,10000,1350000,37000,70790000,40800,25000,10.3,0.288
HSS,HSS102x51x3.2,101.6,101.6,50.8,3.2,6.4,3.2,88.9,903,1170000,397000,36.1,21,23100,15600,204,576,976000,3000,973000,27150,51810000,29000,17900,7.1,0.294
HSS,HSS89x64x6.4,88.9,88.9,63.5,6.3,12.7,6.3,63.5,1670,1650000,968000,31.4,24.1,37100,30500,568,949,2080000,22400,2057600,50470,27060000,47200,37300,13.1,0.283
HSS,HSS89x64x4.8,88.9,88.9,63.5,4.8,9.6,4.8,69.8,1310,1360000,803000,32.3,24.8,30600,25300,436,724,1680000,10000,1670000,41530,22330000,38000,30100,10.3,0.288
HSS,HSS76x51x7.9,76.2,76.2,50.8,7.9,15.9,7.9,44.4,1600,1020000,527000,25.2,18.1,26700,20700,529,1000,1240000,33700,1206300,35560,14340000,36000,26900,12.6,0.227
HSS,HSS76x51x6.4,76.2,76.2,50.8,6.3,12.7,6.3,50.8,1350,919000,479000,26.1,18.9,24100,18900,433,812,1100000,18100,1081900,31960,13660000,31500,23600,10.6,0.232
HSS,HSS76x51x4.8,76.2,76.2,50.8,4.8,9.6,4.8,57.1,1060,775000,408000,27,19.6,20300,16100,336,623,903000,8100,894900,26870,11760000,25800,19400,8.3,0.238
HSS,HSS76x51x3.2,76.2,76.2,50.8,3.2,6.4,3.2,63.5,741,575000,306000,27.8,20.3,15100,12000,230,421,652000,2500,649500,19940,8700000,18600,14000,5.8,0.243
HSS,HSS76x38x6.4,76.2,76.2,38.1,6.3,12.7,6.3,50.8,1190,722000,232000,24.7,14,18900,12200,277,825,622000,15900,606100,21820,16430000,25900,15600,9.3,0.207
HSS,HSS76x38x4.8,76.2,76.2,38.1,4.8,9.6,4.8,57.1,942,620000,203000,25.6,14.7,16300,10600,217,636,529000,7200,521800,18830,14960000,21400,13000,7.4,0.212
HSS,HSS76x38x3.2,76.2,76.2,38.1,3.2,6.4,3.2,63.5,660,467000,156000,26.6,15.4,12300,8200,149,431,392000,2200,389800,14320,11570000,15600,9580,5.2,0.218
HSS,HSS64x38x6.4,63.5,63.5,38.1,6.3,12.7,6.3,38.1,1030,439000,191000,20.7,13.6,13800,10000,302,671,474000,13800,460200,17520,5410000,18800,13000,8.1,0.181
HSS,HSS64x38x4.8,63.5,63.5,38.1,4.8,9.6,4.8,44.4,821,384000,169000,21.6,14.3,12100,8870,235,518,407000,6300,400700,15280,5070000,15800,11000,6.4,0.187
HSS,HSS64x38x3.2,63.5,63.5,38.1,3.2,6.4,3.2,50.8,580,294000,132000,22.5,15.1,9270,6910,163,352,304000,2000,302000,11730,3980000,11700,8170,4.6,0.192
HSS,HSS51x25x4.8,50.8,50.8,25.4,4.8,9.6,4.8,31.7,578,150000,47600,16.1,9.1,5890,3750,136,410,129000,4400,124600,6780,1440000,8210,4910,4.5,0.136
HSS,HSS51x25x3.2,50.8,50.8,25.4,3.2,6.4,3.2,38.1,418,122000,40000,17.1,9.8,4810,3150,96,281,104000,1400,102600,5570,1310000,6340,3850,3.3,0.141
HSS,HSS559x559x25,558.8,558.8,558.8,25.4,76.2,50.8,406.4,52500,2450000000,2450000000,216,216,8770000,8770000,24795,24795,3940000000,11058100,3928941900,13116410,94565000000,10400000,10400000,412.1,2.15
HSS,HSS559x559x22,558.8,558.8,558.8,22.2,66.7,44.5,425.4,46400,2200000000,2200000000,218,218,7860000,7860000,21623,21623,3500000000,7509400,3492490600,11768370,73866480000,9260000,9260000,364.2,2.16
HSS,HSS559x559x19,558.8,558.8,558.8,19.1,57.2,38.1,444.5,40200,1930000000,1930000000,219,219,6900000,6900000,18394,18394,3050000000,4786600,3045213400,10335590,53838530000,8070000,8070000,315.6,2.17
HSS,HSS559x559x16,558.8,558.8,558.8,15.9,47.6,31.8,463.5,33800,1650000000,1650000000,221,221,5890000,5890000,15291,15291,2580000000,2807700,2577192300,8826080,35887280000,6840000,6840000,265.3,2.18
HSS,HSS508x508x25,508,508,508,25.4,76.2,50.8,355.6,47400,1810000000,1810000000,195,195,7110000,7110000,22790,22790,2920000000,9948200,2910051800,10623090,62538420000,8470000,8470000,372.1,1.94
HSS,HSS508x508x22,508,508,508,22.2,66.7,44.5,374.6,41900,1620000000,1620000000,197,197,6390000,6390000,19622,19622,2600000000,6765300,2593234700,9558250,49890190000,7560000,7560000,328.9,1.96
HSS,HSS508x508x19,508,508,508,19.1,57.2,38.1,393.7,36300,1430000000,1430000000,198,198,5620000,5620000,16798,16798,2270000000,4318300,2265681700,8417460,37071060000,6600000,6600000,285,1.97
HSS,HSS508x508x16,508,508,508,15.9,47.6,31.8,412.7,30600,1220000000,1220000000,200,200,4810000,4810000,13826,13826,1930000000,2536500,1927463500,7206960,25149290000,5610000,5610000,240.2,1.98
HSS,HSS508x508x13,508,508,508,12.7,38.1,25.4,431.8,24700,1000000000,1000000000,201,201,3950000,3950000,10958,10958,1570000000,1315500,1568684500,5918080,14969110000,4570000,4570000,193.9,1.99
HSS,HSS457x457x25,457.2,457.2,457.2,25.4,76.2,50.8,304.8,42200,1280000000,1280000000,174,174,5620000,5620000,20401,20401,2100000000,8838200,2091161800,8391500,38749580000,6740000,6740000,331.3,1.74
HSS,HSS457x457x22,457.2,457.2,457.2,22.2,66.7,44.5,323.8,37400,1160000000,1160000000,176,176,5070000,5070000,17868,17868,1870000000,6021200,1863978800,7577320,31783690000,6030000,6030000,293.6,1.75
HSS,HSS457x457x19,457.2,457.2,457.2,19.1,57.2,38.1,342.9,32500,1020000000,1020000000,178,178,4470000,4470000,15064,15064,1640000000,3850100,1636149900,6695810,24217220000,5280000,5280000,255.1,1.76
HSS,HSS457x457x16,457.2,457.2,457.2,15.9,47.6,31.8,361.9,27400,878000000,878000000,179,179,3840000,3840000,12531,12531,1390000000,2265300,1387734700,5751680,16805280000,4490000,4490000,215.1,1.77
HSS,HSS457x457x13,457.2,457.2,457.2,12.7,38.1,25.4,381,22200,723000000,723000000,181,181,3160000,3160000,9953,9953,1130000000,1176700,1128823300,4737990,10211230000,3670000,3670000,174.3,1.79
HSS,HSS406x406x22,406.4,406.4,406.4,22.2,66.7,44.5,273,32900,793000000,793000000,155,155,3900000,3900000,15985,15985,1290000000,5277200,1284722800,5825470,18716320000,4670000,4670000,258.3,1.55
HSS,HSS406x406x19,406.4,406.4,406.4,19.1,57.2,38.1,292.1,28600,703000000,703000000,157,157,3460000,3460000,13565,13565,1130000000,3381800,1126618200,5170590,14754010000,4100000,4100000,224.5,1.56
HSS,HSS406x406x16,406.4,406.4,406.4,15.9,47.6,31.8,311.1,24200,606000000,606000000,158,158,2980000,2980000,11211,11211,965000000,1994000,963006000,4460210,10552220000,3500000,3500000,190,1.57
HSS,HSS406x406x13,406.4,406.4,406.4,12.7,38.1,25.4,330.2,19600,500000000,500000000,160,160,2460000,2460000,8861,8861,788000000,1038000,786962000,3688960,6588110000,2870000,2870000,153.9,1.58
HSS,HSS406x406x9.5,406.4,406.4,406.4,9.5,23.8,14.3,358.7,14900,388000000,388000000,161,161,1910000,1910000,6492,6492,604000000,448500,603551500,2863360,2356930000,2200000,2200000,117,1.59
HSS,HSS356x356x19,355.6,355.6,355.6,19.1,57.2,38.1,241.3,24700,457000000,457000000,136,136,2570000,2570000,11942,11942,744000000,2913500,741086500,3841720,8158600000,3080000,3080000,193.9,1.36
HSS,HSS356x356x16,355.6,355.6,355.6,15.9,47.6,31.8,260.3,20900,396000000,396000000,138,138,2230000,2230000,9851,9851,637000000,1722800,635277200,3332500,6087120000,2640000,2640000,164.1,1.37
HSS,HSS356x356x13,355.6,355.6,355.6,12.7,38.1,25.4,279.4,17000,329000000,329000000,139,139,1850000,1850000,7802,7802,522000000,899200,521100800,2770950,3944730000,2170000,2170000,133.4,1.38
HSS,HSS356x356x9.5,355.6,355.6,355.6,9.5,23.8,14.3,307.9,13000,256000000,256000000,141,141,1440000,1440000,5666,5666,401000000,389900,400610100,2162360,1480970000,1670000,1670000,102.1,1.39
HSS,HSS356x356x7.9,355.6,355.6,355.6,7.9,19.9,11.9,315.9,10900,218000000,218000000,141,141,1220000,1220000,4751,4751,338000000,227500,337772500,1834880,934180000,1410000,1410000,85.6,1.4
HSS,HSS305x305x19,304.8,304.8,304.8,19.1,57.2,38.1,190.5,20800,277000000,277000000,115,115,1820000,1820000,10381,10381,456000000,2445300,453554700,2709070,3908480000,2200000,2200000,163.3,1.15
HSS,HSS305x305x16,304.8,304.8,304.8,15.9,47.6,31.8,209.5,17700,242000000,242000000,117,117,1590000,1590000,8556,8556,392000000,1451500,390548500,2368500,3107080000,1890000,1890000,138.9,1.16
HSS,HSS305x305x13,304.8,304.8,304.8,12.7,38.1,25.4,228.6,14400,202000000,202000000,118,118,1330000,1330000,6730,6730,323000000,760500,322239500,1983940,2126070000,1560000,1560000,113,1.18
HSS,HSS305x305x9.5,304.8,304.8,304.8,9.5,23.8,14.3,257.1,11000,158000000,158000000,120,120,1040000,1040000,4844,4844,250000000,331300,249668700,1559700,854610000,1210000,1210000,86.4,1.19
HSS,HSS305x305x7.9,304.8,304.8,304.8,7.9,19.9,11.9,265.1,9270,135000000,135000000,121,121,885000,885000,4063,4063,211000000,193600,210806400,1327690,548040000,1030000,1030000,72.8,1.19
HSS,HSS305x305x6.4,304.8,304.8,304.8,6.3,15.9,9.5,273.1,7480,110000000,110000000,121,121,723000,723000,3229,3229,171000000,100000,170900000,1084720,308990000,833000,833000,58.7,1.2
HSS,HSS254x254x16,254,254,254,15.9,47.6,31.8,158.7,14500,134000000,134000000,96.1,96.1,1050000,1050000,7253,7253,220000000,1180300,218819700,1568100,1309360000,1270000,1270000,113.8,0.961
HSS,HSS254x254x13,254,254,254,12.7,38.1,25.4,177.8,11800,113000000,113000000,97.6,97.6,889000,889000,5685,5685,183000000,621800,182378200,1327890,977160000,1060000,1060000,92.6,0.972
HSS,HSS254x254x9.5,254,254,254,9.5,23.8,14.3,206.3,9090,89300000,89300000,99.1,99.1,703000,703000,4062,4062,142000000,272700,141727300,1055380,435940000,825000,825000,71.4,0.983
HSS,HSS254x254x7.9,254,254,254,7.9,19.9,11.9,214.3,7650,76400000,76400000,99.9,99.9,601000,601000,3383,3383,120000000,159700,119840300,902440,286470000,701000,701000,60.1,0.989
HSS,HSS254x254x6.4,254,254,254,6.3,15.9,9.5,222.3,6190,62700000,62700000,101,101,494000,494000,2703,2703,97800000,82700,97717300,740560,165280000,571000,571000,48.6,0.994
HSS,HSS254x254x4.8,254,254,254,4.8,9.6,4.8,234.9,4710,48400000,48400000,101,101,381000,381000,2003,2003,74800000,35800,74764200,571950,47790000,438000,438000,37,1
HSS,HSS203x203x16,203.2,203.2,203.2,15.9,47.6,31.8,107.9,11200,63800000,63800000,75.3,75.3,628000,628000,5915,5915,107000000,909100,106090900,931100,391710000,774000,774000,87.9,0.758
HSS,HSS203x203x13,203.2,203.2,203.2,12.7,38.1,25.4,127,9260,54700000,54700000,76.9,76.9,538000,538000,4611,4611,90200000,483000,89717000,802690,343130000,651000,651000,72.7,0.769
HSS,HSS203x203x9.5,203.2,203.2,203.2,9.5,23.8,14.3,155.5,7150,43900000,43900000,78.4,78.4,432000,432000,3250,3250,70800000,214000,70586000,649340,183010000,513000,513000,56.1,0.78
HSS,HSS203x203x7.9,203.2,203.2,203.2,7.9,19.9,11.9,163.5,6040,37800000,37800000,79.2,79.2,372000,372000,2702,2702,60300000,125800,60174200,559100,125160000,438000,438000,47.4,0.786
HSS,HSS203x203x6.4,203.2,203.2,203.2,6.3,15.9,9.5,171.4,4900,31300000,31300000,79.9,79.9,308000,308000,2166,2166,49300000,65300,49234700,461920,74930000,359000,359000,38.5,0.791
HSS,HSS203x203x4.8,203.2,203.2,203.2,4.8,9.6,4.8,184.1,3730,24300000,24300000,80.7,80.7,239000,239000,1596,1596,37800000,28400,37771600,359180,22850000,276000,276000,29.3,0.796
HSS,HSS178x178x16,177.8,177.8,177.8,15.9,47.6,31.8,82.5,9640,40600000,40600000,64.9,64.9,457000,457000,5279,5279,69300000,773400,68526600,673780,168780000,571000,571000,75.7,0.657
HSS,HSS178x178x13,177.8,177.8,177.8,12.7,38.1,25.4,101.6,7970,35200000,35200000,66.5,66.5,396000,396000,4085,4085,58800000,413600,58386400,589110,170850000,484000,484000,62.6,0.668
HSS,HSS178x178x9.5,177.8,177.8,177.8,9.5,23.8,14.3,130.2,6180,28600000,28600000,68,68,322000,322000,2853,2853,46500000,184700,46315300,483170,105610000,385000,385000,48.5,0.678
HSS,HSS178x178x7.9,177.8,177.8,177.8,7.9,19.9,11.9,138.1,5230,24800000,24800000,68.8,68.8,279000,279000,2380,2380,39800000,108800,39691200,418150,74520000,330000,330000,41.1,0.684
HSS,HSS178x178x6.4,177.8,177.8,177.8,6.3,15.9,9.5,146.1,4250,20600000,20600000,69.6,69.6,231000,231000,1900,1900,32600000,56700,32543300,347180,45900000,271000,271000,33.4,0.689
HSS,HSS178x178x4.8,177.8,177.8,177.8,4.8,9.6,4.8,158.7,3250,16100000,16100000,70.3,70.3,181000,181000,1401,1401,25100000,24700,25075300,271300,14570000,210000,210000,25.5,0.695
HSS,HSS152x152x13,152.4,152.4,152.4,12.7,38.1,25.4,76.2,6680,21000000,21000000,56.1,56.1,276000,276000,3572,3572,35600000,344300,35255700,408170,69340000,342000,342000,52.4,0.566
HSS,HSS152x152x9.5,152.4,152.4,152.4,9.5,23.8,14.3,104.8,5210,17300000,17300000,57.6,57.6,227000,227000,2446,2446,28500000,155400,28344600,341530,53930000,275000,275000,40.9,0.577
HSS,HSS152x152x7.9,152.4,152.4,152.4,7.9,19.9,11.9,112.7,4430,15100000,15100000,58.4,58.4,198000,198000,2036,2036,24500000,91900,24408100,297650,39830000,237000,237000,34.8,0.582
HSS,HSS152x152x6.4,152.4,152.4,152.4,6.3,15.9,9.5,120.7,3610,12600000,12600000,59.2,59.2,166000,166000,1618,1618,20200000,48000,20152000,248800,25550000,196000,196000,28.3,0.588
HSS,HSS152x152x4.8,152.4,152.4,152.4,4.8,9.6,4.8,133.3,2760,9930000,9930000,59.9,59.9,130000,130000,1191,1191,15600000,21000,15579000,195750,8570000,152000,152000,21.7,0.593
HSS,HSS127x127x13,127,127,127,12.7,38.1,25.4,50.8,5390,11300000,11300000,45.7,45.7,177000,177000,3107,3107,19500000,274900,19225100,259800,19440000,225000,225000,42.3,0.464
HSS,HSS127x127x9.5,127,127,127,9.5,23.8,14.3,79.4,4240,9480000,9480000,47.3,47.3,149000,149000,2052,2052,15900000,126100,15773900,224420,22740000,183000,183000,33.3,0.475
HSS,HSS127x127x7.9,127,127,127,7.9,19.9,11.9,87.3,3620,8350000,8350000,48,48,131000,131000,1702,1702,13800000,74900,13725100,197610,18070000,159000,159000,28.4,0.481
HSS,HSS127x127x6.4,127,127,127,6.3,15.9,9.5,95.3,2960,7050000,7050000,48.8,48.8,111000,111000,1355,1355,11400000,39300,11360700,166800,12350000,132000,132000,23.2,0.486
HSS,HSS127x127x4.8,127,127,127,4.8,9.6,4.8,107.9,2280,5600000,5600000,49.6,49.6,88100,88100,989,989,8900000,17300,8882700,132520,4500000,103000,103000,17.9,0.492
HSS,HSS127x127x3.2,127,127,127,3.2,6.4,3.2,114.3,1550,3920000,3920000,50.3,50.3,61800,61800,662,662,6120000,5200,6114800,92770,1610000,71500,71500,12.2,0.497
HSS,HSS102x102x13,101.6,101.6,101.6,12.7,38.1,25.4,25.4,4100,5100000,5100000,35.3,35.3,100000,100000,2619,2619,9070000,205500,8864500,143920,2280000,131000,131000,32.2,0.363
HSS,HSS102x102x9.5,101.6,101.6,101.6,9.5,23.8,14.3,53.9,3280,4450000,4450000,36.9,36.9,87600,87600,1653,1653,7640000,96800,7543200,131770,6810000,110000,110000,25.7,0.374
HSS,HSS102x102x7.9,101.6,101.6,101.6,7.9,19.9,11.9,61.9,2810,3990000,3990000,37.7,37.7,78500,78500,1372,1372,6710000,58000,6652000,118000,6200000,96700,96700,22.1,0.379
HSS,HSS102x102x6.4,101.6,101.6,101.6,6.3,15.9,9.5,69.8,2320,3420000,3420000,38.4,38.4,67300,67300,1089,1089,5640000,30700,5609300,101160,4730000,81400,81400,18.2,0.385
HSS,HSS102x102x4.8,101.6,101.6,101.6,4.8,9.6,4.8,82.5,1790,2750000,2750000,39.2,39.2,54200,54200,783,783,4440000,13700,4426300,81630,1980000,64300,64300,14.1,0.39
HSS,HSS102x102x3.2,101.6,101.6,101.6,3.2,6.4,3.2,88.9,1230,1960000,1960000,40,40,38500,38500,530,530,3080000,4100,3075900,57890,750000,44900,44900,9.7,0.395
HSS,HSS89x89x9.5,88.9,88.9,88.9,9.5,23.8,14.3,41.3,2790,2800000,2800000,31.7,31.7,63000,63000,1461,1461,4880000,82100,4797900,94600,2930000,80500,80500,21.9,0.323
HSS,HSS89x89x7.9,88.9,88.9,88.9,7.9,19.9,11.9,49.2,2410,2540000,2540000,32.5,32.5,57100,57100,1207,1207,4330000,49500,4280500,85830,3020000,71300,71300,18.9,0.328
HSS,HSS89x89x6.4,88.9,88.9,88.9,6.3,15.9,9.5,57.2,1990,2200000,2200000,33.2,33.2,49500,49500,954,954,3670000,26300,3643700,74460,2540000,60500,60500,15.6,0.334
HSS,HSS89x89x4.8,88.9,88.9,88.9,4.8,9.6,4.8,69.8,1550,1790000,1790000,34,34,40300,40300,682,682,2920000,11800,2908200,60800,1190000,48200,48200,12.2,0.339
HSS,HSS76x76x9.5,76.2,76.2,76.2,9.5,23.8,14.3,28.6,2310,1610000,1610000,26.5,26.5,42400,42400,1260,1260,2870000,67500,2802500,63520,930000,55500,55500,18.1,0.272
HSS,HSS76x76x7.9,76.2,76.2,76.2,7.9,19.9,11.9,36.5,2010,1490000,1490000,27.3,27.3,39100,39100,1041,1041,2590000,41000,2549000,58760,1180000,49800,49800,15.8,0.278
HSS,HSS76x76x6.4,76.2,76.2,76.2,6.3,15.9,9.5,44.5,1670,1310000,1310000,28,28,34500,34500,818,818,2230000,22000,2208000,51850,1160000,42800,42800,13.1,0.283
HSS,HSS76x76x4.8,76.2,76.2,76.2,4.8,9.6,4.8,57.1,1310,1080000,1080000,28.8,28.8,28500,28500,576,576,1790000,10000,1780000,43050,640000,34400,34400,10.3,0.288
HSS,HSS76x76x3.2,76.2,76.2,76.2,3.2,6.4,3.2,63.5,903,790000,790000,29.6,29.6,20700,20700,393,393,1260000,3000,1257000,31220,270000,24500,24500,7.1,0.294
HSS,HSS64x64x6.4,63.5,63.5,63.5,6.3,15.9,9.5,31.8,1350,703000,703000,22.8,22.8,22200,22200,691,691,1220000,17600,1202400,33300,400000,28100,28100,10.6,0.232
HSS,HSS64x64x4.8,63.5,63.5,63.5,4.8,9.6,4.8,44.4,1060,594000,594000,23.6,23.6,18700,18700,480,480,995000,8100,986900,28370,290000,23000,23000,8.3,0.238
HSS,HSS64x64x3.2,63.5,63.5,63.5,3.2,6.4,3.2,50.8,741,441000,441000,24.4,24.4,13900,13900,325,325,715000,2500,712500,20950,140000,16600,16600,5.8,0.243
HSS,HSS51x51x6.4,50.8,50.8,50.8,6.3,15.9,9.5,19,1030,319000,319000,17.6,17.6,12600,12600,563,563,567000,13300,553700,18820,80000,16400,16400,8.1,0.181
HSS,HSS51x51x4.8,50.8,50.8,50.8,4.8,9.6,4.8,31.7,821,279000,279000,18.4,18.4,11000,11000,379,379,479000,6300,472700,16760,100000,13800,13800,6.4,0.187
HSS,HSS51x51x3.2,50.8,50.8,50.8,3.2,6.4,3.2,38.1,580,214000,214000,19.2,19.2,8420,8420,258,258,353000,2000,351000,12730,60000,10200,10200,4.6,0.192
HSS,HSS38x38x4.8,38.1,38.1,38.1,4.8,9.6,4.8,19,578,101000,101000,13.2,13.2,5300,5300,276,276,180000,4400,175600,8210,20000,6950,6950,4.5,0.136
HSS,HSS38x38x3.2,38.1,38.1,38.1,3.2,6.4,3.2,25.4,418,82200,82200,14,14,4310,4310,190,190,139000,1400,137600,6560,20000,5350,5350,3.3,0.141
