Type,EDI_Std_Nomenclature,AISC_Manual_Label,W,A,Ht,h,OD,B,b,tnom,tdes,b/tdes,h/tdes,D/t,Ix,Zx,Sx,rx,Iy,Zy,Sy,ry,J,C
HSS,HSS863.6X254X25.4,HSS863.6X254X25.4,412,49200,864,792,,254,183,25.4,23.6,7.75,33.6,,4000,12300,9260,284,558,5030,4390,106,1680000,9090
HSS,HSS863.6X254X22.2,HSS863.6X254X22.2,364,43400,864,803,,254,192,22.2,20.7,9.29,38.8,,3580,10900,8290,287,504,4490,3970,108,1510000,8100
HSS,HSS863.6X254X19.0,HSS863.6X254X19.0,315,37500,864,810,,254,201,19.1,17.7,11.3,45.7,,3140,9540,7280,290,445,3930,3520,109,1330000,7060
HSS,HSS863.6X254X15.9,HSS863.6X254X15.9,266,31500,864,820,,254,210,15.9,14.8,14.2,55.5,,2680,8080,6190,292,385,3360,3030,110,1130000,5980
HSS,HSS762X254X25.4,HSS762X254X25.4,372,44300,762,691,,254,183,25.4,23.6,7.75,29.3,,2870,9930,7540,254,491,4470,3880,105,1440000,7980
HSS,HSS762X254X22.2,HSS762X254X22.2,329,39200,762,701,,254,192,22.2,20.7,9.29,33.9,,2580,8850,6770,257,445,4010,3520,107,1290000,7110
HSS,HSS762X254X19.0,HSS762X254X19.0,285,33900,762,709,,254,201,19.1,17.7,11.3,40,,2260,7720,5950,259,396,3520,3110,108,1140000,6210
HSS,HSS762X254X15.9,HSS762X254X15.9,240,28600,762,719,,254,210,15.9,14.8,14.2,48.6,,1930,6550,5080,259,341,3000,2690,109,970000,5260
HSS,HSS762X254X12.7,HSS762X254X12.7,194,23100,762,726,,254,219,12.7,11.8,18.5,61.5,,1590,5340,4160,262,283,2440,2230,111,795000,4290
HSS,HSS609.6X508X19.0,HSS609.6X508X19.0,315,37500,610,556,,508,455,19.1,17.7,25.7,31.4,,2060,8010,6770,234,1560,7080,6150,204,2810000,10300
HSS,HSS609.6X508X15.9,HSS609.6X508X15.9,266,31500,610,566,,508,465,15.9,14.8,31.4,38.3,,1760,6770,5750,236,1330,5980,5230,205,2370000,8650
HSS,HSS609.6X508X12.7,HSS609.6X508X12.7,214,25500,610,574,,508,472,12.7,11.8,40,48.6,,1440,5510,4700,237,1090,4870,4280,207,1920000,7000
HSS,HSS609.6X508X9.5,HSS609.6X508X9.5,162,19300,610,584,,508,483,9.53,8.86,54.3,65.8,,1100,4200,3610,239,832,3700,3280,208,1460000,5310
HSS,HSS609.6X508X7.9,HSS609.6X508X7.9,136,16200,610,587,,508,485,7.95,7.39,65.7,79.5,,928,3520,3050,240,703,3110,2770,209,1230000,4460
HSS,HSS609.6X457.2X19.0,HSS609.6X457.2X19.0,300,35700,610,556,,457,404,19.1,17.7,22.8,31.4,,1910,7470,6260,231,1220,6150,5360,185,2370000,9210
HSS,HSS609.6X457.2X15.9,HSS609.6X457.2X15.9,253,30100,610,566,,457,414,15.9,14.8,28,38.3,,1620,6330,5330,232,1040,5210,4570,186,2000000,7750
HSS,HSS609.6X457.2X12.7,HSS609.6X457.2X12.7,204,24300,610,574,,457,422,12.7,11.8,35.7,48.6,,1330,5150,4360,234,857,4230,3750,188,1630000,6280
HSS,HSS609.6X457.2X9.5,HSS609.6X457.2X9.5,155,18400,610,584,,457,432,9.53,8.86,48.6,65.8,,1020,3930,3340,235,658,3230,2880,189,1240000,4770
HSS,HSS609.6X457.2X7.9,HSS609.6X457.2X7.9,130,15400,610,587,,457,434,7.95,7.39,58.9,79.5,,857,3290,2820,236,554,2720,2430,190,1040000,4000
HSS,HSS609.6X406.4X19.0,HSS609.6X406.4X19.0,285,33900,610,556,,406,353,19.1,17.7,19.9,31.4,,1750,6950,5740,227,937,5260,4600,166,1950000,8130
HSS,HSS609.6X406.4X15.9,HSS609.6X406.4X15.9,240,28600,610,566,,406,363,15.9,14.8,24.5,38.3,,1490,5880,4880,228,799,4460,3930,167,1650000,6870
HSS,HSS609.6X406.4X12.7,HSS609.6X406.4X12.7,194,23100,610,574,,406,371,12.7,11.8,31.4,48.6,,1220,4790,4000,230,658,3640,3230,169,1340000,5570
HSS,HSS609.6X406.4X9.5,HSS609.6X406.4X9.5,147,17500,610,584,,406,381,9.53,8.86,42.8,65.8,,937,3650,3080,232,504,2770,2490,170,1020000,4230
HSS,HSS609.6X406.4X7.9,HSS609.6X406.4X7.9,123,14600,610,587,,406,384,7.95,7.39,52,79.5,,791,3080,2590,232,429,2340,2100,171,862000,3560
HSS,HSS609.6X355.6X19.0,HSS609.6X355.6X19.0,270,32100,610,556,,356,302,19.1,17.7,17.1,31.4,,1590,6410,5210,223,691,4420,3880,147,1550000,7060
HSS,HSS609.6X355.6X15.9,HSS609.6X355.6X15.9,228,27000,610,566,,356,312,15.9,14.8,21.1,38.3,,1360,5440,4460,224,591,3750,3330,148,1320000,5960
HSS,HSS609.6X355.6X12.7,HSS609.6X355.6X12.7,184,21900,610,574,,356,320,12.7,11.8,27.1,48.6,,1120,4420,3650,226,487,3060,2740,149,1070000,4850
HSS,HSS609.6X355.6X9.5,HSS609.6X355.6X9.5,140,16600,610,584,,356,330,9.53,8.86,37.1,65.8,,857,3390,2800,227,375,2340,2110,150,820000,3690
HSS,HSS609.6X355.6X7.9,HSS609.6X355.6X7.9,117,13900,610,587,,356,333,7.95,7.39,45.1,79.5,,724,2850,2380,228,318,1970,1790,151,691000,3100
HSS,HSS609.6X355.6X6.4,HSS609.6X355.6X6.4,94.1,11200,610,592,,356,338,6.35,5.92,57.1,100,,587,2290,1920,229,258,1600,1450,152,558000,2490
HSS,HSS609.6X304.8X25.4,HSS609.6X304.8X25.4,331,39500,610,538,,305,234,25.4,23.6,9.9,22.8,,1810,7520,5930,214,608,4620,3980,124,1510000,7730
HSS,HSS609.6X304.8X22.2,HSS609.6X304.8X22.2,294,35000,610,549,,305,243,22.2,20.7,11.7,26.5,,1630,6720,5340,216,549,4130,3610,125,1350000,6880
HSS,HSS609.6X304.8X19.0,HSS609.6X304.8X19.0,255,30400,610,556,,305,252,19.1,17.7,14.2,31.4,,1430,5880,4700,217,487,3620,3200,126,1190000,6000
HSS,HSS609.6X304.8X15.9,HSS609.6X304.8X15.9,215,25500,610,566,,305,262,15.9,14.8,17.7,38.4,,1220,4980,4020,219,416,3080,2740,128,1010000,5080
HSS,HSS609.6X304.8X12.7,HSS609.6X304.8X12.7,174,20700,610,574,,305,269,12.7,11.8,22.8,48.6,,1010,4060,3310,220,345,2520,2260,129,824000,4130
HSS,HSS609.6X304.8X9.5,HSS609.6X304.8X9.5,132,15700,610,584,,305,279,9.53,8.86,31.4,65.8,,774,3110,2540,222,267,1930,1750,131,633000,3150
HSS,HSS609.6X304.8X7.9,HSS609.6X304.8X7.9,111,13200,610,587,,305,282,7.95,7.39,38.2,79.5,,653,2620,2150,223,226,1630,1480,131,533000,2640
HSS,HSS609.6X304.8X6.4,HSS609.6X304.8X6.4,89.1,10600,610,592,,305,287,6.35,5.92,48.5,100,,533,2110,1740,224,184,1320,1210,132,429000,2130
HSS,HSS609.6X203.2X12.7,HSS609.6X203.2X12.7,154,18300,610,574,,203,168,12.7,11.8,14.2,48.6,,791,3360,2610,208,140,1530,1380,87.4,398000,2700
HSS,HSS609.6X203.2X9.5,HSS609.6X203.2X9.5,117,13900,610,584,,203,177,9.53,8.86,19.9,65.8,,612,2570,2020,210,109,1180,1080,88.9,308000,2060
HSS,HSS609.6X203.2X7.9,HSS609.6X203.2X7.9,98,11700,610,587,,203,181,7.95,7.39,24.5,79.5,,520,2160,1700,211,93.2,1000,918,89.4,260000,1740
HSS,HSS609.6X203.2X6.4,HSS609.6X203.2X6.4,78.9,9420,610,592,,203,185,6.35,5.92,31.3,100,,420,1750,1380,212,76.2,811,751,90.2,211000,1410
HSS,HSS558.8X558.8X25.4,HSS558.8X558.8X25.4,412,49200,559,488,,559,488,25.4,23.6,20.7,20.7,,2310,9770,8280,217,2310,9770,8280,217,3700000,13500
HSS,HSS558.8X558.8X22.2,HSS558.8X558.8X22.2,364,43400,559,498,,559,498,22.2,20.7,24.1,24.1,,2070,8690,7410,218,2070,8690,7410,218,3280000,11900
HSS,HSS558.8X558.8X19.0,HSS558.8X558.8X19.0,315,37600,559,505,,559,505,19.1,17.7,28.5,28.5,,1810,7570,6470,220,1810,7570,6470,220,2860000,10400
HSS,HSS558.8X558.8X15.9,HSS558.8X558.8X15.9,266,31500,559,516,,559,516,15.9,14.8,34.9,34.9,,1540,6390,5520,221,1540,6390,5520,221,2410000,8720
HSS,HSS558.8X558.8X12.7,HSS558.8X558.8X12.7,214,25500,559,523,,559,523,12.7,11.8,44.3,44.3,,1260,5190,4520,223,1260,5190,4520,223,1960000,7060
HSS,HSS558.8X508X19.0,HSS558.8X508X19.0,300,35700,559,505,,508,455,19.1,17.7,25.7,28.5,,1680,7080,6010,217,1450,6640,5720,201,2460000,9390
HSS,HSS558.8X508X15.9,HSS558.8X508X15.9,253,30100,559,516,,508,465,15.9,14.8,31.4,34.9,,1430,6000,5130,218,1240,5620,4870,203,2080000,7910
HSS,HSS558.8X508X12.7,HSS558.8X508X12.7,204,24300,559,523,,508,472,12.7,11.8,40,44.3,,1170,4870,4200,220,1020,4570,4000,204,1690000,6410
HSS,HSS558.8X508X9.5,HSS558.8X508X9.5,155,18400,559,533,,508,483,9.53,8.86,54.3,60,,899,3720,3210,221,778,3490,3060,206,1290000,4870
HSS,HSS558.8X508X7.9,HSS558.8X508X7.9,130,15400,559,536,,508,485,7.95,7.39,65.7,72.6,,758,3130,2720,222,658,2930,2590,207,1080000,4080
HSS,HSS558.8X457.2X19.0,HSS558.8X457.2X19.0,285,33900,559,505,,457,404,19.1,17.7,22.8,28.5,,1550,6590,5540,214,1140,5750,4980,183,2080000,8410
HSS,HSS558.8X457.2X15.9,HSS558.8X457.2X15.9,240,28600,559,516,,457,414,15.9,14.8,28,34.9,,1320,5590,4720,215,970,4870,4240,184,1760000,7100
HSS,HSS558.8X457.2X12.7,HSS558.8X457.2X12.7,194,23100,559,523,,457,422,12.7,11.8,35.7,44.3,,1080,4540,3870,216,795,3970,3490,186,1430000,5750
HSS,HSS558.8X457.2X9.5,HSS558.8X457.2X9.5,147,17500,559,533,,457,432,9.53,8.86,48.6,60,,832,3470,2980,218,612,3030,2690,187,1090000,4380
HSS,HSS558.8X457.2X7.9,HSS558.8X457.2X7.9,123,14600,559,536,,457,434,7.95,7.39,58.9,72.6,,699,2920,2510,219,516,2560,2260,188,916000,3670
HSS,HSS558.8X406.4X19.0,HSS558.8X406.4X19.0,270,32100,559,505,,406,353,19.1,17.7,19.9,28.5,,1420,6100,5060,210,866,4920,4260,164,1720000,7440
HSS,HSS558.8X406.4X15.9,HSS558.8X406.4X15.9,228,27000,559,516,,406,363,15.9,14.8,24.5,34.9,,1210,5180,4330,211,741,4160,3650,166,1460000,6280
HSS,HSS558.8X406.4X12.7,HSS558.8X406.4X12.7,184,21900,559,523,,406,371,12.7,11.8,31.4,44.3,,991,4210,3560,213,612,3390,3000,167,1190000,5100
HSS,HSS558.8X406.4X9.5,HSS558.8X406.4X9.5,140,16600,559,533,,406,381,9.53,8.86,42.8,60,,762,3230,2740,214,470,2610,2310,168,903000,3870
HSS,HSS558.8X406.4X7.9,HSS558.8X406.4X7.9,117,13900,559,536,,406,384,7.95,7.39,52,72.6,,645,2700,2310,215,397,2180,1950,169,762000,3240
HSS,HSS558.8X406.4X6.4,HSS558.8X406.4X6.4,94.1,11200,559,541,,406,389,6.35,5.92,65.7,91.4,,520,2200,1870,216,322,1770,1580,170,612000,2620
HSS,HSS558.8X355.6X19.0,HSS558.8X355.6X19.0,255,30400,559,505,,356,302,19.1,17.7,17.1,28.5,,1290,5620,4600,206,637,4110,3590,145,1370000,6460
HSS,HSS558.8X355.6X15.9,HSS558.8X355.6X15.9,215,25500,559,516,,356,312,15.9,14.8,21.1,34.9,,1100,4770,3930,207,549,3490,3080,146,1170000,5460
HSS,HSS558.8X355.6X12.7,HSS558.8X355.6X12.7,174,20700,559,523,,356,320,12.7,11.8,27.1,44.3,,903,3880,3230,209,450,2850,2540,148,953000,4440
HSS,HSS558.8X355.6X9.5,HSS558.8X355.6X9.5,132,15700,559,533,,356,330,9.53,8.86,37.1,60,,695,2980,2490,211,348,2200,1970,149,728000,3380
HSS,HSS558.8X355.6X7.9,HSS558.8X355.6X7.9,111,13200,559,536,,356,333,7.95,7.39,45.1,72.6,,587,2510,2100,211,295,1840,1660,150,612000,2830
HSS,HSS558.8X355.6X6.4,HSS558.8X355.6X6.4,89.1,10600,559,541,,356,338,6.35,5.92,57.1,91.4,,475,2020,1700,212,239,1490,1350,150,495000,2290
HSS,HSS558.8X254X15.9,HSS558.8X254X15.9,190,22600,559,516,,254,210,15.9,14.8,14.2,34.9,,878,3950,3130,197,256,2280,2020,106,649000,3830
HSS,HSS558.8X254X12.7,HSS558.8X254X12.7,154,18300,559,523,,254,219,12.7,11.8,18.5,44.3,,724,3230,2590,199,212,1870,1670,108,533000,3130
HSS,HSS558.8X254X9.5,HSS558.8X254X9.5,117,13900,559,533,,254,227,9.53,8.86,25.7,60,,558,2470,2000,201,165,1440,1300,109,410000,2390
HSS,HSS558.8X254X7.9,HSS558.8X254X7.9,98,11700,559,536,,254,232,7.95,7.39,31.4,72.6,,475,2100,1690,201,140,1210,1100,110,346000,2020
HSS,HSS558.8X254X6.4,HSS558.8X254X6.4,78.9,9420,559,541,,254,236,6.35,5.92,39.9,91.4,,384,1690,1370,202,114,983,901,110,281000,1620
HSS,HSS508X508X25.4,HSS508X508X25.4,372,44300,508,437,,508,437,25.4,23.6,18.5,18.5,,1710,7960,6720,196,1710,7960,6720,196,2750000,11000
HSS,HSS508X508X22.2,HSS508X508X22.2,329,39200,508,447,,508,447,22.2,20.7,21.6,21.6,,1530,7100,6020,197,1530,7100,6020,197,2440000,9780
HSS,HSS508X508X19.0,HSS508X508X19.0,285,33900,508,455,,508,455,19.1,17.7,25.6,25.6,,1340,6200,5290,199,1340,6200,5290,199,2130000,8510
HSS,HSS508X508X15.9,HSS508X508X15.9,240,28600,508,465,,508,465,15.9,14.8,31.5,31.5,,1140,5240,4510,200,1140,5240,4510,200,1800000,7160
HSS,HSS508X508X12.7,HSS508X508X12.7,194,23100,508,472,,508,472,12.7,11.8,40,40,,941,4280,3700,202,941,4280,3700,202,1460000,5820
HSS,HSS508X508X9.5,HSS508X508X9.5,147,17500,508,483,,508,483,9.53,8.86,54.3,54.3,,724,3260,2850,203,724,3260,2850,203,1120000,4410
HSS,HSS508X508X7.9,HSS508X508X7.9,123,14600,508,485,,508,485,7.95,7.39,65.7,65.7,,608,2740,2390,204,608,2740,2390,204,937000,3700
HSS,HSS508X406.4X19.0,HSS508X406.4X19.0,255,30400,508,455,,406,353,19.1,17.7,19.9,25.7,,1130,5310,4440,193,799,4560,3930,162,1490000,6740
HSS,HSS508X406.4X15.9,HSS508X406.4X15.9,215,25500,508,465,,406,363,15.9,14.8,24.5,31.4,,966,4510,3800,194,683,3870,3380,164,1270000,5690
HSS,HSS508X406.4X12.7,HSS508X406.4X12.7,174,20700,508,472,,406,371,12.7,11.8,31.4,40,,791,3670,3110,196,562,3160,2770,165,1030000,4620
HSS,HSS508X406.4X9.5,HSS508X406.4X9.5,132,15700,508,483,,406,381,9.53,8.86,42.8,54.3,,612,2820,2410,197,433,2430,2130,166,787000,3520
HSS,HSS508X406.4X7.9,HSS508X406.4X7.9,111,13200,508,485,,406,384,7.95,7.39,52,65.7,,516,2360,2030,198,367,2030,1800,167,662000,2950
HSS,HSS508X406.4X6.4,HSS508X406.4X6.4,89.1,10600,508,490,,406,389,6.35,5.92,65.7,82.8,,416,1920,1640,199,298,1640,1470,168,533000,2380
HSS,HSS508X304.8X25.4,HSS508X304.8X25.4,291,34700,508,437,,305,234,25.4,23.6,9.9,18.5,,1140,5640,4490,181,512,3950,3360,121,1170000,6390
HSS,HSS508X304.8X22.2,HSS508X304.8X22.2,258,30800,508,447,,305,243,22.2,20.7,11.7,21.6,,1030,5050,4060,183,462,3540,3050,123,1050000,5690
HSS,HSS508X304.8X19.0,HSS508X304.8X19.0,224,26800,508,455,,305,252,19.1,17.7,14.2,25.6,,911,4430,3590,184,411,3110,2700,124,924000,4970
HSS,HSS508X304.8X15.9,HSS508X304.8X15.9,189,22600,508,465,,305,262,15.9,14.8,17.7,31.4,,783,3770,3080,186,354,2650,2330,125,787000,4210
HSS,HSS508X304.8X12.7,HSS508X304.8X12.7,153,18300,508,472,,305,269,12.7,11.8,22.8,40,,645,3080,2540,188,293,2160,1920,127,641000,3420
HSS,HSS508X304.8X9.5,HSS508X304.8X9.5,117,13900,508,483,,305,279,9.53,8.86,31.4,54.3,,499,2360,1970,189,228,1670,1490,128,491000,2620
HSS,HSS508X304.8X7.9,HSS508X304.8X7.9,97.9,11700,508,485,,305,282,7.94,7.39,38.2,65.7,,420,2000,1660,190,193,1410,1270,129,415000,2200
HSS,HSS508X203.2X25.4,HSS508X203.2X25.4,250,29900,508,437,,203,132,25.4,23.6,5.6,18.5,,857,4470,3380,169,196,2310,1930,81,549000,4060
HSS,HSS508X203.2X22.2,HSS508X203.2X22.2,223,26600,508,447,,203,141,22.2,20.7,6.83,21.6,,783,4030,3080,171,180,2080,1770,82.3,499000,3640
HSS,HSS508X203.2X19.0,HSS508X203.2X19.0,194,23200,508,455,,203,150,19.1,17.7,8.46,25.7,,695,3540,2740,173,161,1840,1590,83.6,441000,3200
HSS,HSS508X203.2X15.9,HSS508X203.2X15.9,164,19500,508,465,,203,159,15.9,14.8,10.8,31.4,,599,3030,2360,175,141,1580,1390,84.8,381000,2740
HSS,HSS508X203.2X12.7,HSS508X203.2X12.7,133,15900,508,472,,203,168,12.7,11.8,14.2,40,,495,2490,1950,177,118,1300,1160,86.1,315000,2250
HSS,HSS508X203.2X9.5,HSS508X203.2X9.5,102,12100,508,483,,203,177,9.53,8.86,19.9,54.3,,385,1920,1520,179,92.4,1010,911,87.4,244000,1720
HSS,HSS508X203.2X7.9,HSS508X203.2X7.9,85.3,10100,508,485,,203,181,7.94,7.39,24.5,65.7,,327,1620,1290,180,78.7,852,777,88.1,206000,1450
HSS,HSS508X152.4X15.9,HSS508X152.4X15.9,152,18100,508,465,,152,108,15.9,14.8,7.33,31.4,,508,2650,2000,168,72.8,1100,957,63.5,220000,2000
HSS,HSS508X152.4X12.7,HSS508X152.4X12.7,123,14700,508,472,,152,117,12.7,11.8,9.9,40,,425,2200,1670,170,61.6,914,810,64.8,184000,1640
HSS,HSS508X152.4X9.5,HSS508X152.4X9.5,94.1,11200,508,483,,152,126,9.53,8.86,14.2,54.3,,330,1690,1300,172,49.1,711,642,66,144000,1270
HSS,HSS508X152.4X7.9,HSS508X152.4X7.9,79,9420,508,485,,152,130,7.95,7.39,17.6,65.7,,280,1430,1100,172,42,605,551,66.8,122000,1070
HSS,HSS508X152.4X6.4,HSS508X152.4X6.4,63.8,7610,508,490,,152,135,6.35,5.92,22.8,82.8,,229,1160,900,173,34.5,492,452,67.6,99900,870
HSS,HSS508X101.6X12.7,HSS508X101.6X12.7,113,13500,508,472,,102,66,12.7,11.8,5.6,40,,349,1880,1370,161,24.4,557,480,42.7,81200,1050
HSS,HSS508X101.6X9.5,HSS508X101.6X9.5,86.4,10300,508,483,,102,74.9,9.53,8.86,8.46,54.3,,273,1460,1080,163,19.8,439,390,43.9,64900,818
HSS,HSS508X101.6X7.9,HSS508X101.6X7.9,72.7,8650,508,485,,102,79.5,7.94,7.39,10.7,65.7,,233,1240,918,164,17.1,375,338,44.5,55800,695
HSS,HSS508X101.6X6.4,HSS508X101.6X6.4,58.7,6970,508,490,,102,83.8,6.35,5.92,14.2,82.8,,191,1010,751,165,14.3,306,280,45.2,46200,569
HSS,HSS457.2X457.2X25.4,HSS457.2X457.2X25.4,331,39500,457,386,,457,386,25.4,23.6,16.4,16.4,,1220,6340,5310,175,1220,6340,5310,175,1970000,8830
HSS,HSS457.2X457.2X22.2,HSS457.2X457.2X22.2,293,35000,457,396,,457,396,22.2,20.7,19.2,19.2,,1090,5670,4790,177,1090,5670,4790,177,1760000,7850
HSS,HSS457.2X457.2X19.0,HSS457.2X457.2X19.0,255,30400,457,404,,457,404,19.1,17.7,22.8,22.8,,966,4950,4230,178,966,4950,4230,178,1540000,6830
HSS,HSS457.2X457.2X15.9,HSS457.2X457.2X15.9,215,25500,457,414,,457,414,15.9,14.8,28.1,28.1,,824,4210,3610,180,824,4210,3610,180,1300000,5770
HSS,HSS457.2X457.2X12.7,HSS457.2X457.2X12.7,174,20700,457,422,,457,422,12.7,11.8,35.7,35.7,,678,3440,2970,181,678,3440,2970,181,1060000,4690
HSS,HSS457.2X457.2X9.5,HSS457.2X457.2X9.5,132,15700,457,432,,457,432,9.53,8.86,48.6,48.6,,520,2620,2280,182,520,2620,2280,182,807000,3560
HSS,HSS457.2X457.2X7.9,HSS457.2X457.2X7.9,111,13200,457,434,,457,434,7.95,7.39,58.9,58.9,,441,2210,1930,183,441,2210,1930,183,678000,2980
HSS,HSS457.2X457.2X6.4,HSS457.2X457.2X6.4,89.1,10600,457,439,,457,439,6.35,5.92,74.3,74.3,,358,1790,1570,184,358,1790,1570,184,549000,2410
HSS,HSS457.2X254X15.9,HSS457.2X254X15.9,164,19500,457,414,,254,210,15.9,14.8,14.2,28,,533,2880,2330,165,213,1920,1670,104,495000,3110
HSS,HSS457.2X254X12.7,HSS457.2X254X12.7,133,15900,457,422,,254,219,12.7,11.8,18.5,35.7,,441,2360,1920,166,177,1580,1390,106,407000,2540
HSS,HSS457.2X254X9.5,HSS457.2X254X9.5,102,12100,457,432,,254,227,9.53,8.86,25.7,48.6,,341,1820,1490,168,138,1220,1090,107,313000,1950
HSS,HSS457.2X254X7.9,HSS457.2X254X7.9,85.4,10100,457,434,,254,232,7.95,7.39,31.4,58.9,,289,1540,1270,169,117,1030,924,107,264000,1640
HSS,HSS457.2X254X6.4,HSS457.2X254X6.4,68.8,8190,457,439,,254,236,6.35,5.92,39.9,74.3,,236,1250,1030,170,95.7,834,755,108,214000,1320
HSS,HSS457.2X203.2X15.9,HSS457.2X203.2X15.9,152,18100,457,414,,203,159,15.9,14.8,10.8,28,,458,2560,2000,159,127,1440,1260,84.1,332000,2440
HSS,HSS457.2X203.2X12.7,HSS457.2X203.2X12.7,123,14700,457,422,,203,168,12.7,11.8,14.2,35.7,,380,2100,1660,161,107,1190,1050,85.3,274000,2000
HSS,HSS457.2X203.2X9.5,HSS457.2X203.2X9.5,94.1,11200,457,432,,203,177,9.53,8.86,19.9,48.6,,296,1620,1290,163,84.1,919,828,86.6,212000,1540
HSS,HSS457.2X203.2X7.9,HSS457.2X203.2X7.9,79,9420,457,434,,203,181,7.95,7.39,24.5,58.9,,251,1370,1100,164,71.6,778,705,87.4,180000,1300
HSS,HSS457.2X203.2X6.4,HSS457.2X203.2X6.4,63.8,7610,457,439,,203,185,6.35,5.92,31.3,74.3,,205,1110,896,164,58.7,633,577,87.9,146000,1050
HSS,HSS457.2X152.4X19.0,HSS457.2X152.4X19.0,164,19500,457,404,,152,99.3,19.1,17.7,5.6,22.8,,441,2590,1930,150,74.5,1150,977,61.7,221000,2080
HSS,HSS457.2X152.4X15.9,HSS457.2X152.4X15.9,139,16600,457,414,,152,108,15.9,14.8,7.33,28,,384,2210,1690,152,65.8,1000,864,63,192000,1790
HSS,HSS457.2X152.4X12.7,HSS457.2X152.4X12.7,113,13500,457,422,,152,117,12.7,11.8,9.9,35.7,,320,1840,1400,154,55.8,831,731,64.3,161000,1470
HSS,HSS457.2X152.4X9.5,HSS457.2X152.4X9.5,86.4,10300,457,432,,152,126,9.53,8.86,14.2,48.6,,251,1420,1100,156,44.1,647,582,65.5,126000,1140
HSS,HSS457.2X152.4X7.9,HSS457.2X152.4X7.9,72.7,8650,457,434,,152,130,7.94,7.39,17.6,58.9,,214,1200,934,157,38,549,498,66.3,107000,962
HSS,HSS457.2X152.4X6.4,HSS457.2X152.4X6.4,58.7,6970,457,439,,152,135,6.35,5.92,22.8,74.3,,174,973,762,158,31.3,447,410,66.8,87400,782
HSS,HSS406.4X406.4X25.4,HSS406.4X406.4X25.4,291,34700,406,335,,406,335,25.4,23.6,14.2,14.2,,828,4920,4080,155,828,4920,4080,155,1360000,6870
HSS,HSS406.4X406.4X22.2,HSS406.4X406.4X22.2,258,30800,406,345,,406,345,22.2,20.7,16.7,16.7,,749,4390,3690,156,749,4390,3690,156,1220000,6110
HSS,HSS406.4X406.4X19.0,HSS406.4X406.4X19.0,224,26800,406,353,,406,353,19.1,17.7,19.9,19.9,,662,3850,3260,157,662,3850,3260,157,1070000,5340
HSS,HSS406.4X406.4X15.9,HSS406.4X406.4X15.9,189,22600,406,363,,406,363,15.9,14.8,24.5,24.5,,570,3280,2800,159,570,3280,2800,159,903000,4520
HSS,HSS406.4X406.4X12.7,HSS406.4X406.4X12.7,153,18300,406,371,,406,371,12.7,11.8,31.4,31.4,,470,2690,2310,160,470,2690,2310,160,737000,3670
HSS,HSS406.4X406.4X9.5,HSS406.4X406.4X9.5,117,13900,406,381,,406,381,9.53,8.86,42.8,42.8,,363,2060,1790,162,363,2060,1790,162,562000,2800
HSS,HSS406.4X406.4X7.9,HSS406.4X406.4X7.9,97.9,11700,406,384,,406,384,7.94,7.39,52,52,,308,1740,1510,162,308,1740,1510,162,475000,2360
HSS,HSS406.4X406.4X6.4,HSS406.4X406.4X6.4,78.9,9420,406,389,,406,389,6.35,5.92,65.7,65.7,,250,1410,1230,163,250,1410,1230,163,383000,1900
HSS,HSS406.4X304.8X25.4,HSS406.4X304.8X25.4,250,29900,406,335,,305,234,25.4,23.6,9.9,14.2,,653,4000,3210,148,416,3280,2740,118,845000,5030
HSS,HSS406.4X304.8X22.2,HSS406.4X304.8X22.2,223,26600,406,345,,305,243,22.2,20.7,11.7,16.7,,595,3590,2920,149,379,2930,2490,119,762000,4490
HSS,HSS406.4X304.8X19.0,HSS406.4X304.8X19.0,194,23200,406,353,,305,252,19.1,17.7,14.2,19.9,,529,3160,2610,151,337,2590,2210,121,670000,3930
HSS,HSS406.4X304.8X15.9,HSS406.4X304.8X15.9,164,19500,406,363,,305,262,15.9,14.8,17.7,24.5,,454,2700,2230,152,291,2210,1920,122,570000,3340
HSS,HSS406.4X304.8X12.7,HSS406.4X304.8X12.7,133,15900,406,371,,305,269,12.7,11.8,22.8,31.4,,376,2210,1850,154,242,1820,1590,123,466000,2720
HSS,HSS406.4X304.8X9.5,HSS406.4X304.8X9.5,102,12100,406,381,,305,279,9.53,8.86,31.4,42.8,,292,1700,1440,155,188,1400,1230,125,359000,2080
HSS,HSS406.4X304.8X7.9,HSS406.4X304.8X7.9,85.4,10100,406,384,,305,282,7.94,7.39,38.2,52,,248,1440,1220,156,160,1180,1050,125,303000,1750
HSS,HSS406.4X254X15.9,HSS406.4X254X15.9,152,18100,406,363,,254,210,15.9,14.8,14.2,24.5,,397,2410,1950,148,191,1740,1500,103,420000,2750
HSS,HSS406.4X254X12.7,HSS406.4X254X12.7,123,14700,406,371,,254,219,12.7,11.8,18.5,31.4,,330,1980,1620,150,159,1430,1260,104,345000,2250
HSS,HSS406.4X254X9.5,HSS406.4X254X9.5,94.1,11200,406,381,,254,227,9.53,8.86,25.7,42.8,,256,1520,1260,151,124,1100,982,105,266000,1720
HSS,HSS406.4X254X7.9,HSS406.4X254X7.9,79,9420,406,384,,254,232,7.95,7.39,31.4,52,,218,1290,1070,152,106,934,834,106,224000,1450
HSS,HSS406.4X254X6.4,HSS406.4X254X6.4,63.8,7610,406,389,,254,236,6.35,5.92,39.9,65.7,,177,1040,873,153,86.6,759,682,107,182000,1170
HSS,HSS406.4X203.2X22.2,HSS406.4X203.2X22.2,187,22400,406,345,,203,141,22.2,20.7,6.83,16.7,,437,2790,2150,140,145,1700,1430,80.5,370000,2880
HSS,HSS406.4X203.2X19.0,HSS406.4X203.2X19.0,164,19500,406,353,,203,150,19.1,17.7,8.46,19.9,,391,2460,1920,141,131,1510,1280,81.8,329000,2540
HSS,HSS406.4X203.2X15.9,HSS406.4X203.2X15.9,139,16600,406,363,,203,159,15.9,14.8,10.8,24.5,,339,2110,1670,143,114,1300,1120,83.1,283000,2160
HSS,HSS406.4X203.2X12.7,HSS406.4X203.2X12.7,113,13500,406,371,,203,168,12.7,11.8,14.2,31.4,,283,1740,1390,145,95.7,1070,944,84.3,234000,1770
HSS,HSS406.4X203.2X9.5,HSS406.4X203.2X9.5,86.4,10300,406,381,,203,177,9.53,8.86,19.9,42.8,,221,1350,1090,147,75.3,832,742,85.6,181000,1370
HSS,HSS406.4X203.2X7.9,HSS406.4X203.2X7.9,72.7,8650,406,384,,203,181,7.94,7.39,24.5,52,,188,1140,924,147,64.5,705,634,86.4,154000,1150
HSS,HSS406.4X203.2X6.4,HSS406.4X203.2X6.4,58.7,6970,406,389,,203,185,6.35,5.92,31.3,65.7,,153,924,755,148,52.9,574,519,86.9,125000,934
HSS,HSS406.4X152.4X15.9,HSS406.4X152.4X15.9,126,15000,406,363,,152,108,15.9,14.8,7.33,24.5,,282,1820,1390,137,58.7,896,769,62.5,166000,1580
HSS,HSS406.4X152.4X12.7,HSS406.4X152.4X12.7,103,12300,406,371,,152,117,12.7,11.8,9.9,31.4,,236,1500,1160,139,49.9,746,654,63.8,139000,1300
HSS,HSS406.4X152.4X9.5,HSS406.4X152.4X9.5,78.9,9420,406,381,,152,126,9.53,8.86,14.2,42.8,,185,1170,911,140,39.7,582,521,65,108000,1010
HSS,HSS406.4X152.4X7.9,HSS406.4X152.4X7.9,66.4,7870,406,384,,152,130,7.95,7.39,17.6,52,,158,988,777,141,34,495,447,65.5,92400,854
HSS,HSS406.4X152.4X6.4,HSS406.4X152.4X6.4,53.6,6390,406,389,,152,135,6.35,5.92,22.8,65.7,,129,803,636,142,28.1,405,369,66.3,75300,693
HSS,HSS406.4X152.4X4.8,HSS406.4X152.4X4.8,40.6,4810,406,394,,152,139,4.78,4.42,31.5,89,,98.6,610,485,143,21.6,308,283,67.1,57400,526
HSS,HSS406.4X101.6X15.9,HSS406.4X101.6X15.9,113,13500,406,363,,102,57.4,15.9,14.8,3.88,24.5,,224,1520,1100,129,22.5,533,442,40.6,72400,991
HSS,HSS406.4X101.6X12.7,HSS406.4X101.6X12.7,92.7,11100,406,371,,102,66,12.7,11.8,5.6,31.4,,189,1270,932,131,19.6,449,385,41.9,62400,831
HSS,HSS406.4X101.6X9.5,HSS406.4X101.6X9.5,71.2,8520,406,381,,102,74.9,9.53,8.86,8.46,42.8,,150,987,737,133,15.9,356,313,43.4,49900,651
HSS,HSS406.4X101.6X7.9,HSS406.4X101.6X7.9,60,7160,406,384,,102,79.5,7.94,7.39,10.7,52,,128,837,631,134,13.8,303,272,43.9,42900,554
HSS,HSS406.4X101.6X6.4,HSS406.4X101.6X6.4,48.6,5780,406,389,,102,83.8,6.35,5.92,14.2,65.7,,105,683,518,135,11.5,249,226,44.7,35500,452
HSS,HSS406.4X101.6X4.8,HSS406.4X101.6X4.8,36.7,4360,406,394,,102,88.4,4.76,4.42,20,89,,80.3,519,397,136,8.95,192,177,45.2,27300,346
HSS,HSS355.6X355.6X25.4,HSS355.6X355.6X25.4,250,29900,356,284,,356,284,25.4,23.6,12.1,12.1,,537,3670,3020,134,537,3670,3020,134,887000,5160
HSS,HSS355.6X355.6X22.2,HSS355.6X355.6X22.2,223,26600,356,295,,356,295,22.2,20.7,14.3,14.3,,487,3290,2740,135,487,3290,2740,135,795000,4610
HSS,HSS355.6X355.6X19.0,HSS355.6X355.6X19.0,194,23200,356,302,,356,302,19.1,17.7,17,17,,433,2900,2440,137,433,2900,2440,137,699000,4030
HSS,HSS355.6X355.6X15.9,HSS355.6X355.6X15.9,164,19500,356,312,,356,312,15.9,14.8,21.1,21.1,,373,2470,2100,138,373,2470,2100,138,595000,3410
HSS,HSS355.6X355.6X12.7,HSS355.6X355.6X12.7,133,15900,356,320,,356,320,12.7,11.8,27.1,27.1,,309,2030,1740,139,309,2030,1740,139,487000,2790
HSS,HSS355.6X355.6X9.5,HSS355.6X355.6X9.5,102,12100,356,330,,356,330,9.53,8.86,37.1,37.1,,240,1560,1350,141,240,1560,1350,141,375000,2130
HSS,HSS355.6X355.6X7.9,HSS355.6X355.6X7.9,85.3,10100,356,333,,356,333,7.94,7.39,45.1,45.1,,204,1320,1150,142,204,1320,1150,142,316000,1790
HSS,HSS355.6X355.6X6.4,HSS355.6X355.6X6.4,68.8,8190,356,338,,356,338,6.35,5.92,57.1,57.1,,166,1070,934,142,166,1070,934,142,256000,1450
HSS,HSS355.6X304.8X15.9,HSS355.6X304.8X15.9,152,18100,356,312,,305,262,15.9,14.8,17.7,21.1,,330,2210,1850,135,260,2000,1700,120,466000,2900
HSS,HSS355.6X304.8X12.7,HSS355.6X304.8X12.7,123,14700,356,320,,305,269,12.7,11.8,22.8,27.1,,274,1820,1540,137,216,1640,1420,121,383000,2380
HSS,HSS355.6X304.8X9.5,HSS355.6X304.8X9.5,94.1,11200,356,330,,305,279,9.53,8.86,31.4,37.1,,213,1410,1200,138,169,1270,1100,123,295000,1820
HSS,HSS355.6X304.8X7.9,HSS355.6X304.8X7.9,79,9420,356,333,,305,282,7.95,7.39,38.2,45.1,,181,1190,1020,139,143,1070,939,123,249000,1530
HSS,HSS355.6X304.8X6.4,HSS355.6X304.8X6.4,63.8,7610,356,338,,305,287,6.35,5.92,48.5,57.1,,147,965,829,139,117,869,765,124,201000,1240
HSS,HSS355.6X254X22.2,HSS355.6X254X22.2,187,22400,356,295,,254,192,22.2,20.7,9.29,14.2,,369,2590,2080,128,217,2050,1700,98.6,458000,3200
HSS,HSS355.6X254X19.0,HSS355.6X254X19.0,164,19500,356,302,,254,201,19.1,17.7,11.3,17.1,,330,2290,1850,130,195,1820,1530,99.8,404000,2800
HSS,HSS355.6X254X15.9,HSS355.6X254X15.9,139,16600,356,312,,254,210,15.9,14.8,14.2,21.1,,286,1970,1610,131,169,1560,1340,101,346000,2390
HSS,HSS355.6X254X12.7,HSS355.6X254X12.7,113,13500,356,320,,254,218,12.7,11.8,18.5,27.1,,239,1620,1340,133,142,1290,1120,103,285000,1970
HSS,HSS355.6X254X9.5,HSS355.6X254X9.5,86.4,10300,356,330,,254,227,9.53,8.86,25.7,37.1,,186,1250,1050,134,111,995,875,104,220000,1500
HSS,HSS355.6X254X7.9,HSS355.6X254X7.9,72.7,8650,356,333,,254,232,7.94,7.39,31.4,45.1,,158,1060,890,135,94.5,842,746,105,186000,1270
HSS,HSS355.6X254X6.4,HSS355.6X254X6.4,58.7,6970,356,338,,254,236,6.35,5.92,39.9,57.1,,129,859,726,136,77.4,685,610,105,151000,1030
HSS,HSS355.6X203.2X15.9,HSS355.6X203.2X15.9,126,15000,356,312,,203,159,15.9,14.8,10.8,21.1,,242,1700,1360,127,101,1160,993,81.8,236000,1880
HSS,HSS355.6X203.2X12.7,HSS355.6X203.2X12.7,103,12300,356,320,,203,168,12.7,11.8,14.2,27.1,,203,1410,1140,129,84.9,959,836,83.1,195000,1550
HSS,HSS355.6X203.2X9.5,HSS355.6X203.2X9.5,78.9,9420,356,330,,203,177,9.53,8.86,19.9,37.1,,159,1090,895,130,67,746,659,84.3,151000,1190
HSS,HSS355.6X203.2X7.9,HSS355.6X203.2X7.9,66.4,7870,356,333,,203,181,7.95,7.39,24.5,45.1,,135,928,762,131,57.4,633,564,85.1,128000,1010
HSS,HSS355.6X203.2X6.4,HSS355.6X203.2X6.4,53.6,6390,356,338,,203,185,6.35,5.92,31.3,57.1,,111,754,623,132,47,515,462,85.9,104000,816
HSS,HSS355.6X203.2X4.8,HSS355.6X203.2X4.8,40.6,4810,356,343,,203,190,4.78,4.42,43,77.5,,84.5,572,475,133,36,390,354,86.4,79100,616
HSS,HSS355.6X152.4X15.9,HSS355.6X152.4X15.9,113,13500,356,312,,152,108,15.9,14.8,7.33,21.1,,199,1450,1120,121,51.6,793,675,61.7,139000,1370
HSS,HSS355.6X152.4X12.7,HSS355.6X152.4X12.7,92.7,11100,356,320,,152,117,12.7,11.8,9.9,27.1,,167,1210,941,123,43.7,662,575,63,116000,1140
HSS,HSS355.6X152.4X9.5,HSS355.6X152.4X9.5,71.2,8520,356,330,,152,126,9.53,8.86,14.2,37.1,,132,939,742,125,35,518,459,64.3,91200,880
HSS,HSS355.6X152.4X7.9,HSS355.6X152.4X7.9,60,7160,356,333,,152,130,7.94,7.39,17.6,45.1,,113,796,634,125,30.1,441,395,64.8,77400,746
HSS,HSS355.6X152.4X6.4,HSS355.6X152.4X6.4,48.6,5780,356,338,,152,135,6.35,5.92,22.8,57.1,,92.4,649,519,126,24.8,361,326,65.5,63300,605
HSS,HSS355.6X152.4X4.8,HSS355.6X152.4X4.8,36.7,4360,356,343,,152,139,4.76,4.42,31.5,77.5,,70.8,493,398,127,19.1,274,251,66.3,48300,459
HSS,HSS355.6X101.6X15.9,HSS355.6X101.6X15.9,101,12100,356,312,,102,57.4,15.9,14.8,3.88,21.1,,155,1200,873,114,19.6,467,387,40.4,61600,862
HSS,HSS355.6X101.6X12.7,HSS355.6X101.6X12.7,82.6,9870,356,320,,102,66,12.7,11.8,5.6,27.1,,132,1000,742,116,17.1,395,338,41.7,52900,723
HSS,HSS355.6X101.6X9.5,HSS355.6X101.6X9.5,63.6,7610,356,330,,102,74.9,9.53,8.86,8.46,37.1,,105,783,590,118,14,313,275,42.9,42500,567
HSS,HSS355.6X101.6X7.9,HSS355.6X101.6X7.9,53.7,6400,356,333,,102,79.5,7.94,7.39,10.7,45.1,,89.9,665,506,119,12.2,269,239,43.7,36500,483
HSS,HSS355.6X101.6X6.4,HSS355.6X101.6X6.4,43.5,5180,356,338,,102,83.8,6.35,5.92,14.2,57.1,,74.1,544,416,120,10.2,221,200,44.2,30100,395
HSS,HSS355.6X101.6X4.8,HSS355.6X101.6X4.8,32.9,3910,356,343,,102,88.4,4.76,4.42,20,77.5,,57,415,320,120,7.91,169,155,45,23200,302
HSS,HSS304.8X304.8X25.4,HSS304.8X304.8X25.4,210,25200,305,234,,305,234,25.4,23.6,9.9,9.9,,321,2590,2110,113,321,2590,2110,113,541000,3690
HSS,HSS304.8X304.8X22.2,HSS304.8X304.8X22.2,187,22400,305,243,,305,243,22.2,20.7,11.7,11.7,,294,2340,1930,115,294,2340,1930,115,487000,3310
HSS,HSS304.8X304.8X19.0,HSS304.8X304.8X19.0,164,19500,305,252,,305,252,19.1,17.7,14.2,14.2,,263,2080,1720,116,263,2080,1720,116,429000,2900
HSS,HSS304.8X304.8X15.9,HSS304.8X304.8X15.9,139,16600,305,262,,305,262,15.9,14.8,17.7,17.7,,228,1790,1500,117,228,1790,1500,117,368000,2470
HSS,HSS304.8X304.8X12.7,HSS304.8X304.8X12.7,113,13500,305,269,,305,269,12.7,11.8,22.8,22.8,,190,1470,1250,119,190,1470,1250,119,303000,2020
HSS,HSS304.8X304.8X9.5,HSS304.8X304.8X9.5,86.3,10300,305,279,,305,279,9.53,8.86,31.4,31.4,,149,1130,975,120,149,1130,975,120,234000,1550
HSS,HSS304.8X304.8X7.9,HSS304.8X304.8X7.9,72.6,8650,305,282,,305,282,7.94,7.39,38.2,38.2,,127,960,831,121,127,960,831,121,197000,1310
HSS,HSS304.8X304.8X6.4,HSS304.8X304.8X6.4,58.6,6970,305,287,,305,287,6.35,5.92,48.5,48.5,,103,780,678,122,103,780,678,122,160000,1060
HSS,HSS304.8X304.8X4.8,HSS304.8X304.8X4.8,44.4,5260,305,292,,305,292,4.76,4.42,66,66,,78.7,590,516,122,78.7,590,516,122,121000,796
HSS,HSS304.8X254X15.9,HSS304.8X254X15.9,126,15000,305,262,,254,210,15.9,14.8,14.2,17.7,,196,1560,1290,114,148,1380,1170,99.1,275000,2030
HSS,HSS304.8X254X12.7,HSS304.8X254X12.7,103,12300,305,269,,254,218,12.7,11.8,18.5,22.8,,164,1290,1080,116,124,1140,978,101,227000,1670
HSS,HSS304.8X254X9.5,HSS304.8X254X9.5,78.8,9420,305,279,,254,227,9.53,8.86,25.7,31.4,,129,1000,846,117,97.4,885,769,102,175000,1280
HSS,HSS304.8X254X7.9,HSS304.8X254X7.9,66.4,7870,305,282,,254,232,7.94,7.39,31.4,38.2,,110,847,721,118,83.2,749,655,103,148000,1080
HSS,HSS304.8X254X6.4,HSS304.8X254X6.4,53.6,6390,305,287,,254,236,6.35,5.92,39.9,48.5,,89.9,690,590,119,68.3,610,536,103,120000,877
HSS,HSS304.8X254X4.8,HSS304.8X254X4.8,40.6,4810,305,292,,254,241,4.78,4.42,54.5,66,,68.7,523,451,119,52,462,410,104,91200,662
HSS,HSS304.8X203.2X15.9,HSS304.8X203.2X15.9,113,13500,305,262,,203,159,15.9,14.8,10.8,17.7,,165,1350,1080,110,87.4,1010,860,80.3,189000,1600
HSS,HSS304.8X203.2X12.7,HSS304.8X203.2X12.7,92.7,11100,305,269,,203,168,12.7,11.8,14.2,22.8,,139,1120,911,112,74.1,844,728,81.5,157000,1320
HSS,HSS304.8X203.2X9.5,HSS304.8X203.2X9.5,71.2,8520,305,279,,203,177,9.53,8.86,19.9,31.4,,109,869,716,114,58.3,657,575,83.1,122000,1020
HSS,HSS304.8X203.2X7.9,HSS304.8X203.2X7.9,60.1,7160,305,282,,203,181,7.94,7.39,24.5,38.2,,93.2,736,613,114,49.9,559,493,83.6,103000,859
HSS,HSS304.8X203.2X6.4,HSS304.8X203.2X6.4,48.5,5780,305,287,,203,185,6.35,5.92,31.3,48.5,,76.6,600,501,115,41.1,456,405,84.3,84100,696
HSS,HSS304.8X203.2X4.8,HSS304.8X203.2X4.8,36.9,4360,305,292,,203,190,4.77,4.42,43,66,,58.3,456,383,116,31.5,346,310,85.1,63700,528
HSS,HSS304.8X152.4X15.9,HSS304.8X152.4X15.9,101,12100,305,262,,152,108,15.9,14.8,7.33,17.7,,134,1130,875,105,44.5,690,582,60.7,113000,1170
HSS,HSS304.8X152.4X12.7,HSS304.8X152.4X12.7,82.6,9870,305,269,,152,117,12.7,11.8,9.9,22.8,,113,941,741,107,37.9,577,498,62,94500,967
HSS,HSS304.8X152.4X9.5,HSS304.8X152.4X9.5,63.6,7610,305,279,,152,126,9.53,8.86,14.2,31.4,,89.5,734,588,109,30.3,454,398,63.2,74100,751
HSS,HSS304.8X152.4X7.9,HSS304.8X152.4X7.9,53.7,6400,305,282,,152,130,7.94,7.39,17.6,38.2,,76.6,624,503,109,26.1,387,342,64,63300,636
HSS,HSS304.8X152.4X6.4,HSS304.8X152.4X6.4,43.4,5180,305,287,,152,135,6.35,5.92,22.8,48.5,,62.9,510,413,110,21.6,316,283,64.5,51600,518
HSS,HSS304.8X152.4X4.8,HSS304.8X152.4X4.8,33.1,3910,305,292,,152,139,4.76,4.42,31.5,66,,48.3,388,318,111,16.6,241,218,65.3,39400,393
HSS,HSS304.8X101.6X15.9,HSS304.8X101.6X15.9,88,10600,305,262,,102,57.4,15.9,14.8,3.88,17.7,,102,909,669,98.3,16.8,401,331,39.9,50800,731
HSS,HSS304.8X101.6X12.7,HSS304.8X101.6X12.7,72.5,8710,305,269,,102,66,12.7,11.8,5.6,22.8,,87.4,765,572,100,14.7,342,290,41.1,43700,615
HSS,HSS304.8X101.6X9.5,HSS304.8X101.6X9.5,56,6710,305,279,,102,74.9,9.53,8.86,8.46,31.4,,69.9,601,459,102,12,272,238,42.4,35000,483
HSS,HSS304.8X101.6X7.9,HSS304.8X101.6X7.9,47.4,5650,305,282,,102,79.5,7.94,7.39,10.7,38.2,,59.9,513,395,103,10.5,233,206,43.2,30100,413
HSS,HSS304.8X101.6X6.4,HSS304.8X101.6X6.4,38.4,4580,305,287,,102,83.8,6.35,5.92,14.2,48.5,,49.5,420,326,104,8.74,192,172,43.7,24900,338
HSS,HSS304.8X101.6X4.8,HSS304.8X101.6X4.8,29.3,3460,305,292,,102,88.4,4.76,4.42,20,66,,38.2,321,251,105,6.83,147,134,44.5,19200,257
HSS,HSS304.8X76.2X7.9,HSS304.8X76.2X7.9,44.2,5270,305,282,,76.2,54.1,7.94,7.39,7.31,38.2,,51.6,457,339,99.1,5.45,164,143,32.3,17200,302
HSS,HSS304.8X76.2X6.4,HSS304.8X76.2X6.4,35.8,4280,305,287,,76.2,58.4,6.35,5.92,9.88,48.5,,42.9,375,282,100,4.62,136,121,32.8,14400,247
HSS,HSS304.8X76.2X4.8,HSS304.8X76.2X4.8,27.4,3240,305,292,,76.2,63,4.76,4.42,14.2,66,,33.1,287,218,101,3.63,105,95.2,33.5,11200,190
HSS,HSS304.8X50.8X7.9,HSS304.8X50.8X7.9,41,4900,305,282,,50.8,28.7,7.94,7.39,3.87,38.2,,43.3,401,285,94.2,2.12,99.1,83.6,20.8,7330,190
HSS,HSS304.8X50.8X6.4,HSS304.8X50.8X6.4,33.3,3980,305,287,,50.8,33,6.35,5.92,5.58,48.5,,36.2,329,238,95.3,1.84,83.2,72.3,21.5,6290,158
HSS,HSS304.8X50.8X4.8,HSS304.8X50.8X4.8,25.4,3010,305,292,,50.8,37.6,4.76,4.42,8.49,66,,28.1,254,184,96.5,1.48,65.1,58.2,22.1,4990,123
HSS,HSS254X254X19.0,HSS254X254X19.0,133,15900,254,201,,254,201,19.1,17.7,11.3,11.3,,144,1390,1140,95.3,144,1390,1140,95.3,241000,1950
HSS,HSS254X254X15.9,HSS254X254X15.9,113,13500,254,210,,254,210,15.9,14.8,14.2,14.2,,127,1200,996,96.5,127,1200,996,96.5,207000,1670
HSS,HSS254X254X12.7,HSS254X254X12.7,92.7,11100,254,218,,254,218,12.7,11.8,18.5,18.5,,107,995,839,98,107,995,839,98,171000,1380
HSS,HSS254X254X9.5,HSS254X254X9.5,71.2,8520,254,227,,254,227,9.53,8.86,25.7,25.7,,84.1,773,662,99.6,84.1,773,662,99.6,133000,1060
HSS,HSS254X254X7.9,HSS254X254X7.9,60,7160,254,232,,254,232,7.94,7.39,31.4,31.4,,71.6,657,565,100,71.6,657,565,100,113000,898
HSS,HSS254X254X6.4,HSS254X254X6.4,48.5,5780,254,236,,254,236,6.35,5.92,39.9,39.9,,58.7,536,464,101,58.7,536,464,101,91600,728
HSS,HSS254X254X4.8,HSS254X254X4.8,36.8,4360,254,241,,254,241,4.76,4.42,54.5,54.5,,45,406,354,102,45,406,354,102,69500,551
HSS,HSS254X203.2X15.9,HSS254X203.2X15.9,101,12100,254,210,,203,159,15.9,14.8,10.8,14.2,,105,1020,828,93.5,74.1,873,729,78.5,144000,1320
HSS,HSS254X203.2X12.7,HSS254X203.2X12.7,82.6,9870,254,218,,203,168,12.7,11.8,14.2,18.5,,89.1,850,700,94.7,62.9,729,619,79.8,120000,1090
HSS,HSS254X203.2X9.5,HSS254X203.2X9.5,63.6,7610,254,227,,203,177,9.53,8.86,19.9,25.7,,70.3,664,556,96.3,49.9,570,492,81,93200,842
HSS,HSS254X203.2X7.9,HSS254X203.2X7.9,53.7,6400,254,232,,203,181,7.94,7.39,24.5,31.4,,60.4,564,475,97,42.9,485,421,81.8,79100,713
HSS,HSS254X203.2X6.4,HSS254X203.2X6.4,43.4,5180,254,236,,203,185,6.35,5.92,31.3,39.9,,49.5,460,390,97.8,35.3,397,347,82.6,64500,578
HSS,HSS254X203.2X4.8,HSS254X203.2X4.8,33.1,3910,254,241,,203,190,4.76,4.42,43,54.5,,38,351,300,98.6,27.1,302,267,83.3,49100,438
HSS,HSS254X152.4X15.9,HSS254X152.4X15.9,88,10600,254,210,,152,108,15.9,14.8,7.33,14.2,,83.7,841,659,88.9,37.2,587,488,59.4,87000,960
HSS,HSS254X152.4X12.7,HSS254X152.4X12.7,72.5,8710,254,218,,152,117,12.7,11.8,9.9,18.5,,71.2,705,562,90.7,32,493,420,60.7,73300,798
HSS,HSS254X152.4X9.5,HSS254X152.4X9.5,56,6710,254,227,,152,126,9.53,8.86,14.2,25.7,,57,554,449,92.2,25.7,388,338,62,57900,621
HSS,HSS254X152.4X7.9,HSS254X152.4X7.9,47.4,5650,254,232,,152,130,7.94,7.39,17.6,31.4,,49.1,472,385,93,22.2,331,292,62.7,49100,528
HSS,HSS254X152.4X6.4,HSS254X152.4X6.4,38.4,4580,254,236,,152,135,6.35,5.92,22.8,39.9,,40.3,387,318,93.7,18.4,272,241,63.2,40200,429
HSS,HSS254X152.4X4.8,HSS254X152.4X4.8,29.3,3460,254,241,,152,139,4.76,4.42,31.5,54.5,,31.1,295,244,94.7,14.2,208,187,64,30700,326
HSS,HSS254X127X9.5,HSS254X127X9.5,52.2,6240,254,227,,127,100,9.53,8.86,11.3,25.7,,49.9,498,395,89.7,16.9,306,265,52.1,41600,511
HSS,HSS254X127X7.9,HSS254X127X7.9,44.2,5270,254,232,,127,105,7.94,7.39,14.2,31.4,,43.3,426,341,90.4,14.7,262,231,52.6,35800,434
HSS,HSS254X127X6.4,HSS254X127X6.4,35.8,4280,254,236,,127,109,6.35,5.92,18.5,39.9,,35.7,349,282,91.4,12.2,216,192,53.3,29400,354
HSS,HSS254X101.6X15.9,HSS254X101.6X15.9,75.3,9030,254,210,,102,57.4,15.9,14.8,3.88,14.2,,62,660,490,82.8,13.9,338,275,39.1,39800,601
HSS,HSS254X101.6X12.7,HSS254X101.6X12.7,62.4,7480,254,218,,102,66,12.7,11.8,5.6,18.5,,53.7,559,423,84.8,12.3,288,241,40.4,34400,508
HSS,HSS254X101.6X9.5,HSS254X101.6X9.5,48.4,5790,254,227,,102,74.9,9.53,8.86,8.46,25.7,,43.3,442,341,86.6,10.1,229,198,41.7,27700,400
HSS,HSS254X101.6X7.9,HSS254X101.6X7.9,41,4900,254,232,,102,79.5,7.94,7.39,10.7,31.4,,37.5,379,295,87.4,8.82,198,174,42.4,23900,342
HSS,HSS254X101.6X6.4,HSS254X101.6X6.4,33.3,3980,254,236,,102,83.8,6.35,5.92,14.2,39.9,,31.1,311,244,88.4,7.37,164,145,43.2,19700,280
HSS,HSS254X101.6X4.8,HSS254X101.6X4.8,25.4,3010,254,241,,102,88.4,4.76,4.42,20,54.5,,24.1,239,190,89.4,5.79,126,114,43.7,15200,215
HSS,HSS254X101.6X3.2,HSS254X101.6X3.2,17.2,2040,254,245,,102,92.7,3.18,2.95,31.5,83.2,,16.6,164,131,90.2,4.02,86.2,79.1,44.5,10400,146
HSS,HSS254X88.9X9.5,HSS254X88.9X9.5,46.5,5560,254,227,,88.9,62.2,9.53,8.86,7.03,25.7,,40,415,315,84.8,7.41,193,167,36.6,21400,346
HSS,HSS254X88.9X7.9,HSS254X88.9X7.9,39.5,4710,254,232,,88.9,66.8,7.94,7.39,9.03,31.4,,34.6,356,272,85.9,6.49,167,146,37.1,18600,295
HSS,HSS254X88.9X6.4,HSS254X88.9X6.4,32,3830,254,236,,88.9,71.1,6.35,5.92,12,39.9,,28.8,293,226,86.6,5.45,138,123,37.8,15400,243
HSS,HSS254X88.9X4.8,HSS254X88.9X4.8,24.5,2900,254,241,,88.9,75.7,4.76,4.42,17.1,54.5,,22.3,225,175,87.6,4.29,107,96.5,38.4,11900,187
HSS,HSS254X76.2X9.5,HSS254X76.2X9.5,44.6,5340,254,227,,76.2,49.5,9.53,8.86,5.6,25.7,,36.6,388,288,82.8,5.16,159,136,31,15700,290
HSS,HSS254X76.2X7.9,HSS254X76.2X7.9,37.9,4520,254,232,,76.2,54.1,7.94,7.39,7.31,31.4,,31.8,333,251,83.8,4.58,138,120,31.8,13700,249
HSS,HSS254X76.2X6.4,HSS254X76.2X6.4,30.8,3680,254,236,,76.2,58.4,6.35,5.92,9.88,39.9,,26.5,274,208,84.8,3.86,115,101,32.5,11500,205
HSS,HSS254X76.2X4.8,HSS254X76.2X4.8,23.5,2790,254,241,,76.2,63,4.76,4.42,14.2,54.5,,20.6,210,162,85.9,3.05,88.7,80.1,33,8950,158
HSS,HSS254X76.2X3.2,HSS254X76.2X3.2,15.9,1890,254,245,,76.2,67.3,3.18,2.95,22.9,83.2,,14.2,144,112,86.9,2.15,61.3,56.4,33.8,6200,108
HSS,HSS254X50.8X9.5,HSS254X50.8X9.5,40.8,4890,254,227,,50.8,24.2,9.53,8.86,2.73,25.7,,29.8,333,234,78.2,1.96,94.4,77,20,6620,180
HSS,HSS254X50.8X7.9,HSS254X50.8X7.9,34.7,4150,254,232,,50.8,28.7,7.94,7.39,3.87,31.4,,26.1,287,205,79.2,1.76,82.9,69.5,20.6,5910,157
HSS,HSS254X50.8X6.4,HSS254X50.8X6.4,28.3,3380,254,236,,50.8,33,6.35,5.92,5.58,39.9,,21.9,236,172,80.5,1.53,69.8,60.1,21.3,5080,131
HSS,HSS254X50.8X4.8,HSS254X50.8X4.8,21.6,2570,254,241,,50.8,37.6,4.76,4.42,8.49,54.5,,17.1,182,134,81.5,1.24,54.7,48.7,21.9,4050,102
HSS,HSS254X50.8X3.2,HSS254X50.8X3.2,14.7,1740,254,245,,50.8,41.9,3.18,2.95,14.2,83.2,,11.9,125,93.4,82.6,0.891,38.2,35.1,22.6,2870,70.6
HSS,HSS228.6X228.6X15.9,HSS228.6X228.6X15.9,101,12100,229,184,,229,184,15.9,14.8,12.5,12.5,,89.9,952,785,86.4,89.9,952,785,86.4,148000,1340
HSS,HSS228.6X228.6X12.7,HSS228.6X228.6X12.7,82.6,9870,229,193,,229,193,12.7,11.8,16.4,16.4,,76.2,793,665,87.6,76.2,793,665,87.6,123000,1100
HSS,HSS228.6X228.6X9.5,HSS228.6X228.6X9.5,63.6,7610,229,202,,229,202,9.53,8.86,22.8,22.8,,60.4,619,528,89.2,60.4,619,528,89.2,96100,854
HSS,HSS228.6X228.6X7.9,HSS228.6X228.6X7.9,53.6,6400,229,207,,229,207,7.94,7.39,27.9,27.9,,51.6,526,452,89.9,51.6,526,452,89.9,81600,721
HSS,HSS228.6X228.6X6.4,HSS228.6X228.6X6.4,43.4,5180,229,211,,229,211,6.35,5.92,35.6,35.6,,42.5,429,372,90.4,42.5,429,372,90.4,66200,587
HSS,HSS228.6X228.6X74.8,HSS228.6X228.6X74.8,33,3910,229,215,,229,215,4.76,4.42,48.7,48.7,,32.5,328,285,91.2,32.5,328,285,91.2,50400,444
HSS,HSS228.6X228.6X3.2,HSS228.6X228.6X3.2,22.3,2640,229,220,,229,220,3.18,2.95,74.6,74.6,,22.3,223,195,91.9,22.3,223,195,91.9,34100,300
HSS,HSS228.6X177.8X15.9,HSS228.6X177.8X15.9,88,10600,229,184,,178,134,15.9,14.8,9.05,12.5,,72.4,791,634,82.8,48.7,664,549,68.1,97800,1020
HSS,HSS228.6X177.8X12.7,HSS228.6X177.8X12.7,72.5,8710,229,193,,178,142,12.7,11.8,12.1,16.4,,62,664,541,84.3,41.6,557,470,69.3,82000,844
HSS,HSS228.6X177.8X9.5,HSS228.6X177.8X9.5,56,6710,229,202,,178,151,9.53,8.86,17.1,22.8,,49.5,521,433,85.9,33.5,438,377,70.6,64100,655
HSS,HSS228.6X177.8X7.9,HSS228.6X177.8X7.9,47.4,5650,229,207,,178,156,7.94,7.39,21.1,27.9,,42.5,444,370,86.6,28.8,374,324,71.4,54500,556
HSS,HSS228.6X177.8X6.4,HSS228.6X177.8X6.4,38.4,4580,229,211,,178,160,6.35,5.92,27,35.6,,35,364,306,87.4,23.8,306,267,72.1,44500,452
HSS,HSS228.6X177.8X4.8,HSS228.6X177.8X4.8,29.3,3460,229,215,,178,165,4.76,4.42,37.2,48.7,,26.9,277,236,88.1,18.4,234,206,72.9,34000,342
HSS,HSS228.6X127X15.9,HSS228.6X127X15.9,75.3,9030,229,184,,127,82.8,15.9,14.8,5.61,12.5,,55.4,631,485,78.2,21.6,415,341,48.8,53300,696
HSS,HSS228.6X127X12.7,HSS228.6X127X12.7,62.4,7480,229,193,,127,91.4,12.7,11.8,7.75,16.4,,47.9,533,418,79.8,18.8,352,297,50,45400,583
HSS,HSS228.6X127X9.5,HSS228.6X127X9.5,48.4,5790,229,202,,127,100,9.53,8.86,11.3,22.8,,38.5,421,336,81.5,15.3,280,241,51.6,36200,457
HSS,HSS228.6X127X7.9,HSS228.6X127X7.9,41,4900,229,207,,127,105,7.94,7.39,14.2,27.9,,33.2,361,290,82.3,13.3,239,210,52.1,31000,390
HSS,HSS228.6X127X6.4,HSS228.6X127X6.4,33.3,3980,229,211,,127,109,6.35,5.92,18.5,35.6,,27.5,297,241,83.1,11.1,197,174,52.8,25500,318
HSS,HSS228.6X127X4.8,HSS228.6X127X4.8,25.4,3010,229,215,,127,114,4.76,4.42,25.7,48.7,,21.3,226,187,84.1,8.62,152,136,53.3,19500,243
HSS,HSS228.6X76.2X12.7,HSS228.6X76.2X12.7,52.2,6280,229,193,,76.2,40.6,12.7,11.8,3.45,16.4,,33.6,403,295,73.2,5.49,177,144,29.7,16600,323
HSS,HSS228.6X76.2X9.5,HSS228.6X76.2X9.5,40.8,4890,229,202,,76.2,49.5,9.53,8.86,5.6,22.8,,27.6,323,241,75.2,4.66,144,122,30.7,13800,259
HSS,HSS228.6X76.2X7.9,HSS228.6X76.2X7.9,34.7,4150,229,207,,76.2,54.1,7.94,7.39,7.31,27.9,,24,277,210,76.2,4.11,125,108,31.5,12000,223
HSS,HSS228.6X76.2X6.4,HSS228.6X76.2X6.4,28.3,3380,229,211,,76.2,58.4,6.35,5.92,9.88,35.6,,20.1,229,175,77.2,3.49,104,91.6,32.3,10100,185
HSS,HSS228.6X76.2X4.8,HSS228.6X76.2X4.8,21.6,2570,229,215,,76.2,63,4.76,4.42,14.2,48.7,,15.7,177,137,78,2.76,80.6,72.4,32.8,7870,142
HSS,HSS203.2X203.2X15.9,HSS203.2X203.2X15.9,88,10600,203,159,,203,159,15.9,14.8,10.8,10.8,,60.8,733,598,75.9,60.8,733,598,75.9,102000,1040
HSS,HSS203.2X203.2X12.7,HSS203.2X203.2X12.7,72.5,8710,203,168,,203,168,12.7,11.8,14.2,14.2,,52,615,511,77.2,52,615,511,77.2,84900,859
HSS,HSS203.2X203.2X9.5,HSS203.2X203.2X9.5,56,6710,203,177,,203,177,9.53,8.86,19.9,19.9,,41.6,482,408,78.7,41.6,482,408,78.7,66600,667
HSS,HSS203.2X203.2X7.9,HSS203.2X203.2X7.9,47.3,5650,203,181,,203,181,7.94,7.39,24.5,24.5,,35.6,411,351,79.5,35.6,411,351,79.5,56600,565
HSS,HSS203.2X203.2X6.4,HSS203.2X203.2X6.4,38.4,4580,203,185,,203,185,6.35,5.92,31.3,31.3,,29.4,336,290,80,29.4,336,290,80,46200,460
HSS,HSS203.2X203.2X4.8,HSS203.2X203.2X4.8,29.2,3460,203,190,,203,190,4.76,4.42,43,43,,22.6,257,223,80.8,22.6,257,223,80.8,35200,349
HSS,HSS203.2X203.2X3.2,HSS203.2X203.2X3.2,19.7,2340,203,194,,203,194,3.18,2.95,66,66,,15.6,175,153,81.5,15.6,175,153,81.5,23900,236
HSS,HSS203.2X152.4X15.9,HSS203.2X152.4X15.9,75.3,9030,203,159,,152,108,15.9,14.8,7.33,10.8,,47.5,592,467,72.4,30.1,483,395,57.7,62400,754
HSS,HSS203.2X152.4X12.7,HSS203.2X152.4X12.7,62.4,7480,203,168,,152,117,12.7,11.8,9.9,14.2,,40.9,500,403,73.9,26,408,341,58.9,52900,629
HSS,HSS203.2X152.4X9.5,HSS203.2X152.4X9.5,48.4,5790,203,177,,152,126,9.53,8.86,14.2,19.9,,32.9,395,324,75.4,21.1,324,277,60.5,41600,492
HSS,HSS203.2X152.4X7.9,HSS203.2X152.4X7.9,41,4900,203,181,,152,130,7.94,7.39,17.6,24.5,,28.4,338,280,76.2,18.2,277,239,61,35700,418
HSS,HSS203.2X152.4X6.4,HSS203.2X152.4X6.4,33.3,3980,203,185,,152,135,6.35,5.92,22.8,31.3,,23.6,277,233,77,15.2,228,198,61.7,29300,341
HSS,HSS203.2X152.4X4.8,HSS203.2X152.4X4.8,25.4,3010,203,190,,152,139,4.76,4.42,31.5,43,,18.2,213,179,77.7,11.7,175,154,62.5,22400,259
HSS,HSS203.2X101.6X15.9,HSS203.2X101.6X15.9,62.6,7550,203,159,,102,57.4,15.9,14.8,3.88,10.8,,34.1,449,336,67.1,11.1,272,218,38.4,29300,470
HSS,HSS203.2X101.6X12.7,HSS203.2X101.6X12.7,52.2,6280,203,168,,102,66,12.7,11.8,5.6,14.2,,29.9,385,293,68.8,9.82,234,193,39.6,25400,400
HSS,HSS203.2X101.6X9.5,HSS203.2X101.6X9.5,40.8,4890,203,177,,102,74.9,9.53,8.86,8.46,19.9,,24.4,308,241,70.6,8.16,188,161,40.9,20500,316
HSS,HSS203.2X101.6X7.9,HSS203.2X101.6X7.9,34.7,4150,203,181,,102,79.5,7.94,7.39,10.7,24.5,,21.2,264,210,71.6,7.16,162,141,41.4,17700,270
HSS,HSS203.2X101.6X6.4,HSS203.2X101.6X6.4,28.3,3380,203,185,,102,83.8,6.35,5.92,14.2,31.3,,17.7,218,174,72.4,5.99,134,118,42.2,14700,223
HSS,HSS203.2X101.6X4.8,HSS203.2X101.6X4.8,21.6,2570,203,190,,102,88.4,4.76,4.42,20,43,,13.8,167,136,73.2,4.7,104,92.6,42.9,11300,170
HSS,HSS203.2X101.6X3.2,HSS203.2X101.6X3.2,14.7,1740,203,194,,102,92.7,3.18,2.95,31.5,66,,9.53,115,93.9,74.2,3.29,71.4,64.7,43.4,7780,116
HSS,HSS203.2X76.2X12.7,HSS203.2X76.2X12.7,47.2,5680,203,168,,76.2,40.6,12.7,11.8,3.45,14.2,,24.4,328,239,65.5,4.87,158,128,29.2,14300,285
HSS,HSS203.2X76.2X9.5,HSS203.2X76.2X9.5,37,4440,203,177,,76.2,49.5,9.53,8.86,5.6,19.9,,20.2,264,198,67.3,4.16,129,109,30.5,11900,229
HSS,HSS203.2X76.2X7.9,HSS203.2X76.2X7.9,31.5,3770,203,181,,76.2,54.1,7.94,7.39,7.31,24.5,,17.6,228,174,68.3,3.67,112,96.2,31.2,10400,198
HSS,HSS203.2X76.2X6.4,HSS203.2X76.2X6.4,25.7,3080,203,185,,76.2,58.4,6.35,5.92,9.88,31.3,,14.8,188,146,69.3,3.12,93.4,81.8,31.8,8660,164
HSS,HSS203.2X76.2X4.8,HSS203.2X76.2X4.8,19.7,2340,203,190,,76.2,63,4.76,4.42,14.2,43,,11.6,145,114,70.4,2.47,72.6,64.9,32.5,6740,126
HSS,HSS203.2X76.2X3.2,HSS203.2X76.2X3.2,13.4,1590,203,194,,76.2,67.3,3.18,2.95,22.9,66,,8.03,100,79.1,71.1,1.75,50.3,45.9,33.3,4700,86.4
HSS,HSS203.2X50.8X12.7,HSS203.2X50.8X12.7,42.3,5080,203,168,,50.8,15.4,12.7,11.8,1.3,14.2,,18.9,270,185,61,1.74,89.6,68.7,18.5,5660,170
HSS,HSS203.2X50.8X9.5,HSS203.2X50.8X9.5,33.2,3990,203,177,,50.8,24.2,9.53,8.86,2.73,19.9,,15.9,220,157,63.2,1.55,75.5,61.1,19.7,5040,142
HSS,HSS203.2X50.8X7.9,HSS203.2X50.8X7.9,28.4,3390,203,181,,50.8,28.7,7.94,7.39,3.87,24.5,,14,190,138,64.3,1.41,66.5,55.4,20.4,4540,124
HSS,HSS203.2X50.8X6.4,HSS203.2X50.8X6.4,23.2,2770,203,185,,50.8,33,6.35,5.92,5.58,31.3,,11.9,159,117,65.3,1.22,56.2,48.2,21,3900,104
HSS,HSS203.2X50.8X4.8,HSS203.2X50.8X4.8,17.8,2120,203,190,,50.8,37.6,4.76,4.42,8.49,43,,9.32,123,91.9,66.3,0.995,44.2,39.2,21.7,3110,81.1
HSS,HSS203.2X50.8X3.2,HSS203.2X50.8X3.2,12.1,1440,203,194,,50.8,41.9,3.18,2.95,14.2,66,,6.53,85,64.4,67.3,0.716,31.1,28.2,22.3,2210,56.4
HSS,HSS177.8X177.8X15.9,HSS177.8X177.8X15.9,75.3,9030,178,134,,178,134,15.9,14.8,9.05,9.05,,38.9,542,438,65.5,38.9,542,438,65.5,65800,772
HSS,HSS177.8X177.8X12.7,HSS177.8X177.8X12.7,62.4,7480,178,142,,178,142,12.7,11.8,12.1,12.1,,33.5,457,377,66.8,33.5,457,377,66.8,55400,644
HSS,HSS177.8X177.8X9.5,HSS177.8X177.8X9.5,48.4,5790,178,151,,178,151,9.53,8.86,17.1,17.1,,27.1,362,305,68.3,27.1,362,305,68.3,43700,503
HSS,HSS177.8X177.8X7.9,HSS177.8X177.8X7.9,41,4900,178,156,,178,156,7.94,7.39,21.1,21.1,,23.4,310,262,69.1,23.4,310,262,69.1,37300,428
HSS,HSS177.8X177.8X6.4,HSS177.8X177.8X6.4,33.3,3980,178,160,,178,160,6.35,5.92,27,27,,19.4,254,218,69.9,19.4,254,218,69.9,30600,349
HSS,HSS177.8X177.8X4.8,HSS177.8X177.8X4.8,25.4,3010,178,165,,178,165,4.76,4.42,37.2,37.2,,15,195,169,70.4,15,195,169,70.4,23400,265
HSS,HSS177.8X177.8X3.2,HSS177.8X177.8X3.2,17.2,2040,178,169,,178,169,3.18,2.95,57.3,57.3,,10.3,133,116,71.1,10.3,133,116,71.1,15900,180
HSS,HSS177.8X127X12.7,HSS177.8X127X12.7,52.2,6280,178,142,,127,91.4,12.7,11.8,7.75,12.1,,25.2,359,283,63.5,14.8,283,233,48.5,31600,446
HSS,HSS177.8X127X9.5,HSS177.8X127X9.5,40.8,4890,178,151,,127,100,9.53,8.86,11.3,17.1,,20.6,287,231,65,12.2,226,192,50,25200,351
HSS,HSS177.8X127X7.9,HSS177.8X127X7.9,34.7,4150,178,156,,127,105,7.94,7.39,14.2,21.1,,17.9,246,202,65.8,10.6,195,167,50.5,21700,300
HSS,HSS177.8X127X6.4,HSS177.8X127X6.4,28.3,3380,178,160,,127,109,6.35,5.92,18.5,27,,14.9,203,167,66.5,8.87,161,140,51.3,17900,246
HSS,HSS177.8X127X4.8,HSS177.8X127X4.8,21.6,2570,178,165,,127,114,4.76,4.42,25.7,37.2,,11.6,156,130,67.3,6.91,124,109,52.1,13700,187
HSS,HSS177.8X127X3.2,HSS177.8X127X3.2,14.7,1740,178,169,,127,118,3.18,2.95,40.1,57.3,,8.03,107,90.5,68.1,4.83,85.2,75.9,52.6,9370,128
HSS,HSS177.8X101.6X12.7,HSS177.8X101.6X12.7,47.2,5680,178,142,,102,66,12.7,11.8,5.6,12.1,,21.1,308,238,61,8.62,206,170,38.9,21000,346
HSS,HSS177.8X101.6X9.5,HSS177.8X101.6X9.5,37,4440,178,151,,102,74.9,9.53,8.86,8.46,17.1,,17.4,247,195,62.5,7.2,167,141,40.1,17100,275
HSS,HSS177.8X101.6X7.9,HSS177.8X101.6X7.9,31.5,3770,178,156,,102,79.5,7.94,7.39,10.7,21.1,,15.2,215,170,63.5,6.33,145,124,40.9,14700,236
HSS,HSS177.8X101.6X6.4,HSS177.8X101.6X6.4,25.7,3080,178,160,,102,83.8,6.35,5.92,14.2,27,,12.7,177,143,64.3,5.33,120,105,41.7,12200,193
HSS,HSS177.8X101.6X4.8,HSS177.8X101.6X4.8,19.7,2340,178,165,,102,88.4,4.76,4.42,20,37.2,,9.91,137,112,65,4.16,92.9,82.3,42.2,9450,149
HSS,HSS177.8X101.6X3.2,HSS177.8X101.6X3.2,13.4,1590,178,169,,102,92.7,3.18,2.95,31.5,57.3,,6.91,93.9,77.5,65.8,2.93,64.1,57.5,42.9,6490,102
HSS,HSS177.8X76.2X12.7,HSS177.8X76.2X12.7,42.1,5080,178,142,,76.2,40.6,12.7,11.8,3.45,12.1,,16.9,259,190,57.7,4.25,139,111,29,11900,246
HSS,HSS177.8X76.2X9.5,HSS177.8X76.2X9.5,33.2,3990,178,151,,76.2,49.5,9.53,8.86,5.6,17.1,,14.2,210,159,59.7,3.63,114,95.2,30.2,9950,198
HSS,HSS177.8X76.2X7.9,HSS177.8X76.2X7.9,28.4,3390,178,156,,76.2,54.1,7.94,7.39,7.31,21.1,,12.4,182,140,60.5,3.22,99.1,84.6,30.7,8700,172
HSS,HSS177.8X76.2X6.4,HSS177.8X76.2X6.4,23.2,2770,178,160,,76.2,58.4,6.35,5.92,9.88,27,,10.5,151,118,61.5,2.75,82.9,72.1,31.5,7280,142
HSS,HSS177.8X76.2X4.8,HSS177.8X76.2X4.8,17.8,2120,178,165,,76.2,63,4.76,4.42,14.2,37.2,,8.24,117,92.6,62.2,2.18,64.6,57.4,32,5700,110
HSS,HSS177.8X76.2X3.2,HSS177.8X76.2X3.2,12.1,1440,178,169,,76.2,67.3,3.18,2.95,22.9,57.3,,5.74,80.8,64.7,63.2,1.54,44.7,40.6,32.8,3950,75.4
HSS,HSS177.8X50.8X6.4,HSS177.8X50.8X6.4,20.7,2480,178,160,,50.8,33,6.35,5.92,5.58,27,,8.24,125,92.9,57.7,1.07,49.5,42.3,20.8,3310,90.5
HSS,HSS177.8X50.8X4.8,HSS177.8X50.8X4.8,15.9,1890,178,165,,50.8,37.6,4.76,4.42,8.49,37.2,,6.53,97.5,73.6,58.7,0.874,39.2,34.4,21.5,2640,70.8
HSS,HSS177.8X50.8X3.2,HSS177.8X50.8X3.2,10.9,1290,178,169,,50.8,41.9,3.18,2.95,14.2,57.3,,4.62,67.7,51.8,59.7,0.633,27.5,24.9,22.1,1880,49.2
HSS,HSS152.4X152.4X15.9,HSS152.4X152.4X15.9,62.6,7550,152,108,,152,108,15.9,14.8,7.33,7.33,,23,380,302,55.1,23,380,302,55.1,39500,547
HSS,HSS152.4X152.4X12.7,HSS152.4X152.4X12.7,52.2,6280,152,117,,152,117,12.7,11.8,9.9,9.9,,20.1,324,264,56.6,20.1,324,264,56.6,33800,460
HSS,HSS152.4X152.4X9.5,HSS152.4X152.4X9.5,40.8,4890,152,126,,152,126,9.53,8.86,14.2,14.2,,16.4,259,216,57.9,16.4,259,216,57.9,26900,362
HSS,HSS152.4X152.4X7.9,HSS152.4X152.4X7.9,34.6,4150,152,130,,152,130,7.94,7.39,17.6,17.6,,14.3,223,187,58.7,14.3,223,187,58.7,23100,310
HSS,HSS152.4X152.4X6.4,HSS152.4X152.4X6.4,28.3,3380,152,135,,152,135,6.35,5.92,22.8,22.8,,11.9,184,156,59.4,11.9,184,156,59.4,19000,252
HSS,HSS152.4X152.4X4.8,HSS152.4X152.4X4.8,21.6,2570,152,139,,152,139,4.76,4.42,31.5,31.5,,9.28,141,122,60.2,9.28,141,122,60.2,14600,193
HSS,HSS152.4X152.4X3.2,HSS152.4X152.4X3.2,14.7,1740,152,144,,152,144,3.18,2.95,48.7,48.7,,6.45,97,84.4,60.7,6.45,97,84.4,60.7,9950,132
HSS,HSS152.4X127X12.7,HSS152.4X127X12.7,47.2,5680,152,117,,127,91.4,12.7,11.8,7.75,9.9,,17.1,282,225,54.9,12.8,249,202,47.5,24900,377
HSS,HSS152.4X127X9.5,HSS152.4X127X9.5,37,4440,152,126,,127,100,9.53,8.86,11.3,14.2,,14.1,226,185,56.4,10.6,200,167,48.8,20000,298
HSS,HSS152.4X127X7.9,HSS152.4X127X7.9,31.5,3770,152,130,,127,105,7.94,7.39,14.2,17.6,,12.3,195,161,57.2,9.28,172,146,49.5,17200,256
HSS,HSS152.4X127X6.4,HSS152.4X127X6.4,25.7,3080,152,135,,127,109,6.35,5.92,18.5,22.8,,10.3,162,135,57.9,7.78,143,122,50.3,14200,210
HSS,HSS152.4X127X4.8,HSS152.4X127X4.8,19.7,2340,152,139,,127,114,4.76,4.42,25.7,31.5,,8.03,125,106,58.7,6.08,110,95.7,51.1,10900,160
HSS,HSS152.4X127X3.2,HSS152.4X127X3.2,13.4,1590,152,144,,127,118,3.18,2.95,40.1,48.7,,5.58,85.9,73.4,59.4,4.25,75.9,66.7,51.6,7490,109
HSS,HSS152.4X101.6X12.7,HSS152.4X101.6X12.7,42.1,5080,152,117,,102,66,12.7,11.8,5.6,9.9,,14.2,239,185,52.8,7.41,180,146,38.1,16800,292
HSS,HSS152.4X101.6X9.5,HSS152.4X101.6X9.5,33.2,3990,152,126,,102,74.9,9.53,8.86,8.46,14.2,,11.8,195,155,54.4,6.2,147,122,39.4,13700,233
HSS,HSS152.4X101.6X7.9,HSS152.4X101.6X7.9,28.4,3390,152,130,,102,79.5,7.94,7.39,10.7,17.6,,10.3,169,136,55.1,5.49,127,108,40.1,11800,200
HSS,HSS152.4X101.6X6.4,HSS152.4X101.6X6.4,23.2,2770,152,135,,102,83.8,6.35,5.92,14.2,22.8,,8.7,140,114,55.9,4.62,106,91.1,40.9,9820,166
HSS,HSS152.4X101.6X4.8,HSS152.4X101.6X4.8,17.8,2120,152,139,,102,88.4,4.76,4.42,20,31.5,,6.83,108,89.5,56.6,3.65,81.9,71.8,41.4,7580,127
HSS,HSS152.4X101.6X3.2,HSS152.4X101.6X3.2,12.1,1440,152,144,,102,92.7,3.18,2.95,31.5,48.7,,4.75,74.7,62.4,57.4,2.56,56.7,50.5,42.2,5240,86.9
HSS,HSS152.4X76.2X12.7,HSS152.4X76.2X12.7,37.1,4480,152,117,,76.2,40.6,12.7,11.8,3.45,9.9,,11.2,198,147,50,3.62,119,94.9,28.4,9610,208
HSS,HSS152.4X76.2X9.5,HSS152.4X76.2X9.5,29.4,3540,152,126,,76.2,49.5,9.53,8.86,5.6,14.2,,9.45,162,124,51.8,3.11,98.8,81.8,29.7,8030,169
HSS,HSS152.4X76.2X7.9,HSS152.4X76.2X7.9,25.2,3020,152,130,,76.2,54.1,7.94,7.39,7.31,17.6,,8.37,141,110,52.6,2.78,86.4,72.9,30.2,7030,146
HSS,HSS152.4X76.2X6.4,HSS152.4X76.2X6.4,20.7,2480,152,135,,76.2,58.4,6.35,5.92,9.88,22.8,,7.08,118,92.8,53.3,2.37,72.3,62.3,31,5910,121
HSS,HSS152.4X76.2X4.8,HSS152.4X76.2X4.8,15.9,1890,152,139,,76.2,63,4.76,4.42,14.2,31.5,,5.58,91.6,73.3,54.4,1.89,56.5,49.7,31.8,4620,93.6
HSS,HSS152.4X76.2X3.2,HSS152.4X76.2X3.2,10.9,1290,152,144,,76.2,67.3,3.18,2.95,22.9,48.7,,3.93,63.4,51.5,55.1,1.34,39.3,35.2,32.3,3220,64.4
HSS,HSS152.4X50.8X9.5,HSS152.4X50.8X9.5,25.6,3080,152,126,,50.8,24.2,9.53,8.86,2.73,14.2,,7.12,130,93.6,48,1.15,56.7,45.4,19.3,3500,104
HSS,HSS152.4X50.8X7.9,HSS152.4X50.8X7.9,22,2650,152,130,,50.8,28.7,7.94,7.39,3.87,17.6,,6.37,114,83.7,49,1.05,50.3,41.3,19.9,3160,91.4
HSS,HSS152.4X50.8X6.4,HSS152.4X50.8X6.4,18.1,2170,152,135,,50.8,33,6.35,5.92,5.58,22.8,,5.45,95.7,71.6,50,0.92,42.8,36.2,20.6,2730,77
HSS,HSS152.4X50.8X4.8,HSS152.4X50.8X4.8,14,1660,152,139,,50.8,37.6,4.76,4.42,8.49,31.5,,4.37,75.1,57.2,51.1,0.749,33.9,29.5,21.2,2180,60.3
HSS,HSS152.4X50.8X3.2,HSS152.4X50.8X3.2,9.59,1140,152,144,,50.8,41.9,3.18,2.95,14.2,48.7,,3.09,52.3,40.5,52.1,0.545,23.9,21.5,21.9,1550,42.1
HSS,HSS139.7X139.7X9.5,HSS139.7X139.7X9.5,37,4440,140,113,,140,113,9.53,8.86,12.8,12.8,,12.4,215,177,52.8,12.4,215,177,52.8,20400,302
HSS,HSS139.7X139.7X7.9,HSS139.7X139.7X7.9,31.5,3770,140,118,,140,118,7.94,7.39,15.9,15.9,,10.8,185,155,53.6,10.8,185,155,53.6,17600,257
HSS,HSS139.7X139.7X6.4,HSS139.7X139.7X6.4,25.7,3080,140,122,,140,122,6.35,5.92,20.6,20.6,,9.03,153,129,54.1,9.03,153,129,54.1,14500,211
HSS,HSS139.7X139.7X4.8,HSS139.7X139.7X4.8,19.7,2340,140,126,,140,126,4.76,4.42,28.6,28.6,,7.08,118,101,54.9,7.08,118,101,54.9,11100,161
HSS,HSS139.7X139.7X3.2,HSS139.7X139.7X3.2,13.4,1590,140,131,,140,131,3.18,2.95,44.4,44.4,,4.91,81.1,70.5,55.6,4.91,81.1,70.5,55.6,7620,110
HSS,HSS127X127X12.7,HSS127X127X12.7,42.1,5080,127,91.4,,127,91.4,12.7,11.8,7.75,7.75,,10.8,215,170,46.2,10.8,215,170,46.2,18600,306
HSS,HSS127X127X9.5,HSS127X127X9.5,33.2,3990,127,100,,127,100,9.53,8.86,11.3,11.3,,9.03,174,142,47.5,9.03,174,142,47.5,15000,244
HSS,HSS127X127X7.9,HSS127X127X7.9,28.3,3390,127,105,,127,105,7.94,7.39,14.2,14.2,,7.91,150,125,48.3,7.91,150,125,48.3,13000,210
HSS,HSS127X127X6.4,HSS127X127X6.4,23.2,2770,127,109,,127,109,6.35,5.92,18.5,18.5,,6.66,125,105,49,6.66,125,105,49,10700,172
HSS,HSS127X127X4.8,HSS127X127X4.8,17.8,2120,127,114,,127,114,4.76,4.42,25.7,25.7,,5.24,96.5,82.4,49.8,5.24,96.5,82.4,49.8,8280,132
HSS,HSS127X127X3.2,HSS127X127X3.2,12.1,1440,127,118,,127,118,3.18,2.95,40.1,40.1,,3.66,66.7,57.7,50.5,3.66,66.7,57.7,50.5,5700,90.6
HSS,HSS127X101.6X12.7,HSS127X101.6X12.7,37.1,4480,127,91.4,,102,66,12.7,11.8,5.6,7.75,,8.82,179,139,44.5,6.2,153,122,37.1,12600,238
HSS,HSS127X101.6X9.5,HSS127X101.6X9.5,29.4,3540,127,100,,102,74.9,9.53,8.86,8.46,11.3,,7.45,147,117,46,5.24,126,103,38.6,10400,192
HSS,HSS127X101.6X7.9,HSS127X101.6X7.9,25.2,3020,127,105,,102,79.5,7.94,7.39,10.7,14.2,,6.58,128,104,46.7,4.62,109,91.3,39.1,9030,166
HSS,HSS127X101.6X6.4,HSS127X101.6X6.4,20.7,2480,127,109,,102,83.8,6.35,5.92,14.2,18.5,,5.58,106,87.7,47.5,3.94,91.3,77.5,39.9,7490,136
HSS,HSS127X101.6X4.8,HSS127X101.6X4.8,15.9,1890,127,114,,102,88.4,4.76,4.42,20,25.7,,4.41,82.8,69.2,48.3,3.11,71.1,61.3,40.6,5830,105
HSS,HSS127X101.6X3.2,HSS127X101.6X3.2,10.9,1290,127,118,,102,92.7,3.18,2.95,31.5,40.1,,3.09,57.4,48.7,49,2.19,49.3,43.3,41.1,4020,71.9
HSS,HSS127X76.2X12.7,HSS127X76.2X12.7,32,3880,127,91.4,,76.2,40.6,12.7,11.8,3.45,7.75,,6.83,145,108,41.9,2.99,100,78.3,27.7,7330,169
HSS,HSS127X76.2X9.5,HSS127X76.2X9.5,25.6,3080,127,100,,76.2,49.5,9.53,8.86,5.6,11.3,,5.87,120,92.6,43.7,2.6,83.6,68.2,29,6200,138
HSS,HSS127X76.2X7.9,HSS127X76.2X7.9,22,2650,127,105,,76.2,54.1,7.94,7.39,7.31,14.2,,5.24,105,82.4,44.5,2.33,73.4,61.1,29.7,5450,120
HSS,HSS127X76.2X6.4,HSS127X76.2X6.4,18.1,2170,127,109,,76.2,58.4,6.35,5.92,9.88,18.5,,4.45,88.2,70.3,45.2,2,61.8,52.6,30.2,4580,100
HSS,HSS127X76.2X4.8,HSS127X76.2X4.8,14,1660,127,114,,76.2,63,4.76,4.42,14.2,25.7,,3.55,69,55.9,46.2,1.6,48.5,42.1,31,3600,77.5
HSS,HSS127X76.2X3.2,HSS127X76.2X3.2,9.59,1140,127,118,,76.2,67.3,3.18,2.95,22.9,40.1,,2.51,48,39.5,47,1.14,33.9,30,31.8,2510,53.4
HSS,HSS127X63.5X6.4,HSS127X63.5X6.4,16.9,2030,127,109,,63.5,45.7,6.35,5.92,7.73,18.5,,3.91,79.1,61.6,43.9,1.3,48.3,41,25.4,3300,81.8
HSS,HSS127X63.5X4.8,HSS127X63.5X4.8,13.1,1550,127,114,,63.5,50.3,4.76,4.42,11.4,25.7,,3.13,62.1,49.3,45,1.05,38.2,33.3,25.9,2610,63.7
HSS,HSS127X63.5X3.2,HSS127X63.5X3.2,8.96,1060,127,118,,63.5,54.6,3.18,2.95,18.6,40.1,,2.22,43.4,35.1,45.7,0.758,26.9,23.9,26.7,1830,44.2
HSS,HSS127X50.8X9.5,HSS127X50.8X9.5,21.8,2640,127,100,,50.8,24.2,9.53,8.86,2.73,11.3,,4.33,93.6,67.8,40.4,0.949,47.2,37.4,19,2750,85.2
HSS,HSS127X50.8X7.9,HSS127X50.8X7.9,18.8,2270,127,105,,50.8,28.7,7.94,7.39,3.87,14.2,,3.89,82.8,61.3,41.4,0.874,42.1,34.4,19.6,2490,75.2
HSS,HSS127X50.8X6.4,HSS127X50.8X6.4,15.6,1880,127,109,,50.8,33,6.35,5.92,5.58,18.5,,3.36,70,52.9,42.4,0.766,36.1,30.2,20.2,2150,63.6
HSS,HSS127X50.8X4.8,HSS127X50.8X4.8,12.1,1450,127,114,,50.8,37.6,4.76,4.42,8.49,25.7,,2.71,55.2,42.6,43.2,0.629,28.7,24.7,20.9,1730,50
HSS,HSS127X50.8X3.2,HSS127X50.8X3.2,8.33,994,127,118,,50.8,41.9,3.18,2.95,14.2,40.1,,1.94,38.8,30.5,44.2,0.458,20.3,18,21.5,1230,34.9
HSS,HSS114.3X114.3X12.7,HSS114.3X114.3X12.7,37.1,4480,114,78.7,,114,78.7,12.7,11.8,6.68,6.68,,7.53,167,132,40.9,7.53,167,132,40.9,13000,243
HSS,HSS114.3X114.3X9.5,HSS114.3X114.3X9.5,29.4,3540,114,87.6,,114,87.6,9.53,8.86,9.89,9.89,,6.37,137,111,42.4,6.37,137,111,42.4,10700,195
HSS,HSS114.3X114.3X7.9,HSS114.3X114.3X7.9,25.2,3020,114,92.2,,114,92.2,7.94,7.39,12.5,12.5,,5.62,119,98.3,43.2,5.62,119,98.3,43.2,9280,167
HSS,HSS114.3X114.3X6.4,HSS114.3X114.3X6.4,20.7,2480,114,96.5,,114,96.5,6.35,5.92,16.3,16.3,,4.75,99.3,83.2,43.9,4.75,99.3,83.2,43.9,7700,138
HSS,HSS114.3X114.3X4.8,HSS114.3X114.3X4.8,15.9,1890,114,101,,114,101,4.76,4.42,22.9,22.9,,3.75,77.2,65.7,44.5,3.75,77.2,65.7,44.5,5990,106
HSS,HSS114.3X114.3X3.2,HSS114.3X114.3X3.2,10.9,1290,114,105,,114,105,3.18,2.95,35.8,35.8,,2.64,53.6,46.2,45.2,2.64,53.6,46.2,45.2,4130,72.9
HSS,HSS101.6X101.6X12.7,HSS101.6X101.6X12.7,32,3880,102,66,,102,66,12.7,11.8,5.6,5.6,,4.95,126,97.8,35.8,4.95,126,97.8,35.8,8740,184
HSS,HSS101.6X101.6X9.5,HSS101.6X101.6X9.5,25.6,3080,102,74.9,,102,74.9,9.53,8.86,8.46,8.46,,4.29,105,84.1,37.3,4.29,105,84.1,37.3,7280,150
HSS,HSS101.6X101.6X7.9,HSS101.6X101.6X7.9,22,2650,102,79.5,,102,79.5,7.94,7.39,10.7,10.7,,3.8,91.6,74.9,37.8,3.8,91.6,74.9,37.8,6370,130
HSS,HSS101.6X101.6X6.4,HSS101.6X101.6X6.4,18.1,2170,102,83.8,,102,83.8,6.35,5.92,14.2,14.2,,3.25,76.9,63.9,38.6,3.25,76.9,63.9,38.6,5330,107
HSS,HSS101.6X101.6X4.8,HSS101.6X101.6X4.8,14,1660,102,88.4,,102,88.4,4.76,4.42,20,20,,2.58,60.1,50.8,39.4,2.58,60.1,50.8,39.4,4160,83.1
HSS,HSS101.6X101.6X3.2,HSS101.6X101.6X3.2,9.59,1140,102,92.7,,102,92.7,3.18,2.95,31.5,31.5,,1.83,42,36.1,40.1,1.83,42,36.1,40.1,2880,57.2
HSS,HSS101.6X76.2X9.5,HSS101.6X76.2X9.5,21.8,2640,102,74.9,,76.2,49.5,9.53,8.86,5.6,8.46,,3.3,83.9,65.1,35.3,2.09,68.5,54.7,28.2,4410,108
HSS,HSS101.6X76.2X7.9,HSS101.6X76.2X7.9,18.8,2270,102,79.5,,76.2,54.1,7.94,7.39,7.31,10.7,,2.97,73.9,58.5,36.1,1.88,60.5,49.5,28.7,3920,94.2
HSS,HSS101.6X76.2X6.4,HSS101.6X76.2X6.4,15.6,1880,102,83.8,,76.2,58.4,6.35,5.92,9.88,14.2,,2.56,62.4,50.3,36.8,1.63,51.1,42.8,29.5,3310,78.8
HSS,HSS101.6X76.2X4.8,HSS101.6X76.2X4.8,12.1,1450,102,88.4,,76.2,63,4.76,4.42,14.2,20,,2.05,49.2,40.5,37.8,1.32,40.3,34.4,30.2,2610,61.3
HSS,HSS101.6X76.2X3.2,HSS101.6X76.2X3.2,8.33,994,102,92.7,,76.2,67.3,3.18,2.95,22.9,31.5,,1.47,34.6,28.8,38.6,0.945,28.3,24.7,30.7,1820,42.4
HSS,HSS101.6X63.5X6.4,HSS101.6X63.5X6.4,14.3,1720,102,83.8,,63.5,45.7,6.35,5.92,7.73,14.2,,2.21,55.4,43.6,35.8,1.05,39.8,33.1,24.7,2410,64.4
HSS,HSS101.6X63.5X4.8,HSS101.6X63.5X4.8,11.2,1330,102,88.4,,63.5,50.3,4.76,4.42,11.4,20,,1.79,43.8,35.2,36.6,0.857,31.6,27,25.4,1910,50.5
HSS,HSS101.6X63.5X3.2,HSS101.6X63.5X3.2,7.7,916,102,92.7,,63.5,54.6,3.18,2.95,18.6,31.5,,1.29,30.8,25.2,37.3,0.62,22.3,19.5,26.2,1340,35.1
HSS,HSS101.6X50.8X9.5,HSS101.6X50.8X9.5,18,2190,102,74.9,,50.8,24.2,9.53,8.86,2.73,8.46,,2.33,62.9,45.9,32.8,0.749,37.9,29.5,18.5,2010,66.2
HSS,HSS101.6X50.8X7.9,HSS101.6X50.8X7.9,15.7,1900,102,79.5,,50.8,28.7,7.94,7.39,3.87,10.7,,2.14,56.2,42,33.5,0.695,34.1,27.4,19.2,1830,58.8
HSS,HSS101.6X50.8X6.4,HSS101.6X50.8X6.4,13.1,1570,102,83.8,,50.8,33,6.35,5.92,5.58,14.2,,1.87,48.2,36.9,34.5,0.616,29.3,24.3,19.8,1590,50
HSS,HSS101.6X50.8X4.8,HSS101.6X50.8X4.8,10.2,1220,102,88.4,,50.8,37.6,4.76,4.42,8.49,20,,1.52,38.3,30,35.3,0.508,23.4,20,20.4,1280,39.5
HSS,HSS101.6X50.8X3.2,HSS101.6X50.8X3.2,7.06,839,102,92.7,,50.8,41.9,3.18,2.95,14.2,31.5,,1.1,27.2,21.6,36.3,0.374,16.7,14.7,21.1,916,27.7
HSS,HSS101.6X38.1X6.4,HSS101.6X38.1X6.4,11.8,1430,102,83.8,,38.1,20.3,6.35,5.92,3.44,14.2,,1.52,41,30,32.8,0.305,19.8,16,14.6,891,35.7
HSS,HSS101.6X38.1X4.8,HSS101.6X38.1X4.8,9.27,1100,102,88.4,,38.1,24.8,4.78,4.42,5.62,20,,1.26,32.9,24.7,33.8,0.258,16.1,13.6,15.3,741,28.7
HSS,HSS101.6X38.1X3.2,HSS101.6X38.1X3.2,6.44,768,102,92.7,,38.1,29.2,3.18,2.95,9.93,31.5,,0.92,23.4,18.2,34.5,0.194,11.6,10.2,15.9,541,20.3
HSS,HSS88.9X88.9X9.5,HSS88.9X88.9X9.5,21.8,2640,88.9,62.2,,88.9,62.2,9.53,8.86,7.03,7.03,,2.7,76.9,60.8,32,2.7,76.9,60.8,32,4660,111
HSS,HSS88.9X88.9X7.9,HSS88.9X88.9X7.9,18.8,2270,88.9,66.8,,88.9,66.8,7.94,7.39,9.03,9.03,,2.43,67.8,54.7,32.8,2.43,67.8,54.7,32.8,4120,96.7
HSS,HSS88.9X88.9X6.4,HSS88.9X88.9X6.4,15.6,1880,88.9,71.1,,88.9,71.1,6.35,5.92,12,12,,2.1,57.4,47.2,33.5,2.1,57.4,47.2,33.5,3480,80.6
HSS,HSS88.9X88.9X4.8,HSS88.9X88.9X4.8,12.1,1450,88.9,75.7,,88.9,75.7,4.76,4.42,17.1,17.1,,1.69,45.2,37.9,34.3,1.69,45.2,37.9,34.3,2730,62.8
HSS,HSS88.9X88.9X3.2,HSS88.9X88.9X3.2,8.33,994,88.9,80,,88.9,80,3.18,2.95,27.2,27.2,,1.21,31.6,27.2,34.8,1.21,31.6,27.2,34.8,1910,43.4
HSS,HSS88.9X63.5X9.5,HSS88.9X63.5X9.5,18,2190,88.9,62.2,,63.5,36.8,9.53,8.86,4.16,7.03,,1.98,58.8,44.5,30.1,1.15,46.3,36.3,23,2560,74.8
HSS,HSS88.9X63.5X7.9,HSS88.9X63.5X7.9,15.6,1900,88.9,66.8,,63.5,41.4,7.94,7.39,5.59,9.03,,1.81,52.5,40.7,30.9,1.06,41.4,33.3,23.6,2300,66
HSS,HSS88.9X63.5X6.4,HSS88.9X63.5X6.4,13.1,1570,88.9,71.1,,63.5,45.7,6.35,5.92,7.73,12,,1.58,44.8,35.5,31.7,0.928,35.4,29.2,24.3,1980,55.8
HSS,HSS88.9X63.5X4.8,HSS88.9X63.5X4.8,10.2,1220,88.9,75.7,,63.5,50.3,4.76,4.42,11.4,17.1,,1.29,35.7,28.9,32.5,0.76,28.3,23.9,25,1570,43.8
HSS,HSS88.9X63.5X3.2,HSS88.9X63.5X3.2,7.07,839,88.9,80,,63.5,54.6,3.18,2.95,18.6,27.2,,0.929,25.3,20.9,33.2,0.553,20.1,17.4,25.6,1110,30.6
HSS,HSS88.9X50.8X6.4,HSS88.9X50.8X6.4,11.8,1430,88.9,71.1,,50.8,33,6.35,5.92,5.58,12,,1.32,38.7,29.7,30.5,0.541,25.9,21.3,19.5,1320,43.3
HSS,HSS88.9X50.8X4.8,HSS88.9X50.8X4.8,9.27,1100,88.9,75.7,,50.8,37.6,4.76,4.42,8.49,17.1,,1.09,31,24.4,31.2,0.45,20.8,17.7,20.1,1060,34.2
HSS,HSS88.9X50.8X3.2,HSS88.9X50.8X3.2,6.43,768,88.9,80,,50.8,41.9,3.18,2.95,14.2,27.2,,0.791,22,17.9,32.3,0.331,14.9,13,20.8,762,24.1
HSS,HSS88.9X38.1X6.4,HSS88.9X38.1X6.4,10.5,1270,88.9,71.1,,38.1,20.3,6.35,5.92,3.44,12,,1.06,32.4,23.9,29,0.266,17.4,13.9,14.5,745,30.8
HSS,HSS88.9X38.1X4.8,HSS88.9X38.1X4.8,8.31,994,88.9,75.7,,38.1,24.8,4.76,4.42,5.62,17.1,,0.882,26.2,19.8,29.7,0.226,14.2,11.9,15.1,620,24.7
HSS,HSS88.9X38.1X3.2,HSS88.9X38.1X3.2,5.8,690,88.9,80,,38.1,29.2,3.18,2.95,9.93,27.2,,0.653,18.8,14.7,30.7,0.171,10.3,8.98,15.7,454,17.7
HSS,HSS76.2X76.2X9.5,HSS76.2X76.2X9.5,18,2190,76.2,49.5,,76.2,49.5,9.53,8.86,5.6,5.6,,1.57,53.3,41.3,26.9,1.57,53.3,41.3,26.9,2760,77.7
HSS,HSS76.2X76.2X7.9,HSS76.2X76.2X7.9,15.7,1900,76.2,54.1,,76.2,54.1,7.94,7.39,7.31,7.31,,1.44,47.5,37.7,27.4,1.44,47.5,37.7,27.4,2470,68.5
HSS,HSS76.2X76.2X6.4,HSS76.2X76.2X6.4,13.1,1570,76.2,58.4,,76.2,58.4,6.35,5.92,9.88,9.88,,1.26,40.6,32.9,28.2,1.26,40.6,32.9,28.2,2110,57.7
HSS,HSS76.2X76.2X4.8,HSS76.2X76.2X4.8,10.2,1220,76.2,63,,76.2,63,4.76,4.42,14.2,14.2,,1.02,32.3,26.9,29,1.02,32.3,26.9,29,1680,45.2
HSS,HSS76.2X76.2X3.2,HSS76.2X76.2X3.2,7.06,839,76.2,67.3,,76.2,67.3,3.18,2.95,22.9,22.9,,0.741,22.9,19.5,29.7,0.741,22.9,19.5,29.7,1180,31.5
HSS,HSS76.2X63.5X7.9,HSS76.2X63.5X7.9,14.1,1700,76.2,54.1,,63.5,41.4,7.94,7.39,5.59,7.31,,1.22,41.1,31.8,26.7,0.907,36.1,28.5,23.1,1810,55.6
HSS,HSS76.2X63.5X6.4,HSS76.2X63.5X6.4,11.8,1430,76.2,58.4,,63.5,45.7,6.35,5.92,7.73,9.88,,1.07,35.4,28.2,27.4,0.803,31.1,25.2,23.7,1560,47
HSS,HSS76.2X63.5X4.8,HSS76.2X63.5X4.8,9.27,1100,76.2,63,,63.5,50.3,4.76,4.42,11.4,14.2,,0.878,28.3,23.1,28.2,0.662,24.9,20.8,24.5,1250,37.2
HSS,HSS76.2X63.5X3.2,HSS76.2X63.5X3.2,6.43,768,76.2,67.3,,63.5,54.6,3.18,2.95,18.6,22.9,,0.641,20.2,16.9,29,0.483,17.9,15.3,25.1,887,26.1
HSS,HSS76.2X50.8X7.9,HSS76.2X50.8X7.9,12.5,1520,76.2,54.1,,50.8,28.7,7.94,7.39,3.87,7.31,,0.991,34.6,26.1,25.7,0.516,25.9,20.3,18.4,1190,42.6
HSS,HSS76.2X50.8X6.4,HSS76.2X50.8X6.4,10.5,1270,76.2,58.4,,50.8,33,6.35,5.92,5.58,9.88,,0.887,30,23.3,26.4,0.462,22.6,18.2,19.1,1050,36.5
HSS,HSS76.2X50.8X4.8,HSS76.2X50.8X4.8,8.31,994,76.2,63,,50.8,37.6,4.76,4.42,8.49,14.2,,0.737,24.3,19.3,27.2,0.388,18.4,15.3,19.8,853,29.2
HSS,HSS76.2X50.8X3.2,HSS76.2X50.8X3.2,5.8,690,76.2,67.3,,50.8,41.9,3.18,2.95,14.2,22.9,,0.541,17.4,14.2,27.9,0.288,13.2,11.3,20.4,612,20.5
HSS,HSS76.2X38.1X6.4,HSS76.2X38.1X6.4,9.26,1120,76.2,58.4,,38.1,20.3,6.35,5.92,3.44,9.88,,0.699,24.7,18.4,24.9,0.226,14.9,11.9,14.2,599,25.9
HSS,HSS76.2X38.1X4.8,HSS76.2X38.1X4.8,7.36,884,76.2,63,,38.1,24.8,4.76,4.42,5.62,14.2,,0.591,20.3,15.5,25.9,0.194,12.3,10.2,14.8,504,21
HSS,HSS76.2X38.1X3.2,HSS76.2X38.1X3.2,5.16,617,76.2,67.3,,38.1,29.2,3.18,2.95,9.93,22.9,,0.441,14.7,11.6,26.7,0.148,9.01,7.77,15.5,369,15.1
HSS,HSS76.2X25.4X4.8,HSS76.2X25.4X4.8,6.41,768,76.2,63,,25.4,12.1,4.76,4.42,2.75,14.2,,0.445,16.2,11.7,24.1,0.072,7.08,5.65,9.65,219,13
HSS,HSS76.2X25.4X3.2,HSS76.2X25.4X3.2,4.53,542,76.2,67.3,,25.4,16.6,3.18,2.95,5.62,22.9,,0.34,11.9,8.93,25.1,0.0574,5.33,4.52,10.3,170,9.59
HSS,HSS63.5X63.5X7.9,HSS63.5X63.5X7.9,12.5,1520,63.5,41.4,,63.5,41.4,7.94,7.39,5.59,5.59,,0.758,30.8,23.9,22.4,0.758,30.8,23.9,22.4,1330,44.9
HSS,HSS63.5X63.5X6.4,HSS63.5X63.5X6.4,10.5,1270,63.5,45.7,,63.5,45.7,6.35,5.92,7.73,7.73,,0.678,26.7,21.3,23.1,0.678,26.7,21.3,23.1,1160,38.5
HSS,HSS63.5X63.5X4.8,HSS63.5X63.5X4.8,8.3,994,63.5,50.3,,63.5,50.3,4.76,4.42,11.4,11.4,,0.562,21.6,17.7,23.8,0.562,21.6,17.7,23.8,937,30.5
HSS,HSS63.5X63.5X3.2,HSS63.5X63.5X3.2,5.8,690,63.5,54.6,,63.5,54.6,3.18,2.95,18.6,18.6,,0.415,15.5,13.1,24.5,0.415,15.5,13.1,24.5,670,21.5
HSS,HSS63.5X50.8X6.4,HSS63.5X50.8X6.4,9.26,1120,63.5,45.7,,50.8,33,6.35,5.92,5.58,7.73,,0.554,22.5,17.4,22.2,0.387,19.2,15.2,18.6,791,29.8
HSS,HSS63.5X50.8X4.8,HSS63.5X50.8X4.8,7.36,884,63.5,50.3,,50.8,37.6,4.76,4.42,8.49,11.4,,0.466,18.4,14.7,23,0.327,15.7,12.9,19.3,645,23.9
HSS,HSS63.5X50.8X3.2,HSS63.5X50.8X3.2,5.16,617,63.5,54.6,,50.8,41.9,3.18,2.95,14.2,18.6,,0.347,13.3,10.9,23.7,0.245,11.4,9.65,19.9,466,17
HSS,HSS63.5X38.1X6.4,HSS63.5X38.1X6.4,8,974,63.5,45.7,,38.1,20.3,6.35,5.92,3.44,7.73,,0.429,18.2,13.5,21,0.187,12.5,9.82,13.9,458,21.1
HSS,HSS63.5X38.1X4.8,HSS63.5X38.1X4.8,6.41,768,63.5,50.3,,38.1,24.8,4.76,4.42,5.62,11.4,,0.367,15,11.6,21.8,0.162,10.4,8.52,14.5,387,17.2
HSS,HSS63.5X38.1X3.2,HSS63.5X38.1X3.2,4.53,542,63.5,54.6,,38.1,29.2,3.18,2.95,9.93,18.6,,0.278,11,8.77,22.7,0.125,7.69,6.54,15.2,286,12.4
HSS,HSS63.5X25.4X4.8,HSS63.5X25.4X4.8,5.46,658,63.5,50.3,,25.4,12.1,4.76,4.42,2.75,11.4,,0.269,11.7,8.47,20.2,0.0595,5.9,4.67,9.5,171,10.6
HSS,HSS63.5X25.4X3.2,HSS63.5X25.4X3.2,3.9,467,63.5,54.6,,25.4,16.6,3.18,2.95,5.62,18.6,,0.209,8.72,6.6,21.2,0.0479,4.49,3.77,10.1,134,7.91
HSS,HSS57.2X57.2X6.4,HSS57.2X57.2X6.4,9.26,1120,57.2,39.4,,57.2,39.4,6.35,5.92,6.66,6.66,,0.47,21,16.6,20.5,0.47,21,16.6,20.5,816,30.3
HSS,HSS57.2X57.2X4.8,HSS57.2X57.2X4.8,7.35,884,57.2,43.9,,57.2,43.9,4.76,4.42,9.93,9.93,,0.397,17,13.9,21.2,0.397,17,13.9,21.2,666,24.3
HSS,HSS57.2X57.2X3.2,HSS57.2X57.2X3.2,5.16,617,57.2,48.3,,57.2,48.3,3.18,2.95,16.4,16.4,,0.296,12.4,10.4,21.9,0.296,12.4,10.4,21.9,479,17.2
HSS,HSS50.8X50.8X6.4,HSS50.8X50.8X6.4,8,974,50.8,33,,50.8,33,6.35,5.92,5.58,5.58,,0.311,15.8,12.2,17.9,0.311,15.8,12.2,17.9,545,23.1
HSS,HSS50.8X50.8X4.8,HSS50.8X50.8X4.8,6.4,768,50.8,37.6,,50.8,37.6,4.76,4.42,8.49,8.49,,0.267,13.1,10.5,18.6,0.267,13.1,10.5,18.6,454,18.7
HSS,HSS50.8X50.8X3.2,HSS50.8X50.8X3.2,4.53,542,50.8,41.9,,50.8,41.9,3.18,2.95,14.2,14.2,,0.202,9.57,7.96,19.3,0.202,9.57,7.96,19.3,331,13.4
HSS,HSS50.8X38.1X4.8,HSS50.8X38.1X4.8,5.46,658,50.8,37.6,,38.1,24.8,4.76,4.42,5.62,8.49,,0.206,10.5,8.11,17.7,0.13,8.54,6.83,14.1,276,13.5
HSS,HSS50.8X38.1X3.2,HSS50.8X38.1X3.2,3.9,467,50.8,41.9,,38.1,29.2,3.18,2.95,9.93,14.2,,0.159,7.78,6.28,18.5,0.102,6.37,5.33,14.8,206,9.82
HSS,HSS50.8X25.4X4.8,HSS50.8X25.4X4.8,4.51,545,50.8,37.6,,25.4,12.1,4.76,4.42,2.75,8.49,,0.146,7.87,5.74,16.3,0.0466,4.72,3.69,9.27,125,8.28
HSS,HSS50.8X25.4X3.2,HSS50.8X25.4X3.2,3.26,392,50.8,41.9,,25.4,16.6,3.18,2.95,5.62,14.2,,0.117,6,4.59,17.2,0.0384,3.65,3.02,9.91,99.1,6.23
HSS,HSS38.1X38.1X6.4,HSS38.1X38.1X6.4,5.52,671,38.1,20.3,,38.1,20.3,6.35,5.92,3.44,3.44,,0.108,7.69,5.67,12.7,0.108,7.69,5.67,12.7,196,11.5
HSS,HSS38.1X38.1X4.8,HSS38.1X38.1X4.8,4.52,545,38.1,24.8,,38.1,24.8,4.78,4.42,5.62,5.62,,0.0982,6.65,5.16,13.4,0.0982,6.65,5.16,13.4,172,9.7
HSS,HSS38.1X38.1X3.2,HSS38.1X38.1X3.2,3.27,392,38.1,29.2,,38.1,29.2,3.18,2.95,9.93,9.93,,0.0783,5.06,4.11,14.1,0.0783,5.06,4.11,14.1,132,7.18
HSS,HSS711.2X25.4,HSS711.2X25.4,430,51000,,,711,,,25.4,23.6,,,30.1,3020,11200,8490,243,3020,11200,8490,243,6040000,16900
HSS,HSS711.2X22.2,HSS711.2X22.2,378,44800,,,711,,,22.2,20.7,,,34.4,2680,9870,7520,244,2680,9870,7520,244,5370000,15000
HSS,HSS711.2X19.0,HSS711.2X19.0,325,38600,,,711,,,19.1,17.7,,,40.1,2320,8520,6520,245,2320,8520,6520,245,4660000,13000
HSS,HSS711.2X15.9,HSS711.2X15.9,272,32300,,,711,,,15.9,14.8,,,48.2,1960,7160,5510,246,1960,7160,5510,246,3920000,11000
HSS,HSS711.2X12.7,HSS711.2X12.7,219,25900,,,711,,,12.7,11.8,,,60.2,1590,5780,4460,247,1590,5780,4460,247,3180000,8910
HSS,HSS711.2X9.5,HSS711.2X9.5,165,19500,,,711,,,9.53,8.86,,,80.3,1210,4380,3390,248,1210,4380,3390,248,2410000,6780
HSS,HSS660.4X19.0,HSS660.4X19.0,301,35700,,,660,,,19.1,17.7,,,37.3,1850,7330,5600,227,1850,7330,5600,227,3700000,11200
HSS,HSS660.4X15.9,HSS660.4X15.9,252,29900,,,660,,,15.9,14.8,,,44.7,1560,6160,4740,228,1560,6160,4740,228,3120000,9460
HSS,HSS660.4X12.7,HSS660.4X12.7,203,24100,,,660,,,12.7,11.8,,,55.9,1270,4970,3830,229,1270,4970,3830,229,2530000,7670
HSS,HSS660.4X9.5,HSS660.4X9.5,153,18100,,,660,,,9.53,8.86,,,74.6,961,3750,2920,230,961,3750,2920,230,1920000,5830
HSS,HSS660.4X7.9,HSS660.4X7.9,128,15200,,,660,,,7.95,7.39,,,89.5,807,3150,2440,231,807,3150,2440,231,1610000,4880
HSS,HSS609.6X25.4,HSS609.6X25.4,366,43500,,,610,,,25.4,23.6,,,25.8,1870,8110,6130,207,1870,8110,6130,207,3740000,12200
HSS,HSS609.6X22.2,HSS609.6X22.2,322,38300,,,610,,,22.2,20.7,,,29.5,1660,7180,5440,208,1660,7180,5440,208,3320000,10900
HSS,HSS609.6X19.0,HSS609.6X19.0,277,33000,,,610,,,19.1,17.7,,,34.4,1440,6210,4740,209,1440,6210,4740,209,2890000,9460
HSS,HSS609.6X15.9,HSS609.6X15.9,232,27600,,,610,,,15.9,14.8,,,41.3,1220,5230,4000,210,1220,5230,4000,210,2440000,8000
HSS,HSS609.6X12.7,HSS609.6X12.7,187,22200,,,610,,,12.7,11.8,,,51.6,991,4230,3240,211,991,4230,3240,211,1980000,6510
HSS,HSS609.6X9.5,HSS609.6X9.5,141,16700,,,610,,,9.53,8.86,,,68.8,753,3200,2470,212,753,3200,2470,212,1510000,4950
HSS,HSS609.6X7.9,HSS609.6X7.9,118,13900,,,610,,,7.95,7.39,,,82.6,633,2670,2080,213,633,2670,2080,213,1270000,4150
HSS,HSS558.8X19.0,HSS558.8X19.0,254,30100,,,559,,,19.1,17.7,,,31.5,1100,5190,3950,192,1100,5190,3950,192,2210000,7880
HSS,HSS558.8X15.9,HSS558.8X15.9,213,25200,,,559,,,15.9,14.8,,,37.8,932,4380,3340,193,932,4380,3340,193,1870000,6690
HSS,HSS558.8X12.7,HSS558.8X12.7,171,20300,,,559,,,12.7,11.8,,,47.3,758,3540,2720,194,758,3540,2720,194,1520000,5420
HSS,HSS558.8X9.5,HSS558.8X9.5,129,15300,,,559,,,9.53,8.86,,,63.1,579,2670,2060,195,579,2670,2060,195,1160000,4150
HSS,HSS558.8X7.9,HSS558.8X7.9,108,12800,,,559,,,7.95,7.39,,,75.7,487,2250,1740,195,487,2250,1740,195,974000,3470
HSS,HSS508X25.4,HSS508X25.4,302,35900,,,508,,,25.4,23.6,,,21.5,1060,5540,4160,171,1060,5540,4160,171,2110000,8290
HSS,HSS508X22.2,HSS508X22.2,266,31600,,,508,,,22.2,20.7,,,24.6,941,4920,3700,172,941,4920,3700,172,1880000,7390
HSS,HSS508X19.0,HSS508X19.0,230,27300,,,508,,,19.1,17.7,,,28.7,820,4260,3230,173,820,4260,3230,173,1640000,6460
HSS,HSS508X15.9,HSS508X15.9,193,22900,,,508,,,15.9,14.8,,,34.4,695,3590,2740,174,695,3590,2740,174,1390000,5470
HSS,HSS508X12.7,HSS508X12.7,155,18400,,,508,,,12.7,11.8,,,43,566,2900,2230,176,566,2900,2230,176,1130000,4460
HSS,HSS508X9.5,HSS508X9.5,117,13900,,,508,,,9.53,8.86,,,57.3,433,2210,1700,177,433,2210,1700,177,866000,3410
HSS,HSS508X7.9,HSS508X7.9,97.9,11600,,,508,,,7.95,7.39,,,68.8,364,1850,1430,177,364,1850,1430,177,728000,2870
HSS,HSS508X6.4,HSS508X6.4,78.5,9290,,,508,,,6.35,5.92,,,86,293,1490,1160,178,293,1490,1160,178,587000,2310
HSS,HSS457.2X25.4,HSS457.2X25.4,270,32200,,,457,,,25.4,23.6,,,19.4,758,4440,3310,153,758,4440,3310,153,1520000,6600
HSS,HSS457.2X22.2,HSS457.2X22.2,238,28300,,,457,,,22.2,20.7,,,22.1,678,3950,2970,154,678,3950,2970,154,1350000,5900
HSS,HSS457.2X19.0,HSS457.2X19.0,206,24500,,,457,,,19.1,17.7,,,25.8,591,3420,2590,155,591,3420,2590,155,1180000,5160
HSS,HSS457.2X15.9,HSS457.2X15.9,173,20500,,,457,,,15.9,14.8,,,31,504,2880,2200,156,504,2880,2200,156,1010000,4390
HSS,HSS457.2X12.7,HSS457.2X12.7,139,16500,,,457,,,12.7,11.8,,,38.7,410,2340,1790,157,410,2340,1790,157,820000,3590
HSS,HSS457.2X9.5,HSS457.2X9.5,105,12500,,,457,,,9.53,8.86,,,51.6,314,1790,1370,158,314,1790,1370,158,629000,2750
HSS,HSS457.2X7.9,HSS457.2X7.9,87.9,10500,,,457,,,7.95,7.39,,,61.9,264,1490,1150,159,264,1490,1150,159,529000,2310
HSS,HSS457.2X6.4,HSS457.2X6.4,70.6,8390,,,457,,,6.35,5.92,,,77.4,213,1200,932,160,213,1200,932,160,425000,1870
HSS,HSS406.4X25.4,HSS406.4X25.4,239,28400,,,406,,,25.4,23.6,,,17.2,520,3460,2570,136,520,3460,2570,136,1040000,5110
HSS,HSS406.4X22.2,HSS406.4X22.2,211,25000,,,406,,,22.2,20.7,,,19.7,466,3080,2290,137,466,3080,2290,137,932000,4570
HSS,HSS406.4X19.0,HSS406.4X19.0,182,21600,,,406,,,19.1,17.7,,,22.9,410,2670,2020,138,410,2670,2020,138,820000,4010
HSS,HSS406.4X15.9,HSS406.4X15.9,153,18100,,,406,,,15.9,14.8,,,27.5,349,2260,1720,139,349,2260,1720,139,699000,3420
HSS,HSS406.4X12.7,HSS406.4X12.7,123,14600,,,406,,,12.7,11.8,,,34.4,285,1840,1400,139,285,1840,1400,139,570000,2800
HSS,HSS406.4X11.1,HSS406.4X11.1,108,12800,,,406,,,11.1,10.3,,,39.3,252,1620,1240,140,252,1620,1240,140,504000,2490
HSS,HSS406.4X9.5,HSS406.4X9.5,93.2,11100,,,406,,,9.53,8.86,,,45.8,219,1400,1080,140,219,1400,1080,140,437000,2150
HSS,HSS406.4X7.9,HSS406.4X7.9,77.9,9290,,,406,,,7.94,7.39,,,55,184,1180,908,141,184,1180,908,141,369000,1820
HSS,HSS406.4X6.4,HSS406.4X6.4,62.6,7420,,,406,,,6.35,5.92,,,68.7,149,949,734,142,149,949,734,142,298000,1470
HSS,HSS355.6X25.4,HSS355.6X25.4,207,24600,,,356,,,25.4,23.6,,,15.1,341,2610,1920,118,341,2610,1920,118,683000,3800
HSS,HSS355.6X22.2,HSS355.6X22.2,183,21700,,,356,,,22.2,20.7,,,17.2,306,2330,1720,119,306,2330,1720,119,612000,3420
HSS,HSS355.6X19.0,HSS355.6X19.0,158,18800,,,356,,,19.1,17.7,,,20.1,269,2030,1510,120,269,2030,1510,120,537000,3020
HSS,HSS355.6X15.9,HSS355.6X15.9,133,15800,,,356,,,15.9,14.8,,,24.1,230,1720,1290,121,230,1720,1290,121,458000,2590
HSS,HSS355.6X12.7,HSS355.6X12.7,107,12800,,,356,,,12.7,11.8,,,30.1,189,1400,1060,122,189,1400,1060,122,378000,2130
HSS,HSS355.6X9.5,HSS355.6X9.5,81.3,9680,,,356,,,9.53,8.86,,,40.1,145,1070,816,123,145,1070,816,123,291000,1640
HSS,HSS355.6X7.9,HSS355.6X7.9,67.9,8060,,,356,,,7.94,7.39,,,48.1,123,896,690,123,123,896,690,123,245000,1380
HSS,HSS355.6X6.4,HSS355.6X6.4,54.7,6520,,,356,,,6.35,5.92,,,60.1,99.5,724,559,124,99.5,724,559,124,199000,1120
HSS,HSS355.6X4.8,HSS355.6X4.8,41.2,4880,,,356,,,4.78,4.42,,,80.3,75.3,546,424,124,75.3,546,424,124,151000,847
HSS,HSS340.36X15.9,HSS340.36X15.9,127,15100,,,340,,,15.9,14.8,,,23,199,1560,1170,115,199,1560,1170,115,399000,2340
HSS,HSS340.36X12.7,HSS340.36X12.7,102,12200,,,340,,,12.7,11.8,,,28.8,164,1270,964,116,164,1270,964,116,328000,1920
HSS,HSS340.36X9.5,HSS340.36X9.5,77.5,9230,,,340,,,9.53,8.86,,,38.4,126,970,742,117,126,970,742,117,252000,1480
HSS,HSS340.36X7.9,HSS340.36X7.9,64.9,7680,,,340,,,7.95,7.39,,,46,107,816,626,118,107,816,626,118,213000,1250
HSS,HSS340.36X6.4,HSS340.36X6.4,52.2,6190,,,340,,,6.35,5.92,,,57.5,86.2,659,508,118,86.2,659,508,118,173000,1020
HSS,HSS340.36X4.8,HSS340.36X4.8,39.3,4660,,,340,,,4.78,4.42,,,76.7,65.8,498,387,119,65.8,498,387,119,131000,772
HSS,HSS323.9X19.0,HSS323.9X19.0,143,17000,,,324,,,19.1,17.7,,,18.3,200,1660,1240,108,200,1660,1240,108,400000,2460
HSS,HSS323.9X15.9,HSS323.9X15.9,121,14300,,,324,,,15.9,14.8,,,21.9,171,1410,1060,109,171,1410,1060,109,343000,2110
HSS,HSS323.9X12.7,HSS323.9X12.7,97.4,11500,,,324,,,12.7,11.8,,,27.4,141,1150,872,110,141,1150,872,110,282000,1740
HSS,HSS323.9X9.5,HSS323.9X9.5,73.8,8770,,,324,,,9.53,8.86,,,36.5,109,880,672,112,109,880,672,112,218000,1350
HSS,HSS323.9X6.4,HSS323.9X6.4,49.7,5910,,,324,,,6.35,5.92,,,54.7,74.9,598,462,113,74.9,598,462,113,149000,923
HSS,HSS323.9X4.8,HSS323.9X4.8,37.5,4450,,,324,,,4.78,4.42,,,73.1,56.6,452,351,113,56.6,452,351,113,113000,700
HSS,HSS304.8X15.9,HSS304.8X15.9,113,13500,,,305,,,15.9,14.8,,,20.6,142,1240,931,103,142,1240,931,103,283000,1850
HSS,HSS304.8X12.7,HSS304.8X12.7,91.5,10900,,,305,,,12.7,11.8,,,25.8,117,1010,767,104,117,1010,767,104,234000,1530
HSS,HSS304.8X9.5,HSS304.8X9.5,69.3,8260,,,305,,,9.53,8.86,,,34.4,90.3,777,592,105,90.3,777,592,105,181000,1180
HSS,HSS304.8X6.4,HSS304.8X6.4,46.7,5550,,,305,,,6.35,5.92,,,51.6,62,528,406,106,62,528,406,106,124000,813
HSS,HSS299.72X15.9,HSS299.72X15.9,111,13200,,,300,,,15.9,14.8,,,20.2,133,1190,890,100,133,1190,890,100,266000,1770
HSS,HSS299.72X12.7,HSS299.72X12.7,89.5,10600,,,300,,,12.7,11.8,,,25.3,109,972,733,101,109,972,733,101,219000,1460
HSS,HSS299.72X9.5,HSS299.72X9.5,67.9,8060,,,300,,,9.53,8.86,,,33.7,84.5,742,567,102,84.5,742,567,102,169000,1130
HSS,HSS299.72X8.6,HSS299.72X8.6,61.2,7290,,,300,,,8.56,7.95,,,37.5,76.6,672,515,103,76.6,672,515,103,153000,1030
HSS,HSS299.72X6.4,HSS299.72X6.4,45.7,5430,,,300,,,6.35,5.92,,,50.5,58.3,505,390,103,58.3,505,390,103,116000,778
HSS,HSS273.1X15.9,HSS273.1X15.9,101,12000,,,273,,,15.9,14.8,,,18.5,100,987,734,91.4,100,987,734,91.4,201000,1460
HSS,HSS273.1X12.7,HSS273.1X12.7,81.5,9680,,,273,,,12.7,11.8,,,23.1,82.8,806,606,92.5,82.8,806,606,92.5,166000,1210
HSS,HSS273.1X9.5,HSS273.1X9.5,61.9,7350,,,273,,,9.53,8.86,,,30.8,64.1,619,470,93.5,64.1,619,470,93.5,129000,941
HSS,HSS273.1X7.9,HSS273.1X7.9,51.9,6160,,,273,,,7.95,7.39,,,37,54.5,521,398,94,54.5,521,398,94,109000,796
HSS,HSS273.1X6.4,HSS273.1X6.4,41.8,4970,,,273,,,6.35,5.92,,,46.1,44.1,423,324,94.5,44.1,423,324,94.5,88700,649
HSS,HSS273.1X4.8,HSS273.1X4.8,31.5,3740,,,273,,,4.78,4.42,,,61.6,33.7,320,247,95,33.7,320,247,95,67400,493
HSS,HSS254X15.9,HSS254X15.9,93.2,11100,,,254,,,15.9,14.8,,,17.2,79.5,846,628,84.8,79.5,846,628,84.8,159000,1260
HSS,HSS254X12.7,HSS254X12.7,75.6,8970,,,254,,,12.7,11.8,,,21.5,66.2,693,519,85.9,66.2,693,519,85.9,132000,1040
HSS,HSS254X9.5,HSS254X9.5,57.4,6840,,,254,,,9.53,8.86,,,28.7,51.2,533,405,86.6,51.2,533,405,86.6,103000,808
HSS,HSS254X7.9,HSS254X7.9,48.1,5730,,,254,,,7.94,7.39,,,34.4,43.7,449,342,87.1,43.7,449,342,87.1,87000,687
HSS,HSS254X6.4,HSS254X6.4,38.8,4610,,,254,,,6.35,5.92,,,42.9,35.5,364,280,87.6,35.5,364,280,87.6,71200,559
HSS,HSS254X4.8,HSS254X4.8,29.3,3460,,,254,,,4.78,4.42,,,57.5,27,275,213,88.1,27,275,213,88.1,54100,424
HSS,HSS244.5X15.9,HSS244.5X15.9,89.5,10600,,,244,,,15.9,14.8,,,16.6,70.8,780,577,81.3,70.8,780,577,81.3,141000,1150
HSS,HSS244.5X12.7,HSS244.5X12.7,72.6,8650,,,244,,,12.7,11.8,,,20.7,58.7,639,479,82.3,58.7,639,479,82.3,117000,959
HSS,HSS244.5X9.5,HSS244.5X9.5,55.2,6580,,,244,,,9.53,8.86,,,27.6,45.8,492,374,83.3,45.8,492,374,83.3,91200,746
HSS,HSS244.5X7.9,HSS244.5X7.9,46.2,5500,,,244,,,7.94,7.39,,,33.1,38.7,416,316,83.8,38.7,416,316,83.8,77400,634
HSS,HSS244.5X6.4,HSS244.5X6.4,37.3,4430,,,244,,,6.35,5.92,,,41.3,31.6,338,259,84.3,31.6,338,259,84.3,63300,516
HSS,HSS244.5X4.8,HSS244.5X4.8,28.2,3340,,,244,,,4.78,4.42,,,55.3,24,254,197,84.8,24,254,197,84.8,47900,393
HSS,HSS219.1X15.9,HSS219.1X15.9,79.5,9480,,,219,,,15.9,14.8,,,14.8,49.5,618,454,72.4,49.5,618,454,72.4,99500,908
HSS,HSS219.1X12.7,HSS219.1X12.7,64.6,7680,,,219,,,12.7,11.8,,,18.5,41.6,508,379,73.4,41.6,508,379,73.4,82800,757
HSS,HSS219.1X9.5,HSS219.1X9.5,49.2,5850,,,219,,,9.53,8.86,,,24.7,32.4,392,295,74.4,32.4,392,295,74.4,64900,592
HSS,HSS219.1X8.2,HSS219.1X8.2,42.5,5060,,,219,,,8.18,7.62,,,28.8,28.3,341,259,74.9,28.3,341,259,74.9,56600,518
HSS,HSS219.1X6.4,HSS219.1X6.4,33.3,3960,,,219,,,6.35,5.92,,,37,22.5,269,205,75.4,22.5,269,205,75.4,45000,411
HSS,HSS219.1X4.8,HSS219.1X4.8,25.2,2980,,,219,,,4.78,4.42,,,49.6,17.2,203,157,75.9,17.2,203,157,75.9,34300,313
HSS,HSS190.5X12.7,HSS190.5X12.7,55.7,6650,,,191,,,12.7,11.8,,,16.1,26.6,377,279,63.2,26.6,377,279,63.2,53300,559
HSS,HSS190.5X9.5,HSS190.5X9.5,42.5,5060,,,191,,,9.53,8.86,,,21.5,20.9,293,220,64.3,20.9,293,220,64.3,41600,439
HSS,HSS190.5X7.9,HSS190.5X7.9,35.7,4250,,,191,,,7.94,7.39,,,25.8,17.9,247,187,64.8,17.9,247,187,64.8,35700,375
HSS,HSS190.5X6.4,HSS190.5X6.4,28.8,3430,,,191,,,6.35,5.92,,,32.2,14.7,202,154,65.3,14.7,202,154,65.3,29300,306
HSS,HSS190.5X4.8,HSS190.5X4.8,21.9,2580,,,191,,,4.78,4.42,,,43.1,11.2,153,117,65.8,11.2,153,117,65.8,22400,234
HSS,HSS177.8X12.7,HSS177.8X12.7,51.7,6160,,,178,,,12.7,11.8,,,15.1,21.3,326,239,58.9,21.3,326,239,58.9,42500,480
HSS,HSS177.8X9.5,HSS177.8X9.5,39.5,4700,,,178,,,9.53,8.86,,,20.1,16.8,254,190,59.7,16.8,254,190,59.7,33700,379
HSS,HSS177.8X7.9,HSS177.8X7.9,33.2,3950,,,178,,,7.94,7.39,,,24.1,14.4,215,162,60.2,14.4,215,162,60.2,28800,324
HSS,HSS177.8X6.4,HSS177.8X6.4,26.8,3190,,,178,,,6.35,5.92,,,30,11.8,175,133,60.7,11.8,175,133,60.7,23600,265
HSS,HSS177.8X4.8,HSS177.8X4.8,20.4,2410,,,178,,,4.78,4.42,,,40.2,9.03,133,102,61.2,9.03,133,102,61.2,18100,203
HSS,HSS177.8X3.2,HSS177.8X3.2,13.7,1620,,,178,,,3.18,2.95,,,60.3,6.2,90.1,69.6,61.7,6.2,90.1,69.6,61.7,12400,139
HSS,HSS174.6X9.5,HSS174.6X9.5,38.8,4620,,,175,,,9.53,8.86,,,19.7,15.9,244,182,58.7,15.9,244,182,58.7,31800,364
HSS,HSS174.6X7.9,HSS174.6X7.9,32.6,3880,,,175,,,7.94,7.39,,,23.6,13.6,206,156,59.2,13.6,206,156,59.2,27200,311
HSS,HSS174.6X6.4,HSS174.6X6.4,26.3,3140,,,175,,,6.35,5.92,,,29.5,11.2,169,128,59.7,11.2,169,128,59.7,22400,256
HSS,HSS174.6X4.8,HSS174.6X4.8,20,2360,,,175,,,4.78,4.42,,,39.5,8.57,128,98.2,60.2,8.57,128,98.2,60.2,17100,197
HSS,HSS168.3X12.7,HSS168.3X12.7,48.7,5810,,,168,,,12.7,11.8,,,14.2,17.9,290,213,55.4,17.9,290,213,55.4,35800,424
HSS,HSS168.3X11,HSS168.3X11,42.6,5070,,,168,,,11.1,10.2,,,16.5,15.9,256,188,55.9,15.9,256,188,55.9,31800,379
HSS,HSS168.3X9.5,HSS168.3X9.5,37.3,4440,,,168,,,9.53,8.86,,,19,14.2,226,169,56.4,14.2,226,169,56.4,28300,336
HSS,HSS168.3X7.9,HSS168.3X7.9,31.3,3740,,,168,,,7.94,7.39,,,22.8,12.1,192,144,56.9,12.1,192,144,56.9,24200,288
HSS,HSS168.3X7.1,HSS168.3X7.1,28.3,3350,,,168,,,7.11,6.6,,,25.5,11,172,130,57.2,11,172,130,57.2,21900,261
HSS,HSS168.3X6.4,HSS168.3X6.4,25.4,3020,,,168,,,6.35,5.92,,,28.4,9.95,156,118,57.4,9.95,156,118,57.4,19900,236
HSS,HSS168.3X4.8,HSS168.3X4.8,19.2,2280,,,168,,,4.78,4.42,,,38.1,7.66,119,90.8,57.9,7.66,119,90.8,57.9,15300,182
HSS,HSS168.3X3.2,HSS168.3X3.2,12.9,1530,,,168,,,3.18,2.95,,,57.1,5.24,80.6,62.1,58.4,5.24,80.6,62.1,58.4,10400,124
HSS,HSS152.4X12.7,HSS152.4X12.7,43.7,5220,,,152,,,12.7,11.8,,,12.9,13,234,170,49.8,13,234,170,49.8,26000,341
HSS,HSS152.4X9.5,HSS152.4X9.5,33.6,4000,,,152,,,9.53,8.86,,,17.2,10.3,184,136,50.8,10.3,184,136,50.8,20700,272
HSS,HSS152.4X7.9,HSS152.4X7.9,28.2,3370,,,152,,,7.94,7.39,,,20.6,8.87,156,117,51.3,8.87,156,117,51.3,17700,233
HSS,HSS152.4X7.1,HSS152.4X7.1,25.5,3030,,,152,,,7.11,6.6,,,23.1,8.03,140,106,51.6,8.03,140,106,51.6,16100,211
HSS,HSS152.4X6.4,HSS152.4X6.4,22.9,2720,,,152,,,6.35,5.92,,,25.8,7.33,127,96,51.8,7.33,127,96,51.8,14700,192
HSS,HSS152.4X4.8,HSS152.4X4.8,17.4,2050,,,152,,,4.78,4.42,,,34.5,5.62,96.8,73.9,52.3,5.62,96.8,73.9,52.3,11200,148
HSS,HSS152.4X3.2,HSS152.4X3.2,11.7,1380,,,152,,,3.18,2.95,,,51.7,3.86,65.9,50.6,52.8,3.86,65.9,50.6,52.8,7740,101
HSS,HSS141.3X12.7,HSS141.3X12.7,40.3,4810,,,141,,,12.7,11.8,,,12,10.2,198,144,46,10.2,198,144,46,20300,287
HSS,HSS141.3X9.5,HSS141.3X9.5,30.9,3690,,,141,,,9.53,8.86,,,15.9,8.12,156,115,47,8.12,156,115,47,16200,229
HSS,HSS141.3X6.6,HSS141.3X6.6,21.8,2590,,,141,,,6.55,6.1,,,23.2,5.91,111,83.9,47.8,5.91,111,83.9,47.8,11900,167
HSS,HSS141.3X4.8,HSS141.3X4.8,16.1,1900,,,141,,,4.78,4.42,,,32,4.45,82.8,63.1,48.5,4.45,82.8,63.1,48.5,8910,126
HSS,HSS141.3X3.4,HSS141.3X3.4,11.6,1370,,,141,,,3.4,3.15,,,44.9,3.26,60.1,46.2,48.8,3.26,60.1,46.2,48.8,6530,92.4
HSS,HSS139.7X12.7,HSS139.7X12.7,39.8,4750,,,140,,,12.7,11.8,,,11.8,9.78,193,140,45.5,9.78,193,140,45.5,19600,280
HSS,HSS139.7X9.5,HSS139.7X9.5,30.6,3650,,,140,,,9.53,8.86,,,15.8,7.83,152,112,46.5,7.83,152,112,46.5,15700,225
HSS,HSS139.7X6.6,HSS139.7X6.6,21.5,2560,,,140,,,6.55,6.1,,,22.9,5.7,109,81.9,47.2,5.7,109,81.9,47.2,11400,164
HSS,HSS127X12.7,HSS127X12.7,35.8,4270,,,127,,,12.7,11.8,,,10.8,7.16,157,113,40.9,7.16,157,113,40.9,14300,226
HSS,HSS127X9.5,HSS127X9.5,27.6,3290,,,127,,,9.53,8.86,,,14.3,5.79,124,90.9,41.9,5.79,124,90.9,41.9,11500,182
HSS,HSS127X7.9,HSS127X7.9,23.3,2770,,,127,,,7.94,7.39,,,17.2,4.99,106,78.5,42.4,4.99,106,78.5,42.4,9990,157
HSS,HSS127X6.6,HSS127X6.6,19.5,2320,,,127,,,6.55,6.1,,,20.8,4.25,89.1,66.9,42.9,4.25,89.1,66.9,42.9,8490,134
HSS,HSS127X6.4,HSS127X6.4,18.9,2250,,,127,,,6.35,5.92,,,21.5,4.14,86.9,65.1,42.9,4.14,86.9,65.1,42.9,8280,130
HSS,HSS127X4.8,HSS127X4.8,14.4,1700,,,127,,,4.78,4.42,,,28.7,3.2,66.4,50.5,43.4,3.2,66.4,50.5,43.4,6410,101
HSS,HSS127X3.2,HSS127X3.2,9.69,1150,,,127,,,3.18,2.95,,,43.1,2.21,45.4,34.7,43.9,2.21,45.4,34.7,43.9,4410,69.6
HSS,HSS114.3X9.5,HSS114.3X9.5,24.6,2940,,,114,,,9.53,8.86,,,12.9,4.11,98.8,71.9,37.3,4.11,98.8,71.9,37.3,8200,144
HSS,HSS114.3X8.6,HSS114.3X8.6,22.3,2660,,,114,,,8.56,7.95,,,14.4,3.78,90.1,66,37.6,3.78,90.1,66,37.6,7530,132
HSS,HSS114.3X6,HSS114.3X6,16.1,1910,,,114,,,6.02,5.59,,,20.5,2.83,66,49.5,38.6,2.83,66,49.5,38.6,5660,99
HSS,HSS114.3X4.8,HSS114.3X4.8,12.9,1520,,,114,,,4.78,4.42,,,25.9,2.31,53.4,40.3,38.9,2.31,53.4,40.3,38.9,4620,80.8
HSS,HSS114.3X3.2,HSS114.3X3.2,8.7,1030,,,114,,,3.18,2.95,,,38.8,1.6,36.5,28,39.4,1.6,36.5,28,39.4,3200,55.9
HSS,HSS101.6X8,HSS101.6X8,18.4,2190,,,102,,,7.94,7.39,,,13.7,2.44,65.7,48,33.5,2.44,65.7,48,33.5,4870,96.2
HSS,HSS101.6X6.4,HSS101.6X6.4,14.9,1780,,,102,,,6.35,5.92,,,17.2,2.04,54.2,40.1,33.8,2.04,54.2,40.1,33.8,4090,80.5
HSS,HSS101.6X6,HSS101.6X6,14.2,1680,,,102,,,6.02,5.59,,,18.2,1.95,51.6,38.3,34,1.95,51.6,38.3,34,3900,76.7
HSS,HSS101.6X5.7,HSS101.6X5.7,13.6,1610,,,102,,,5.74,5.33,,,19,1.87,49.5,36.9,34,1.87,49.5,36.9,34,3750,73.7
HSS,HSS101.6X5.6,HSS101.6X5.6,13.2,1570,,,102,,,5.59,5.21,,,19.5,1.84,48.5,36.2,34,1.84,48.5,36.2,34,3680,72.3
HSS,HSS101.6X4.8,HSS101.6X4.8,11.4,1350,,,102,,,4.78,4.42,,,23,1.59,41.8,31.5,34.3,1.59,41.8,31.5,34.3,3190,62.8
HSS,HSS101.6X3.2,HSS101.6X3.2,7.7,916,,,102,,,3.18,2.95,,,34.5,1.11,28.7,22,34.8,1.11,28.7,22,34.8,2220,43.8
HSS,HSS88.9X8,HSS88.9X8,15.9,1890,,,88.9,,,7.95,7.39,,,12,1.59,49.2,35.7,29,1.59,49.2,35.7,29,3170,71.3
HSS,HSS88.9X7.6,HSS88.9X7.6,15.3,1820,,,88.9,,,7.62,7.09,,,12.5,1.54,47.5,34.6,29,1.54,47.5,34.6,29,3070,69.2
HSS,HSS88.9X6.4,HSS88.9X6.4,12.9,1540,,,88.9,,,6.35,5.92,,,15,1.34,40.8,30,29.5,1.34,40.8,30,29.5,2670,60
HSS,HSS88.9X5.5,HSS88.9X5.5,11.3,1340,,,88.9,,,5.49,5.11,,,17.4,1.18,35.9,26.7,29.7,1.18,35.9,26.7,29.7,2370,53.3
HSS,HSS88.9X5.2,HSS88.9X5.2,10.6,1270,,,88.9,,,5.16,4.8,,,18.5,1.12,33.9,25.2,29.7,1.12,33.9,25.2,29.7,2250,50.6
HSS,HSS88.9X4.8,HSS88.9X4.8,9.9,1170,,,88.9,,,4.78,4.42,,,20.1,1.05,31.6,23.6,30,1.05,31.6,23.6,30,2100,47.2
HSS,HSS88.9X3.2,HSS88.9X3.2,6.71,794,,,88.9,,,3.18,2.95,,,30.2,0.737,21.8,16.6,30.5,0.737,21.8,16.6,30.5,1470,33.1
HSS,HSS76.2X6.4,HSS76.2X6.4,10.9,1310,,,76.2,,,6.35,5.92,,,12.9,0.812,29.3,21.3,24.9,0.812,29.3,21.3,24.9,1620,42.6
HSS,HSS76.2X5.5,HSS76.2X5.5,9.57,1140,,,76.2,,,5.49,5.11,,,14.9,0.724,25.9,19,25.2,0.724,25.9,19,25.2,1450,38
HSS,HSS76.2X5.2,HSS76.2X5.2,9.03,1080,,,76.2,,,5.16,4.8,,,15.9,0.691,24.6,18,25.3,0.691,24.6,18,25.3,1380,36.2
HSS,HSS76.2X4.8,HSS76.2X4.8,8.41,994,,,76.2,,,4.78,4.42,,,17.2,0.645,22.8,16.9,25.4,0.645,22.8,16.9,25.4,1290,33.8
HSS,HSS76.2X3.9,HSS76.2X3.9,6.89,819,,,76.2,,,3.86,3.58,,,21.3,0.541,18.8,14.2,25.7,0.541,18.8,14.2,25.7,1080,28.3
HSS,HSS76.2X3.4,HSS76.2X3.4,6.11,723,,,76.2,,,3.4,3.15,,,24.2,0.483,16.9,12.7,25.9,0.483,16.9,12.7,25.9,966,25.4
HSS,HSS76.2X3.2,HSS76.2X3.2,5.72,677,,,76.2,,,3.18,2.95,,,25.9,0.454,15.8,12,25.9,0.454,15.8,12,25.9,912,23.9
HSS,HSS73X6.4,HSS73X6.4,10.4,1250,,,73,,,6.35,5.92,,,12.3,0.708,26.7,19.3,23.8,0.708,26.7,19.3,23.8,1420,38.8
HSS,HSS73X5.2,HSS73X5.2,8.63,1030,,,73,,,5.16,4.8,,,15.2,0.604,22.5,16.6,24.2,0.604,22.5,16.6,24.2,1200,32.9
HSS,HSS73X4.8,HSS73X4.8,8.04,955,,,73,,,4.78,4.42,,,16.5,0.562,20.8,15.4,24.3,0.562,20.8,15.4,24.3,1120,30.8
HSS,HSS73X3.2,HSS73X3.2,5.47,652,,,73,,,3.18,2.95,,,24.8,0.399,14.5,10.9,24.8,0.399,14.5,10.9,24.8,799,21.8
HSS,HSS63.5X6.4,HSS63.5X6.4,8.95,1070,,,63.5,,,6.35,5.92,,,10.7,0.45,19.7,14.1,20.5,0.45,19.7,14.1,20.5,895,28.2
HSS,HSS63.5X4.8,HSS63.5X4.8,6.91,819,,,63.5,,,4.78,4.42,,,14.4,0.36,15.5,11.3,21,0.36,15.5,11.3,21,720,22.6
HSS,HSS63.5X3.2,HSS63.5X3.2,4.72,561,,,63.5,,,3.18,2.95,,,21.6,0.258,10.8,8.11,21.4,0.258,10.8,8.11,21.4,516,16.2
HSS,HSS60.3X6.4,HSS60.3X6.4,8.45,1010,,,60.3,,,6.35,5.92,,,10.2,0.379,17.5,12.6,19.4,0.379,17.5,12.6,19.4,758,25.1
HSS,HSS60.3X5.5,HSS60.3X5.5,7.48,897,,,60.3,,,5.54,5.16,,,11.7,0.343,15.7,11.4,19.6,0.343,15.7,11.4,19.6,687,22.8
HSS,HSS60.3X4.8,HSS60.3X4.8,6.54,774,,,60.3,,,4.78,4.42,,,13.6,0.305,13.8,10.1,19.8,0.305,13.8,10.1,19.8,612,20.2
HSS,HSS60.3X3.9,HSS60.3X3.9,5.44,645,,,60.3,,,3.91,3.63,,,16.6,0.261,11.7,8.65,20.1,0.261,11.7,8.65,20.1,520,17.4
HSS,HSS60.3X3.2,HSS60.3X3.2,4.47,531,,,60.3,,,3.18,2.95,,,20.5,0.219,9.7,7.26,20.3,0.219,9.7,7.26,20.3,437,14.5
HSS,HSS48.3X4.8,HSS48.3X4.8,5.12,608,,,48.3,,,4.78,4.42,,,10.9,0.148,8.52,6.13,15.6,0.148,8.52,6.13,15.6,296,12.2
HSS,HSS48.3X3.7,HSS48.3X3.7,4.05,483,,,48.3,,,3.68,3.43,,,14.1,0.122,6.9,5.06,15.9,0.122,6.9,5.06,15.9,244,10.1
HSS,HSS48.3X3.0,HSS48.3X3.0,3.4,403,,,48.3,,,3.05,2.82,,,17.1,0.104,5.83,4.33,16.1,0.104,5.83,4.33,16.1,209,8.64
HSS,HSS42.2X3.6,HSS42.2X3.6,3.38,403,,,42.2,,,3.56,3.3,,,12.8,0.0766,5,3.64,13.8,0.0766,5,3.64,13.8,153,7.28
