Type,EDI_Std_Nomenclature,AISC_Manual_Label,W,A,d,ddet,bf,bfdet,tw,twdet,twdet/2,tf,tfdet,kdes,kdet,k1,bf/2tf,h/tw,Ix,Zx,Sx,rx,Iy,Zy,Sy,ry,J,Cw,Wno,Sw1,Qf,Qw,rts,ho,PA,PA2,PB,PC,PD,T,WGi,WGo
W,W1100X607,W1100X607,607,77400,1140,1140,409,410,31,31.8,15.9,55.1,55.6,75.2,85.7,46,3.71,31.9,16100,32800,28300,457,633,4870,3100,90.4,55800,186000,111000,624,5640,16300,110,1080,3400,,3810,2690,3100,965,140,76.2
W,W1100X548,W1100X548,548,69700,1130,1130,406,406,27.9,28.6,14.3,50,50.8,70.1,81,44.5,4.06,35.4,14400,29500,25600,455,562,4340,2770,89.9,41600,163000,110000,558,5100,14700,109,1080,3380,,3780,2670,3070,965,140,76.2
W,W1100X499,W1100X499,499,63500,1120,1120,404,406,26.2,25.4,12.7,45,44.4,65,76.2,44.5,4.5,38,12900,26500,23100,452,499,3870,2460,88.6,31100,144000,108000,491,4560,13200,108,1070,3350,,3760,2640,3050,965,140,76.2
W,W1100X433,W1100X433,433,55100,1110,1110,401,403,22,22.2,11.1,40.1,39.7,59.9,71.4,41.3,5.02,45,11200,23100,20300,452,433,3360,2160,88.6,21200,124000,107000,433,4060,11500,107,1070,3330,,3730,2620,3020,965,140,76.2
W,W1100X390,W1100X390,390,49800,1100,1100,401,400,19.9,20.6,11.1,36.1,36.5,55.9,66.7,41.3,5.57,49.6,10000,20800,18200,450,384,2980,1920,88.1,15500,109000,106000,386,3650,10300,106,1060,3330,,3730,2590,3000,965,140,76.2
W,W1100X343,W1100X343,343,43700,1090,1090,401,400,18,17.5,9.52,31,31.8,51.1,61.9,39.7,6.45,54.8,8660,18000,15900,445,331,2570,1660,87.1,10400,92900,106000,330,3150,8960,105,1060,3300,,3710,2590,3000,965,140,76.2
W,W1000X976,W1000X976,976,125000,1110,1110,429,429,50,50.8,25.4,89.9,90.5,120,122,55.6,2.39,17.3,23500,50500,42500,434,1190,8880,5570,98,245000,309000,109000,1050,8670,25100,120,1020,3350,,3780,2640,3070,864,191,76.2
W,W1000X883,W1000X883,883,112000,1090,1090,424,425,45.5,46,23.8,82,82.6,112,114,54,2.58,19.1,21000,45200,38300,432,1050,7880,4950,96.5,185000,268000,107000,932,7850,22500,118,1010,3300,,3730,2620,3050,864,191,76.2
W,W1000X748,W1000X748,748,95500,1070,1070,417,416,39.1,39.7,20.6,70.1,69.8,100,102,50.8,2.98,22.3,17300,38000,32400,427,849,6460,4080,94.5,115000,212000,104000,762,6600,18800,114,998,3280,,3680,2570,2970,864,191,76.2
W,W1000X642,W1000X642,642,81900,1050,1050,411,413,34,33.3,17.5,59.9,60.3,89.9,92.1,47.6,3.44,25.5,14500,32100,27700,422,703,5370,3410,92.7,73700,171000,102000,629,5590,15900,112,988,3230,,3630,2510,2920,864,191,76.2
W,W1000X591,W1000X591,591,75500,1040,1040,409,410,31,31.8,15.9,55.9,55.6,85.9,88.9,46,3.66,28,13300,29500,25600,422,641,4920,3130,92.5,59100,155000,101000,574,5210,14600,111,986,3200,,3610,2490,2900,864,191,76.2
W,W1000X554,W1000X554,554,71000,1030,1030,409,410,29.5,30.2,15.9,52.1,52.4,82,84.1,46,3.93,29.5,12300,27500,23900,419,591,4540,2900,91.4,48300,142000,100000,533,4830,13600,110,980,3180,,3580,2470,2870,864,191,76.2
W,W1000X539,W1000X539,539,68400,1030,1030,406,406,28.4,28.6,14.3,51.1,50.8,81,82.6,44.5,3.99,30.5,12000,26900,23300,419,574,4420,2830,91.4,45400,138000,99400,516,4740,13200,110,980,3180,,3580,2470,2870,864,191,76.2
W,W1000X483,W1000X483,483,61500,1020,1020,404,403,25.4,25.4,12.7,46,46,75.9,77.8,42.9,4.4,34.2,10700,23900,21000,417,508,3920,2510,90.9,33000,120000,98700,458,4240,11800,108,975,3150,,3560,2450,2840,864,191,76.2
W,W1000X443,W1000X443,443,56300,1010,1010,401,403,23.6,23.8,12.7,41.9,41.3,71.9,74.6,42.9,4.8,36.8,9660,21800,19200,414,454,3520,2260,89.9,25500,107000,97400,409,3830,10700,107,970,3120,,3530,2420,2820,864,191,76.2
W,W1000X412,W1000X412,412,52600,1010,1010,401,403,21.1,20.6,11.1,40.1,39.7,70.1,73,41.3,5.03,41.2,9120,20500,18000,417,433,3340,2160,90.9,21400,102000,97400,391,3690,10100,108,968,3120,,3530,2420,2820,864,191,76.2
W,W1000X371,W1000X371,371,47400,1000,1000,401,400,19.1,19,9.52,36.1,36.5,66,68.3,39.7,5.55,45.6,8160,18400,16300,414,385,2980,1930,90.2,15900,89700,96800,350,3330,9030,107,965,3100,,3510,2400,2790,864,191,76.2
W,W1000X321,W1000X321,321,41000,991,991,401,400,16.5,15.9,7.94,31,31.8,61,63.5,39.7,6.45,52.6,6950,15800,14100,411,334,2560,1660,89.9,10300,76300,96100,299,2870,7750,106,960,3100,,3510,2380,2790,864,191,76.2
W,W1000X296,W1000X296,296,37900,983,981,401,400,16.5,15.9,7.94,27.2,27,57.2,58.7,39.7,7.39,52.6,6200,14200,12600,406,289,2250,1450,87.6,7620,66100,96100,261,2510,7000,105,955,3070,,3480,2370,2770,864,191,76.2
W,W1000X584,W1000X584,584,74800,1060,1060,315,314,36.1,36.5,19,64,63.5,94,96.8,49.2,2.45,24.1,12400,28000,23600,409,334,3470,2130,67.1,71600,82200,78100,394,4420,13900,83.8,993,2950,,3250,2430,2740,864,191,
W,W1000X494,W1000X494,494,63000,1040,1040,310,308,31,31.8,15.9,54.1,54,84.1,85.7,46,2.86,28,10300,23400,19800,404,268,2820,1740,65.3,43700,64700,76100,319,3700,11600,81.5,983,2900,,3200,2380,2690,864,191,
W,W1000X486,W1000X486,486,61900,1040,1040,307,308,30,30.2,15.9,54.1,54,84.1,85.7,46,2.85,29,10200,23100,19700,406,266,2790,1720,65.5,42900,64200,75500,314,3690,11400,81.5,983,2900,,3200,2380,2690,864,191,
W,W1000X438,W1000X438,438,55600,1030,1030,305,305,26.9,27,14.3,49,49.2,79,81,44.5,3.11,32.2,9120,20800,17700,404,234,2460,1530,64.8,31900,55900,74200,278,3330,10200,80.3,978,2870,,3180,2360,2670,864,191,
W,W1000X415,W1000X415,415,53100,1020,1020,305,305,26.2,25.4,12.7,46,46,75.9,77.8,44.5,3.31,33.3,8530,19500,16700,401,217,2290,1430,64,27100,51600,74200,259,3110,9620,79.5,975,2840,,3150,2350,2640,864,191,
W,W1000X393,W1000X393,393,49900,1020,1020,302,302,24.4,23.8,12.7,43.9,44.4,73.9,76.2,42.9,3.45,35.6,8070,18500,15900,401,205,2160,1350,64,23400,48600,73500,245,2980,9090,79.2,973,2840,,3150,2330,2640,864,191,
W,W1000X350,W1000X350,350,44600,1010,1010,302,302,21.1,20.6,11.1,40.1,39.7,70.1,73,41.3,3.77,41.2,7240,16600,14300,404,185,1930,1220,64.5,17200,43200,72900,221,2720,8110,79,968,2820,,3120,2320,2620,864,191,
W,W1000X314,W1000X314,314,40100,1000,1000,300,298,19.1,19,9.52,36.1,36.5,66,68.3,39.7,4.17,45.6,6450,14800,12900,401,162,1720,1080,63.8,12700,37900,72300,195,2430,7240,78,965,2790,,3100,2300,2590,864,191,
W,W1000X272,W1000X272,272,34400,991,991,300,298,16.5,15.9,7.94,30.5,30.2,60.5,63.5,39.7,4.92,52.6,5490,12700,11100,399,138,1450,918,63.2,8030,31700,72300,164,2060,6160,77.2,960,2790,,3100,2280,2590,864,191,
W,W1000X249,W1000X249,249,31800,980,981,300,298,16.5,15.9,7.94,26.2,25.4,56.1,58.7,39.7,5.76,52.6,4830,11400,9830,389,118,1250,785,61,5830,26800,71600,140,1750,5510,75.7,955,2770,,3070,2260,2570,864,191,
W,W1000X222,W1000X222,222,28300,970,972,300,298,16,15.9,7.94,21.1,20.6,51.1,54,38.1,7.11,54.3,4080,9800,8410,381,95.3,1020,636,58.2,3900,21500,71000,112,1420,4720,73.4,950,2740,,3050,2240,2540,864,191,
W,W920X1377,W920X1377,1380,175000,1090,1100,472,473,76.7,76.2,38.1,115,114,134,137,58.7,2.05,10.8,30400,67700,55600,417,2060,14100,8700,108,595000,494000,115000,1570,11200,33800,135,980,3400,,3890,2670,3150,822,191,76.2
W,W920X1269,W920X1269,1270,162000,1090,1100,462,464,64,63.5,31.8,115,114,134,137,52.4,2.01,12.9,29100,64200,53300,424,1910,13200,8280,109,516000,459000,113000,1510,11200,32000,133,980,3430,,3890,2640,3100,822,191,76.2
W,W920X1194,W920X1194,1190,152000,1080,1080,457,457,60.5,60.3,30.2,109,110,128,130,50.8,2.1,13.7,27000,60000,49800,422,1750,12200,7670,107,437000,414000,111000,1390,10500,29800,131,973,3380,,3840,2620,3070,822,191,76.2
W,W920X1077,W920X1077,1080,137000,1060,1060,452,451,55.1,55.6,28.6,99.1,98.4,118,119,47.6,2.28,15,23800,53600,44900,417,1540,10800,6820,106,327000,357000,109000,1220,9470,26700,129,963,3330,,3780,2570,3020,822,191,76.2
W,W920X970,W920X970,970,124000,1040,1040,447,448,50,50.8,25.4,89.9,90.5,114,122,55.6,2.48,16.3,21100,47700,40300,411,1340,9520,6010,104,247000,303000,106000,1070,8490,23800,126,955,3280,,3730,2530,2970,797,191,76.2
W,W920X787,W920X787,787,101000,1010,1010,437,438,40.9,41.3,20.6,73.9,74.6,98,106,50.8,2.96,19.9,16500,38200,32600,406,1040,7440,4740,102,136000,227000,103000,828,6870,19000,122,937,3230,,3660,2460,2900,797,191,76.2
W,W920X725,W920X725,725,92300,998,1000,434,435,38.1,38.1,19,68.1,68.3,92.2,102,47.6,3.19,21.4,15000,34900,30000,401,937,6750,4310,101,107000,202000,101000,749,6280,17400,120,930,3180,,3610,2430,2870,797,191,76.2
W,W920X656,W920X656,656,83900,988,987,432,432,34.5,34.9,17.5,62,61.9,86.1,95.3,47.6,3.48,23.6,13400,31300,27000,399,828,6030,3850,99.6,80700,178000,99400,666,5690,15600,119,927,3150,,3580,2410,2840,797,191,76.2
W,W920X588,W920X588,588,74800,975,975,427,429,31,31.8,15.9,55.9,55.6,80,87.3,46,3.83,26.3,11900,28000,24400,399,728,5330,3410,98.6,59100,154000,98100,587,5100,13900,117,919,3120,,3560,2380,2790,797,191,76.2
W,W920X537,W920X537,537,68400,965,965,424,425,28.4,28.6,14.3,51.1,50.8,75.2,84.1,44.5,4.16,28.6,10700,25400,22100,396,653,4800,3080,97.8,45400,137000,96800,529,4620,12600,116,914,3100,,3530,2350,2770,797,191,76.2
W,W920X491,W920X491,491,62500,958,956,422,422,25.9,25.4,12.7,47,47.6,71.1,79.4,44.5,4.49,31.4,9700,23100,20300,394,591,4340,2800,97.3,35100,122000,96100,479,4240,11400,115,912,3070,,3510,2340,2770,797,191,76.2
W,W920X449,W920X449,449,57400,947,949,424,422,24,23.8,12.7,42.7,42.9,66.8,76.2,42.9,4.96,33.9,8780,21000,18500,391,541,3950,2560,97,26800,111000,95500,433,3850,10400,115,904,3070,,3510,2320,2740,797,191,76.2
W,W920X420,W920X420,420,53500,942,943,422,422,22.5,22.2,11.1,39.9,39.7,64,73,41.3,5.29,36.2,8160,19500,17200,391,499,3650,2360,96.5,21900,102000,94800,400,3590,9680,114,902,3050,,3480,2310,2720,797,191,76.2
W,W920X390,W920X390,390,49800,937,937,422,419,21.3,20.6,11.1,36.6,36.5,60.7,69.9,41.3,5.75,38.2,7450,18000,15900,389,454,3340,2160,95.5,17300,91800,94800,363,3280,8900,113,902,3050,,3480,2300,2720,797,191,76.2
W,W920X368,W920X368,368,46800,932,930,419,419,20.3,20.6,11.1,34.3,34.9,58.4,66.7,41.3,6.11,40.1,6950,16900,15000,386,420,3110,2020,95,14400,84900,94200,338,3060,8340,112,899,3050,,3450,2280,2690,797,191,76.2
W,W920X344,W920X344,344,44000,927,927,419,419,19.3,19,9.52,32,31.8,56.1,65.1,39.7,6.54,42.2,6490,15800,14000,384,391,2880,1870,94.2,11900,78400,93500,315,2870,7800,112,894,3050,,3450,2270,2690,797,191,76.2
W,W920X576,W920X576,576,73500,993,994,323,324,36.1,36.5,19.1,65,65.1,84.1,96.8,49.2,2.48,22.9,11000,26400,22300,386,367,3670,2280,70.6,71600,78900,74800,393,4330,13100,87.4,927,2840,,3180,2310,2640,800,140,
W,W920X521,W920X521,521,66500,980,981,320,321,33,33.3,17.5,58.9,58.7,78,90.5,47.6,2.72,25,9820,23600,20000,384,325,3260,2030,69.9,53700,69000,73500,348,3900,11800,86.6,922,2820,,3150,2280,2590,800,140,
W,W920X474,W920X474,474,60300,970,972,315,314,30,30.2,15.9,54.1,54,73.2,85.7,46,2.91,27.5,8820,21300,18200,384,284,2880,1800,68.6,40900,59600,72300,307,3540,10600,84.6,917,2790,,3100,2260,2570,800,140,
W,W920X425,W920X425,425,54100,960,959,312,311,26.9,27,14.3,49,49.2,68.1,79.4,44.5,3.19,30.6,7870,19000,16400,381,251,2560,1600,68.1,30300,52100,71000,273,3200,9470,83.6,912,2770,,3070,2230,2540,800,140,
W,W920X381,W920X381,381,48600,951,949,310,311,24.4,23.8,12.7,43.9,44.4,63,74.6,42.9,3.53,33.8,6990,17000,14700,378,220,2250,1420,67.3,22000,45100,70300,240,2850,8460,82.3,907,2740,,3050,2210,2520,800,140,
W,W920X345,W920X345,345,43900,943,943,307,308,22.1,22.2,11.1,39.9,39.7,58.9,71.4,41.3,3.86,37.3,6240,15300,13300,376,195,2000,1270,66.5,16500,39700,69700,213,2570,7600,81.5,902,2740,,3050,2190,2500,800,140,
W,W920X313,W920X313,313,39900,932,933,310,308,21.1,20.6,11.1,34.5,34.9,53.6,66.7,41.3,4.48,39.1,5490,13700,11800,371,171,1750,1110,65.5,11700,34400,69700,186,2230,6750,80.8,897,2720,,3020,2170,2480,800,140,
W,W920X289,W920X289,289,36800,927,927,307,308,19.4,19,9.52,32,31.8,51.1,63.5,39.7,4.81,42.4,5040,12600,10900,371,156,1600,1010,65,9240,31200,69000,169,2060,6210,80,894,2720,,3020,2160,2470,800,140,
W,W920X271,W920X271,271,34600,922,924,307,308,18.4,19,9.52,30,30.2,49,60.3,39.7,5.12,44.8,4700,11800,10200,368,144,1490,944,64.8,7700,28700,68400,157,1930,5820,79.5,892,2690,,3000,2150,2460,800,140,
W,W920X253,W920X253,253,32300,919,918,305,305,17.3,17.5,9.52,27.9,28.6,47,60.3,39.7,5.47,47.7,4370,10900,9520,368,133,1370,872,64.3,6290,26500,67700,145,1790,5410,79,892,2690,,3000,2140,2450,800,140,
W,W920X238,W920X238,238,30300,914,914,305,305,16.5,15.9,7.94,25.9,25.4,45,57.2,39.7,5.88,49.9,4060,10200,8880,366,123,1270,805,63.5,5160,24200,67700,134,1660,5050,78.5,889,2670,,2970,2130,2440,800,140,
W,W920X223,W920X223,223,28600,912,911,305,305,15.9,15.9,7.94,23.9,23.8,42.9,55.6,38.1,6.37,51.9,3760,9520,8260,363,112,1160,739,62.7,4200,22100,67700,122,1530,4700,77.7,889,2670,,2970,2130,2430,800,140,
W,W920X201,W920X201,201,25700,904,902,305,305,15.2,15.9,7.94,20.1,20.6,39.1,52.4,38.1,7.56,54.1,3250,8340,7190,356,93.7,978,618,60.5,2910,18300,67100,102,1280,4110,75.9,884,2670,,2970,2110,2420,800,140,
W,W840X576,W840X576,576,73500,914,914,411,413,32,31.8,15.9,57.9,57.2,78,90.5,46,3.55,23.7,10100,25600,22100,371,674,5110,3280,95.8,61600,123000,88400,524,4700,12700,114,856,2970,,3380,2240,2640,733,140,76.2
W,W840X527,W840X527,527,67100,904,902,409,410,29.5,30.2,15.9,53.1,52.4,73.2,85.7,46,3.85,25.7,9160,23300,20300,368,608,4620,2970,95,47900,110000,87100,470,4290,11600,113,851,2950,,3350,2220,2620,733,140,76.2
W,W840X473,W840X473,473,60500,894,892,406,406,26.4,27,14.3,48,47.6,68.1,81,44.5,4.23,28.7,8120,20800,18200,368,537,4100,2640,94.2,35100,95900,85800,420,3850,10400,112,846,2920,,3330,2190,2590,733,140,76.2
W,W840X433,W840X433,433,55200,884,886,404,403,24.4,23.8,12.7,43.9,44.4,64,74.6,42.9,4.6,31,7370,19000,16700,366,483,3700,2390,93.5,27100,85700,84500,376,3510,9390,110,841,2900,,3300,2170,2570,733,140,76.2
W,W840X392,W840X392,392,49900,876,876,401,400,22.1,22.2,11.1,39.9,39.7,59.9,71.4,41.3,5.03,34.3,6620,17000,15100,363,433,3310,2150,93,20300,75500,83900,336,3160,8440,109,836,2870,,3280,2150,2570,733,140,76.2
W,W840X359,W840X359,359,45900,869,867,404,403,21.1,20.6,11.1,35.6,34.9,55.6,68.3,41.3,5.66,35.9,5910,15400,13600,358,388,2980,1930,91.9,15100,67400,83900,302,2830,7650,109,833,2870,,3280,2140,2540,733,140,76.2
W,W840X329,W840X329,329,42100,861,860,401,400,19.7,19,9.52,32.5,31.8,52.3,63.5,41.3,6.2,38.5,5370,14000,12400,358,350,2690,1740,91.2,11600,60200,83200,269,2560,6930,108,828,2840,,3250,2120,2520,733,140,76.2
W,W840X299,W840X299,299,38100,856,854,399,400,18.2,17.5,9.52,29.2,28.6,49.3,61.9,39.7,6.85,41.7,4830,12700,11200,356,312,2410,1560,90.4,8660,53200,82600,240,2290,6260,107,828,2820,,3230,2110,2510,733,140,76.2
W,W840X251,W840X251,251,31900,859,860,292,292,17,17.5,9.52,31,31.8,48.8,61.9,39.7,4.71,44.7,3870,10300,9000,348,129,1380,883,63.5,7370,22100,60500,137,1770,5100,77,828,2530,,2820,2010,2300,733,140,
W,W840X226,W840X226,226,29000,851,851,295,295,16.1,15.9,7.94,26.9,27,44.7,58.7,38.1,5.48,47.2,3400,9160,7980,343,114,1210,773,62.7,5160,19300,60700,120,1550,4560,76.5,823,2520,,2820,2000,2290,733,140,
W,W840X210,W840X210,210,26800,846,845,292,292,15.4,15.9,7.94,24.4,23.8,42.2,55.6,38.1,6.01,49.6,3100,8420,7340,340,102,1100,700,61.7,4040,17300,60000,107,1390,4150,75.7,820,2500,,2790,1980,2280,733,140,
W,W840X193,W840X193,193,24700,841,841,292,292,14.7,14.3,7.94,21.7,22.2,39.6,54,38.1,6.73,51.7,2790,7650,6650,335,90.7,975,621,60.7,3070,15200,59800,94.9,1230,3770,74.7,818,2500,,2790,1970,2270,733,140,
W,W840X176,W840X176,176,22400,836,835,292,292,14,14.3,7.94,18.8,19,36.6,50.8,38.1,7.76,54.5,2460,6800,5880,330,77.8,841,534,58.9,2210,13000,59700,82,1070,3360,73.4,818,2480,,2770,1960,2260,733,140,
W,W760X582,W760X582,582,74200,843,845,396,397,34.5,34.9,17.5,62,61.9,82,95.3,47.6,3.19,19.7,8620,23800,20500,340,645,5080,3240,93.2,72000,98300,77400,475,4380,11800,111,782,2770,,3180,2080,2480,654,140,76.2
W,W760X531,W760X531,531,67700,833,832,394,394,31.5,31.8,15.9,56.9,57.2,77,88.9,46,3.45,21.6,7780,21600,18700,338,579,4570,2930,92.5,55800,87000,76100,429,4000,10700,109,777,2740,,3150,2060,2450,654,140,76.2
W,W760X484,W760X484,484,61900,823,822,391,391,29,28.6,14.3,52.1,52.4,72.1,84.1,44.5,3.75,23.4,6990,19500,17000,335,516,4130,2650,91.4,42900,77100,75500,384,3640,9720,108,772,2740,,3120,2040,2430,654,140,76.2
W,W760X434,W760X434,434,55500,813,813,389,387,25.9,25.4,12.7,47,47.6,67.1,79.4,44.5,4.12,26.2,6200,17400,15200,335,458,3650,2360,90.9,31300,67100,74200,340,3260,8670,107,767,2720,,3100,2010,2400,654,140,76.2
W,W760X389,W760X389,389,49700,803,803,386,384,23.6,23.8,12.7,41.9,41.3,62,74.6,42.9,4.59,28.7,5450,15500,13600,333,399,3210,2080,89.7,22500,57700,73500,297,2880,7690,106,762,2690,,3070,1990,2380,654,140,76.2
W,W760X350,W760X350,350,44700,795,794,384,381,21.1,20.6,11.1,38.1,38.1,58.2,69.9,41.3,5.02,32.2,4870,13900,12300,330,356,2870,1870,89.2,16800,51000,72300,265,2610,6900,105,757,2670,,3050,1970,2360,654,140,76.2
W,W760X314,W760X314,314,40200,785,787,384,384,19.7,19,9.52,33.5,33.3,53.3,65.1,41.3,5.74,34.5,4290,12300,10900,328,315,2540,1640,88.6,11800,44600,72300,231,2290,6100,104,752,2640,,3020,1950,2340,654,140,76.2
W,W760X284,W760X284,284,36200,780,778,381,381,18,17.5,9.52,30.2,30.2,50,63.5,39.7,6.35,37.7,3830,11100,9830,325,280,2260,1470,87.9,8740,39200,71600,206,2050,5490,103,749,2640,,3020,1940,2320,654,140,76.2
W,W760X257,W760X257,257,32800,772,775,381,381,16.6,15.9,7.94,27.2,27,47,58.7,39.7,7.04,40.8,3430,9950,8870,323,249,2020,1310,86.9,6490,34600,71000,184,1850,4930,102,744,2620,,3000,1930,2310,654,140,76.2
W,W760X220,W760X220,220,28100,780,778,267,267,16.5,15.9,7.94,30,30.2,46.5,63.5,39.7,4.44,41.6,2780,8190,7140,315,94.5,1110,710,57.9,6040,13300,50000,99.9,1410,4060,70.4,749,2300,,2570,1830,2090,654,140,
W,W760X196,W760X196,196,25000,770,768,267,267,15.6,15.9,7.94,25.4,25.4,41.9,57.2,38.1,5.27,43.9,2400,7160,6230,310,81.6,957,610,57.2,4050,11300,49600,84.1,1190,3520,69.8,744,2270,,2540,1810,2070,654,140,
W,W760X185,W760X185,185,23500,767,765,267,267,14.9,14.3,7.94,23.6,23.8,40.1,57.2,38.1,5.65,46.2,2230,6690,5820,307,75.3,885,564,56.6,3330,10400,49500,78.3,1110,3310,69.3,744,2270,,2540,1800,2070,654,140,
W,W760X173,W760X173,173,22100,762,762,267,267,14.4,14.3,7.94,21.6,22.2,38.1,54,38.1,6.17,47.8,2050,6190,5390,305,68.3,806,513,55.6,2680,9370,49400,71.2,1010,3060,68.6,742,2270,,2530,1790,2060,654,140,
W,W760X161,W760X161,161,20500,757,759,267,267,13.8,14.3,7.94,19.3,19,35.8,50.8,38.1,6.89,49.6,1860,5670,4900,302,60.8,719,457,54.6,2080,8300,49200,63.3,900,2790,67.8,737,2260,,2520,1780,2050,654,140,
W,W760X147,W760X147,147,18700,754,752,267,267,13.2,12.7,6.35,17,17.5,33.5,50.8,38.1,7.8,51.9,1660,5110,4410,297,53.3,633,401,53.3,1570,7200,49200,55.8,795,2520,66.5,737,2250,,2520,1780,2040,654,140,
W,W760X134,W760X134,134,17000,749,749,264,264,11.9,12.7,6.35,15.5,15.9,32,47.6,36.5,8.52,57.5,1500,4640,4010,297,47.9,569,362,53.1,1180,6440,48500,49.5,716,2280,66,734,2240,,2500,1760,2030,654,140,
W,W690X802,W690X802,802,103000,826,826,389,387,50,50.8,25.4,89.9,90.5,110,113,46,2.15,12.1,10700,31000,25700,323,878,7160,4540,92.7,206000,119000,71600,624,5600,15500,112,737,2690,,3070,2040,2430,584,140,
W,W690X548,W690X548,548,70300,772,772,373,371,35.1,34.9,17.5,63,63.5,83.1,93.7,47.6,2.96,17.3,6740,20300,17400,310,545,4570,2930,88.4,70800,68500,66500,389,3790,10200,105,709,2540,,2920,1920,2290,584,140,
W,W690X500,W690X500,500,64000,762,762,371,368,32,31.8,15.9,57.9,57.2,78,88.9,46,3.19,18.9,6080,18500,15900,307,491,4130,2650,87.6,54500,60700,65200,350,3460,9230,104,704,2540,,2920,1890,2270,584,140,
W,W690X457,W690X457,457,58200,752,752,366,368,29.5,30.2,15.9,53.1,52.4,73.2,84.1,46,3.46,20.6,5450,16900,14500,305,437,3720,2390,86.6,42000,53400,63900,310,3110,8320,103,698,2500,,2870,1870,2240,584,140,
W,W690X419,W690X419,419,53600,744,743,366,365,26.9,27,14.3,49,49.2,69.1,79.4,44.5,3.72,22.5,4950,15300,13300,305,397,3380,2180,86.1,33100,47800,63500,285,2880,7640,102,696,2500,,2870,1850,2220,584,140,
W,W690X384,W690X384,384,49100,737,737,363,362,24.9,25.4,12.7,45,44.4,65,76.2,42.9,4.03,24.4,4500,14000,12200,302,358,3060,1970,85.3,25600,42700,62800,256,2620,6950,101,691,2480,,2840,1840,2200,584,140,
W,W690X350,W690X350,350,44800,729,727,361,362,23.1,23.8,12.7,40.9,41.3,61,73,42.9,4.41,26.2,4040,12700,11100,300,320,2750,1770,84.6,19600,37900,62100,229,2380,6290,99.6,688,2460,,2820,1820,2180,584,140,
W,W690X323,W690X323,323,41200,721,721,358,359,21.1,20.6,11.1,38.1,38.1,58.2,68.3,41.3,4.71,28.7,3710,11700,10300,300,293,2520,1640,84.3,15700,34400,61200,209,2200,5750,98.8,683,2440,,2790,1800,2160,584,140,
W,W690X289,W690X289,289,36800,714,714,356,356,19.1,19,9.52,34,33.3,54.1,65.1,39.7,5.24,31.8,3270,10300,9160,297,258,2230,1440,83.6,11300,29800,60500,183,1950,5110,97.8,681,2410,,2770,1780,2140,584,140,
W,W690X265,W690X265,265,33900,706,705,358,359,18.4,19,9.52,30.2,30.2,50.3,60.3,39.7,5.92,32.9,2920,9340,8280,295,231,2000,1290,82.6,8370,26400,60500,164,1740,4620,97.3,676,2410,,2770,1770,2130,584,140,
W,W690X240,W690X240,240,30700,701,702,356,356,16.8,17.5,9.52,27.4,27,47.5,58.7,39.7,6.49,36.1,2630,8440,7510,292,207,1790,1160,82,6290,23400,59900,146,1560,4160,96.3,673,2410,,2770,1760,2110,584,140,
W,W690X217,W690X217,217,27900,696,695,356,356,15.4,15.9,7.94,24.8,25.4,44.7,55.6,38.1,7.16,39.4,2360,7600,6780,292,184,1600,1040,81.3,4700,20700,59700,132,1410,3750,95.5,671,2390,,2740,1750,2100,584,140,
W,W690X192,W690X192,192,24400,701,702,254,254,15.5,15.9,7.94,27.9,28.6,43.2,58.7,38.1,4.55,39.7,1980,6470,5650,284,76.6,944,603,56.1,4620,8730,42800,75.8,1120,3200,67.6,673,2110,,2360,1660,1910,584,140,
W,W690X170,W690X170,170,21700,693,692,257,257,14.5,14.3,7.94,23.6,23.8,38.9,54,38.1,5.41,42.5,1700,5620,4900,279,66.2,808,516,55.4,3050,7410,43000,64.9,957,2790,67.3,671,2100,,2360,1640,1900,584,140,
W,W690X152,W690X152,152,19400,688,689,254,254,13.1,12.7,6.35,21.1,20.6,36.3,52.4,36.5,6.03,47.1,1510,5000,4380,279,57.9,711,456,54.6,2200,6440,42400,56.6,847,2470,66.5,668,2090,,2340,1630,1880,584,140,
W,W690X140,W690X140,140,17800,683,683,254,254,12.4,12.7,6.35,18.9,19,34,49.2,36.5,6.7,49.5,1360,4560,3980,277,51.6,636,406,53.8,1680,5720,42200,50.8,759,2250,65.8,665,2080,,2330,1620,1870,584,140,
W,W690X125,W690X125,125,15900,678,679,254,254,11.7,11.1,6.35,16.3,15.9,31.5,47.6,36.5,7.78,52.7,1190,4000,3490,272,44.1,544,347,52.6,1170,4810,42100,43.3,652,1980,64.5,663,2070,,2320,1610,1860,584,140,
W,W610X551,W610X551,551,70300,711,711,348,346,38.6,38.1,19,69.1,69.8,81.8,102,50.8,2.51,14.2,5580,18500,15700,282,483,4380,2790,83.1,83700,49900,55900,336,3420,9310,99.6,643,2370,,2720,1770,2120,508,140,
W,W610X498,W610X498,498,63400,699,698,343,343,35.1,34.9,17.5,63,63.5,75.7,95.3,47.6,2.73,15.6,4950,16700,14200,279,429,3900,2490,82,63300,43200,54500,294,3080,8290,98,635,2320,,2670,1740,2080,508,140,
W,W610X455,W610X455,455,57900,688,689,340,340,32,31.8,15.9,57.9,57.2,70.6,90.5,46,2.94,17.1,4450,15100,12900,277,383,3510,2250,81.3,48700,38100,53600,264,2820,7520,96.8,630,2300,,2640,1720,2060,508,140,
W,W610X415,W610X415,415,52800,678,679,338,337,29.5,30.2,15.9,53.1,52.4,65.8,85.7,46,3.18,18.6,4000,13700,11800,274,343,3160,2030,80.5,37700,33600,52800,237,2560,6820,95.5,625,2280,,2620,1690,2030,508,140,
W,W610X372,W610X372,372,47400,668,670,335,333,26.4,27,14.3,48,47.6,60.7,79.4,44.5,3.49,20.7,3530,12200,10600,272,301,2800,1800,79.8,27700,29000,52000,209,2290,6060,94.2,620,2260,,2590,1670,2010,508,140,
W,W610X341,W610X341,341,43400,660,660,333,333,24.4,23.8,12.7,43.9,44.4,56.6,76.2,42.9,3.79,22.5,3180,11100,9640,272,271,2520,1630,79,21400,25800,51300,187,2080,5510,93.2,617,2260,,2590,1650,1990,508,140,
W,W610X307,W610X307,307,39200,653,654,330,330,22.1,22.2,11.1,39.9,39.7,52.6,73,41.3,4.14,24.8,2840,9930,8700,269,241,2250,1460,78.2,15900,22600,50600,166,1880,4950,91.9,612,2240,,2570,1640,1970,508,140,
W,W610X285,W610X285,285,36500,648,648,330,330,20.6,20.6,11.1,37.1,36.5,49.8,69.9,41.3,4.43,26.6,2610,9160,8050,267,221,2060,1340,78,12800,20500,50400,154,1750,4590,91.4,610,2240,,2570,1630,1960,508,140,
W,W610X262,W610X262,262,33400,640,641,328,327,19.1,19,9.52,34,33.3,46.7,66.7,39.7,4.81,28.7,2360,8370,7370,267,199,1880,1220,77.2,9950,18400,49600,139,1590,4160,90.7,607,2200,,2530,1610,1940,508,140,
W,W610X241,W610X241,241,30800,635,635,330,330,17.9,17.5,9.52,31,31.8,43.7,63.5,39.7,5.31,30.6,2150,7670,6780,264,184,1720,1120,77.5,7700,16800,49900,127,1460,3820,90.7,605,2200,,2530,1600,1930,508,140,
W,W610X217,W610X217,217,27700,627,629,328,327,16.5,15.9,7.94,27.7,27,40.4,60.3,39.7,5.92,33.2,1910,6850,6080,262,163,1530,991,76.5,5580,14700,49100,112,1290,3390,89.7,599,2180,,2510,1580,1910,508,140,
W,W610X195,W610X195,195,24900,622,622,328,327,15.4,15.9,7.94,24.4,23.8,37.1,57.2,38.1,6.7,35.6,1670,6060,5390,259,142,1340,869,75.4,3950,12600,49000,97.8,1140,3020,88.6,597,2170,,2500,1570,1900,508,140,
W,W610X174,W610X174,174,22200,617,616,325,324,14,14.3,7.94,21.6,22.2,34.3,54,38.1,7.53,39.2,1470,5360,4770,257,124,1170,762,74.7,2800,11000,48400,84.9,1000,2670,87.9,597,2160,,2480,1560,1880,508,140,
W,W610X155,W610X155,155,19800,612,610,325,324,12.7,12.7,6.35,19.1,19,31.8,52.4,36.5,8.5,43.1,1290,4740,4230,257,108,1020,667,73.9,1960,9450,48200,74.5,883,2360,86.9,594,2150,,2480,1550,1870,508,140,
W,W610X153,W610X153,153,19500,622,622,229,229,14,14.3,7.94,24.9,25.4,37.6,57.2,38.1,4.59,39.2,1250,4590,4010,254,49.5,680,434,50.5,2940,4460,34100,48.7,798,2280,61,597,1880,,2110,1470,1700,508,140,
W,W610X140,W610X140,140,17900,617,616,230,232,13.1,12.7,6.35,22.2,22.2,35.1,54,36.5,5.18,41.9,1120,4160,3640,251,45.4,615,393,50.3,2190,4030,34300,43.7,718,2060,61,594,1880,,2110,1470,1690,508,140,
W,W610X125,W610X125,125,15900,612,613,229,229,11.9,12.7,6.35,19.6,19,32.3,52.4,36.5,5.86,45.9,986,3670,3210,249,39.3,534,342,49.5,1540,3440,33900,38,629,1820,60.2,592,1870,,2100,1450,1680,508,140,
W,W610X113,W610X113,113,14500,607,606,228,229,11.2,11.1,6.35,17.3,17.5,30,49.2,36.5,6.61,49,874,3280,2880,246,34.3,469,302,48.8,1120,2980,33700,33.2,554,1620,59.2,589,1850,,2080,1440,1670,508,140,
W,W610X101,W610X101,101,13000,602,603,228,229,10.5,11.1,6.35,14.9,14.3,27.7,47.6,36.5,7.66,52,762,2900,2520,243,29.3,401,257,47.5,778,2530,33400,28.3,474,1430,58.4,587,1840,,2070,1430,1660,508,140,
W,W610X92,W610X92,92,11700,602,603,179,178,10.9,11.1,6.35,15,14.3,27.7,38.1,27,5.97,50.1,645,2510,2150,234,14.4,257,161,35.1,712,1240,26300,17.6,369,1230,44.4,587,1700,,1870,1380,1560,527,88.9,
W,W610X82,W610X82,82,10500,599,600,178,178,10,9.52,4.76,12.8,12.7,25.7,36.5,25.4,6.94,54.6,562,2200,1870,231,12.1,218,136,34,491,1040,26100,14.9,316,1080,43.7,587,1690,,1870,1380,1550,527,88.9,
W,W530X409,W530X409,409,52800,612,613,328,327,31,31.8,15.9,55.6,55.6,85.6,87.3,46,2.95,14.2,3200,12300,10500,246,328,3130,2000,78.7,44500,25400,45600,208,2290,6050,93.5,556,2090,,2420,1550,1880,438,140,
W,W530X369,W530X369,369,47600,602,603,325,324,27.9,28.6,14.3,50.5,50.8,80.5,82.6,44.5,3.22,15.8,2840,11000,9440,244,291,2790,1790,78.2,33600,22100,44800,184,2070,5410,92.2,551,2070,,2400,1530,1850,438,140,
W,W530X332,W530X332,332,42900,594,594,323,321,25.4,25.4,12.7,45.5,46,75.4,77.8,42.9,3.55,17.5,2530,9850,8520,243,256,2460,1580,77.2,24800,19300,44300,162,1850,4840,90.7,549,2050,,2380,1510,1830,438,140,
W,W530X300,W530X300,300,38300,584,584,320,321,23.1,23.8,12.7,41.4,41.3,54.1,73,42.9,3.86,20.6,2210,8690,7550,241,226,2180,1410,76.7,17000,16600,43400,144,1670,4330,90.2,544,2060,,2380,1490,1810,438,140,
W,W530X272,W530X272,272,34600,577,578,318,318,21.1,20.6,11.1,37.6,38.1,50.3,69.9,41.3,4.22,22.6,1970,7800,6830,239,201,1950,1270,76.2,12800,14600,42800,128,1500,3880,89.2,538,2040,,2360,1470,1790,438,140,
W,W530X248,W530X248,248,31500,572,572,315,314,19.1,19,9.52,34.5,34.9,47.2,66.7,39.7,4.57,25,1780,7080,6230,238,181,1770,1150,75.9,9820,13000,42300,115,1370,3520,88.4,536,2030,,2340,1460,1770,438,140,
W,W530X219,W530X219,219,27900,561,559,318,318,18.3,19,9.52,29.2,28.6,41.9,61.9,39.7,5.44,26.1,1510,6110,5390,233,157,1520,985,74.9,6410,11000,42300,97.8,1160,3050,87.9,533,2020,,2330,1440,1760,438,140,
W,W530X196,W530X196,196,25000,554,556,315,318,16.5,15.9,7.94,26.4,27,39.1,57.2,39.7,6.01,28.9,1340,5460,4830,232,139,1350,877,74.4,4700,9670,41500,85.7,1030,2690,87.1,528,2000,,2310,1420,1740,438,140,
W,W530X182,W530X182,182,23200,551,549,315,314,15.2,15.9,7.94,24.4,23.8,37.1,57.2,38.1,6.45,31.3,1230,5030,4470,231,127,1240,806,74.2,3740,8780,41500,79.5,962,2510,86.4,526,1990,,2310,1420,1730,438,140,
W,W530X165,W530X165,165,21000,546,546,312,314,14,14.3,7.94,22.2,22.2,35.1,54,38.1,7.05,34.1,1110,4570,4080,230,114,1120,729,73.7,2840,7840,40900,71.2,869,2260,85.6,523,1980,,2290,1400,1720,438,140,
W,W530X150,W530X150,150,19200,544,543,312,311,12.7,12.7,6.35,20.3,20.6,33,52.4,36.5,7.68,37.5,1010,4150,3720,229,103,1010,660,73.4,2170,7040,40800,64.9,796,2060,85.1,523,1980,,2290,1400,1710,438,140,
W,W530X138,W530X138,138,17600,549,549,214,213,14.7,14.3,7.94,23.6,23.8,36.3,41.3,23.8,4.53,32.3,862,3620,3150,221,38.7,569,362,46.7,2510,2670,28100,35.5,618,1790,56.9,526,1690,,1900,1310,1520,467,140,
W,W530X123,W530X123,123,15700,544,543,212,213,13.1,12.7,6.35,21.2,20.6,34,38.1,22.2,5,36.4,762,3210,2800,220,33.9,500,320,46.5,1810,2320,27700,31.2,552,1590,56.1,523,1680,,1890,1300,1510,467,140,
W,W530X109,W530X109,109,13900,538,540,211,210,11.6,11.1,6.35,18.8,19,31.5,36.5,22.2,5.6,41.2,666,2820,2470,219,29.4,436,279,46,1260,1990,27400,27.1,487,1390,55.6,521,1660,,1870,1290,1500,467,140,
W,W530X101,W530X101,101,12900,536,537,210,210,10.9,11.1,6.35,17.4,17.5,30.2,34.9,22.2,6.04,43.6,616,2620,2290,218,26.9,400,257,45.7,1020,1820,27200,24.9,449,1290,55.1,518,1660,,1870,1280,1490,467,140,
W,W530X92,W530X92,92,11800,533,533,209,210,10.2,9.52,4.76,15.6,15.9,28.4,33.3,20.6,6.7,46.9,554,2360,2080,217,23.9,356,229,45,762,1600,27100,22.1,403,1170,54.6,518,1650,,1860,1280,1490,467,140,
W,W530X82,W530X82,82,10500,528,527,209,210,9.53,9.52,4.76,13.3,12.7,25.9,30.2,20.6,7.87,50,475,2060,1800,213,20.1,302,193,43.9,516,1340,26900,18.6,341,1010,53.6,515,1640,,1850,1260,1470,467,140,
W,W530X72,W530X72,72,9100,523,524,207,206,8.89,9.52,4.76,10.9,11.1,23.6,28.6,20.6,9.47,53.6,399,1750,1520,209,16.1,244,156,42.2,334,1060,26500,14.9,277,857,52.1,513,1630,,1830,1250,1460,467,140,
W,W530X85,W530X85,85,10800,536,533,167,165,10.3,9.52,4.76,16.5,15.9,29.2,33.3,20.6,5.04,46.3,487,2110,1820,212,12.7,243,153,34.3,737,857,21600,14.9,336,1040,42.7,521,1530,,1700,1240,1400,467,88.9,
W,W530X74,W530X74,74,9480,528,530,166,165,9.65,9.52,4.76,13.6,14.3,26.4,31.8,20.6,6.1,49.4,410,1800,1550,208,10.4,200,125,33,475,690,21400,12,274,883,41.7,516,1510,,1680,1220,1390,467,88.9,
W,W530X66,W530X66,66,8390,526,524,165,165,8.89,9.52,4.76,11.4,11.1,24.1,28.6,20.6,7.22,53.6,351,1560,1340,205,8.62,167,104,32,320,567,21200,10,229,767,40.6,516,1510,,1670,1220,1380,467,88.9,
W,W460X464,W460X464,464,59100,566,568,305,305,38.6,38.1,19,69.6,69.8,82.3,90.5,39.7,2.19,10.4,2900,12400,10200,221,331,3390,2160,74.9,73300,20500,37900,201,2290,6150,89.7,498,1950,,2250,1440,1740,384,140,
W,W460X421,W460X421,421,53700,556,556,302,302,35.6,34.9,17.5,63.5,63.5,76.2,85.7,38.1,2.38,11.3,2570,11100,9260,219,293,3030,1930,73.9,55800,17700,37200,179,2080,5560,88.1,493,1930,,2230,1410,1720,384,140,
W,W460X384,W460X384,384,49000,546,546,300,298,32.5,31.8,15.9,58.4,58.7,68.6,81,36.5,2.56,12.5,2290,10000,8420,217,261,2720,1750,73.2,42900,15500,36500,160,1900,5010,86.9,488,1910,,2210,1390,1690,384,140,
W,W460X349,W460X349,349,44300,536,533,297,295,29.5,30.2,15.9,53.6,54,63.8,76.2,34.9,2.76,13.8,2040,9000,7640,214,232,2440,1570,72.4,32800,13500,35800,143,1740,4520,85.6,483,1890,,2180,1370,1670,384,140,
W,W460X315,W460X315,315,40200,526,524,295,292,26.9,27,14.3,48.5,49.2,58.7,71.4,34.9,3.02,15.1,1800,8030,6870,212,205,2160,1400,71.6,24400,11700,35200,126,1550,4030,84.3,478,1860,,2160,1350,1640,384,140,
W,W460X286,W460X286,286,36300,518,518,292,292,24.4,23.8,12.7,44.5,44.4,54.6,66.7,33.3,3.27,16.7,1610,7240,6230,210,183,1950,1260,70.9,18600,10200,34600,112,1410,3640,83.3,475,1850,,2140,1330,1620,384,140,
W,W460X260,W460X260,260,33200,508,508,290,289,22.6,22.2,11.1,40.4,39.7,50.5,61.9,31.8,3.58,18,1440,6520,5640,208,163,1740,1130,70.1,14100,8940,33900,99.1,1260,3240,82.3,467,1820,,2110,1310,1600,384,140,
W,W460X235,W460X235,235,29900,500,502,287,286,20.6,20.6,11.1,36.6,36.5,46.7,60.3,31.8,3.92,19.8,1270,5830,5080,206,144,1550,1010,69.6,10500,7790,33300,87.4,1130,2900,81.3,465,1800,,2090,1290,1570,384,140,
W,W460X213,W460X213,213,27100,495,495,284,286,18.5,19,9.52,33.5,33.3,43.7,55.6,30.2,4.25,22,1140,5280,4620,205,129,1400,909,69.1,7990,6900,32800,78.3,1030,2620,80.5,462,1790,,2070,1280,1560,384,140,
W,W460X193,W460X193,193,24700,490,489,284,283,17,17.5,9.52,30.5,30.2,40.6,52.4,30.2,4.65,23.9,1020,4750,4200,204,116,1260,818,68.6,6040,6100,32700,70.8,937,2390,79.5,460,1780,,2070,1260,1550,384,140,
W,W460X177,W460X177,177,22600,483,483,287,286,16.6,15.9,7.94,26.9,27,37.1,49.2,30.2,5.31,24.5,912,4290,3790,201,105,1130,736,68.3,4410,5450,32700,63.3,829,2150,79.5,455,1780,,2060,1250,1540,384,140,
W,W460X158,W460X158,158,20100,475,476,284,286,15,14.3,7.94,23.9,23.8,34,46,28.6,5.96,27.2,795,3770,3340,199,91.6,991,646,67.6,3110,4670,32100,54.5,726,1870,78.7,452,1760,,2040,1230,1520,384,140,
W,W460X144,W460X144,144,18400,472,473,282,283,13.6,14.3,7.94,22.1,22.2,32.3,44.5,28.6,6.41,30,728,3460,3080,199,83.7,906,592,67.3,2440,4240,31700,49.5,667,1720,78.2,450,1740,,2030,1230,1510,384,140,
W,W460X128,W460X128,128,16300,467,467,282,283,12.2,12.7,6.35,19.6,19,29.7,41.3,27,7.2,33.4,637,3050,2720,197,72.8,793,518,66.8,1710,3650,31500,43.7,590,1510,77.5,447,1740,,2020,1220,1500,384,140,
W,W460X113,W460X113,113,14400,462,464,279,279,10.8,11.1,6.35,17.3,17.5,27.4,39.7,27,8.11,37.8,554,2670,2390,196,63.3,692,452,66.3,1180,3140,31100,37.5,516,1320,76.7,444,1720,,2000,1200,1480,384,140,
W,W460X106,W460X106,106,13500,470,470,194,194,12.6,12.7,6.35,20.6,20.6,30.7,38.1,22.2,4.71,32.4,487,2390,2080,191,25.1,405,259,43.2,1450,1260,21800,21.8,420,1190,52.1,450,1480,,1670,1130,1330,394,88.9,
W,W460X97,W460X97,97,12300,467,467,193,194,11.4,11.1,6.35,19.1,19,29.2,36.5,22.2,5.06,35.7,445,2180,1920,190,22.8,369,236,42.9,1140,1140,21600,19.9,387,1090,51.6,450,1470,,1670,1130,1320,394,88.9,
W,W460X89,W460X89,89,11400,462,464,192,190,10.5,11.1,6.35,17.7,17.5,27.9,34.9,20.6,5.44,38.7,410,2020,1770,190,20.9,338,218,42.7,903,1030,21400,18.1,356,993,51.3,444,1460,,1650,1120,1310,394,88.9,
W,W460X82,W460X82,82,10500,460,460,191,190,9.91,9.52,4.76,16,15.9,26.2,33.3,20.6,5.98,41.1,370,1840,1610,188,18.7,303,195,42.4,691,921,21200,16.2,321,906,50.8,444,1460,,1650,1110,1300,394,88.9,
W,W460X74,W460X74,74,9480,457,457,191,190,9.02,9.52,4.76,14.5,14.3,24.7,31.8,20.6,6.57,45.2,333,1660,1460,187,16.7,272,175,41.9,516,816,21100,14.5,290,818,50.3,442,1450,,1640,1100,1300,394,88.9,
W,W460X68,W460X68,68,8710,460,457,154,152,9.14,9.52,4.76,15.4,15.9,25.7,31.8,20.6,5.01,44.6,296,1490,1290,184,9.37,192,122,32.8,508,462,17100,10.1,247,736,40.1,444,1340,,1500,1070,1230,394,88.9,
W,W460X60,W460X60,60,7610,455,454,153,152,8,7.94,4.76,13.3,12.7,23.5,30.2,20.6,5.73,50.9,255,1280,1120,183,7.95,164,104,32.3,337,387,16800,8.62,213,633,39.6,442,1340,,1490,1060,1210,394,88.9,
W,W460X52,W460X52,52,6650,450,451,152,152,7.62,7.94,4.76,10.8,11.1,21,28.6,19.1,7.06,53.5,212,1090,944,179,6.37,132,83.9,31,211,306,16700,6.87,172,536,38.4,439,1320,,1480,1050,1200,394,88.9,
W,W410X149,W410X149,149,19000,432,432,264,264,14.9,14.3,7.94,25,25.4,35.3,47.6,28.6,5.29,24.3,620,3240,2870,180,77.4,900,585,63.8,3220,3200,26800,44.5,634,1610,74.2,406,1610,,1870,1130,1390,337,140,
W,W410X132,W410X132,132,16900,427,425,264,264,13.3,12.7,6.35,22.2,22.2,32.5,44.5,27,5.92,27,541,2870,2540,179,67.8,788,515,63.2,2270,2740,26700,39.2,564,1430,73.2,404,1600,,1870,1120,1380,337,140,
W,W410X114,W410X114,114,14600,419,419,262,260,11.6,11.1,6.35,19.3,19,29.5,41.3,27,6.77,31.2,462,2460,2200,178,57.4,674,441,62.7,1490,2310,26100,33,482,1220,72.4,399,1580,,1840,1100,1360,337,140,
W,W410X100,W410X100,100,12600,414,416,259,260,10,9.52,4.76,16.9,17.5,27.2,39.7,25.4,7.7,35.9,397,2130,1920,177,49.5,582,380,62.5,995,1960,25700,28.1,418,1050,71.6,396,1570,,1830,1090,1350,337,140,
W,W410X85,W410X85,85,10800,417,416,181,181,10.9,11.1,6.35,18.2,17.5,28.4,34.9,22.2,4.98,33,316,1720,1510,171,17.9,310,198,40.6,924,714,18000,14.8,308,852,48.8,399,1340,,1520,1010,1190,346,88.9,
W,W410X75,W410X75,75,9480,414,413,180,181,9.65,9.52,4.76,16,15.9,26.2,33.3,20.6,5.61,37.4,274,1510,1330,170,15.5,267,172,40.4,633,610,17900,12.8,270,747,48,399,1330,,1510,1010,1190,346,88.9,
W,W410X67,W410X67,67,8580,409,410,179,178,8.76,9.52,4.76,14.4,14.3,24.6,31.8,20.6,6.23,41.1,244,1350,1190,169,13.7,238,153,39.9,462,534,17600,11.3,241,665,47.5,394,1320,,1500,996,1180,346,88.9,
W,W410X60,W410X60,60,7610,406,406,178,178,7.75,7.94,4.76,12.8,12.7,23,30.2,20.6,6.93,46.5,216,1200,1060,168,12,208,135,39.9,330,465,17500,9.99,215,590,47.2,394,1310,,1490,991,1170,346,88.9,
W,W410X53,W410X53,53,6840,404,403,178,178,7.49,7.94,4.76,10.9,11.1,21.1,28.6,19.1,8.12,48.1,186,1050,926,165,10.2,177,115,38.6,227,392,17400,8.45,182,518,46.5,394,1310,,1490,986,1160,346,88.9,
W,W410X46.1,W410X46.1,46.1,5890,404,403,140,140,6.99,6.35,3.18,11.2,11.1,21.4,28.6,19.1,6.28,51.6,156,885,773,163,5.16,115,73.6,29.7,192,198,13800,5.41,147,436,36.1,394,1200,,1340,947,1090,346,88.9,
W,W410X38.8,W410X38.8,38.8,4950,399,400,140,140,6.35,6.35,3.18,8.76,9.52,19,27,19.1,7.97,56.8,125,724,629,159,3.99,89.8,57.2,28.4,109,152,13600,4.16,114,354,35.1,391,1190,,1330,937,1080,346,88.9,
W,W360X1299,W360X1299,1300,166000,599,600,478,476,100,100,50.8,140,140,155,157,65.1,1.71,2.89,7530,33300,25100,213,2570,16700,10800,124,945000,136000,54800,916,6060,16600,153,460,2420,,2900,1680,2150,286,216,76.2
W,W360X1202,W360X1202,1200,154000,579,578,472,473,95,95.3,47.6,130,130,145,146,63.5,1.82,3.04,6620,30000,22800,208,2310,15200,9780,123,766000,117000,53000,816,5510,15000,151,450,2370,,2840,1630,2100,286,216,76.2
W,W360X1086,W360X1086,1090,139000,569,568,455,454,78,77.8,39.7,125,125,140,157,69.9,1.82,3.71,5950,27200,21000,208,1960,13400,8640,119,604000,97200,50500,716,5210,13600,144,444,2310,,2770,1590,2050,254,191,76.2
W,W360X990,W360X990,990,126000,549,549,450,448,71.9,71.4,36.5,115,114,130,148,66.7,1.95,4.03,5160,24300,18800,203,1740,12000,7730,117,466000,81900,48800,629,4700,12100,141,434,2270,,2720,1550,2000,254,191,76.2
W,W360X900,W360X900,900,115000,531,530,442,441,66,66.7,33.3,106,106,121,138,63.5,2.09,4.39,4500,21600,17000,198,1530,10700,6930,116,362000,69300,47000,549,4230,10800,138,424,2230,,2670,1500,1950,254,191,76.2
W,W360X818,W360X818,818,105000,513,514,437,438,60.5,60.3,30.2,97,96.8,112,130,60.3,2.25,4.79,3930,19300,15300,194,1350,9550,6190,114,278000,58800,45400,483,3800,9590,136,417,2180,,2620,1460,1900,254,191,76.2
W,W360X744,W360X744,744,94800,498,498,432,432,55.6,55.6,28.6,88.9,88.9,104,122,58.7,2.43,5.21,3420,17200,13700,190,1200,8550,5560,113,214000,50200,44100,425,3420,8550,134,409,2160,,2590,1430,1860,254,191,76.2
W,W360X677,W360X677,677,86500,483,483,427,429,51.3,50.8,25.4,81.5,81,96.8,114,57.2,2.62,5.66,2990,15300,12400,186,1070,7670,4980,111,164000,43000,42800,372,3060,7640,131,401,2110,,2540,1390,1820,254,191,76.2
W,W360X634,W360X634,634,80600,475,473,424,425,47.8,47.6,23.8,77.2,77.8,92.2,110,54,2.75,6.08,2750,14200,11600,184,982,7110,4640,110,138000,38700,42200,345,2880,7130,130,399,2100,,2520,1370,1800,254,191,76.2
W,W360X592,W360X592,592,75500,465,464,422,422,45,44.4,22.2,72.4,73,87.4,105,54,2.92,6.44,2500,13100,10700,182,903,6590,4290,109,114000,34600,41400,316,2670,6570,128,394,2080,,2500,1350,1770,254,191,76.2
W,W360X551,W360X551,551,70300,455,454,419,419,42.2,42.9,20.6,67.6,68.3,82.8,100,52.4,3.1,6.89,2260,12100,9950,180,828,6060,3950,108,92400,31200,40600,287,2460,6010,127,386,2060,,2480,1330,1750,254,191,76.2
W,W360X509,W360X509,509,65200,445,444,417,416,39.1,39.7,20.6,62.7,63.5,78,95.3,50.8,3.31,7.41,2040,11000,9140,177,753,5540,3620,108,74100,27700,39700,260,2260,5490,126,381,2030,,2450,1310,1720,254,191,76.2
W,W360X463,W360X463,463,59000,434,435,411,413,35.8,36.5,19,57.4,57.2,72.6,90.5,49.2,3.59,8.09,1800,9880,8290,175,670,4980,3260,107,56600,23900,38800,229,2030,4920,124,376,2010,,2420,1280,1690,254,191,76.2
W,W360X421,W360X421,421,53700,424,425,409,410,32.8,33.3,17.5,52.6,52.4,67.8,85.7,47.6,3.89,8.84,1600,8880,7520,172,599,4490,2930,106,43300,20900,38000,204,1840,4410,122,371,1980,,2390,1260,1670,254,191,76.2
W,W360X382,W360X382,382,48800,417,416,406,406,30,30.2,15.9,48,47.6,63.2,81,46,4.23,9.71,1420,7980,6800,170,537,4030,2640,105,32900,18200,37400,183,1670,3980,121,368,1970,,2370,1240,1650,254,191,76.2
W,W360X347,W360X347,347,44200,406,406,404,403,27.2,27,14.3,43.7,44.4,58.9,76.2,44.5,4.62,10.7,1250,7140,6150,168,479,3620,2380,104,24800,15800,36600,161,1490,3540,119,363,1940,,2350,1220,1620,254,191,76.2
W,W360X314,W360X314,314,40000,399,400,401,400,24.9,25.4,12.7,39.6,39.7,54.9,73,42.9,5.06,11.6,1110,6390,5540,166,429,3240,2130,103,18600,13800,36100,143,1340,3180,118,358,1930,,2330,1200,1600,254,191,76.2
W,W360X287,W360X287,287,36600,394,394,399,400,22.6,22.2,11.1,36.6,36.5,51.8,69.9,42.9,5.45,12.8,999,5820,5080,165,388,2950,1950,103,14500,12300,35600,130,1230,2900,117,358,1910,,2310,1190,1580,254,191,76.2
W,W360X262,W360X262,262,33400,386,387,399,397,21.1,20.6,11.1,33.3,33.3,48.5,66.7,41.3,5.97,13.7,891,5240,4600,163,349,2670,1750,102,11000,10900,35200,117,1110,2610,116,353,1900,,2300,1170,1570,254,191,76.2
W,W360X237,W360X237,237,30100,381,381,396,397,18.9,19,9.52,30.2,30.2,45.5,63.5,39.7,6.54,15.3,791,4700,4160,162,311,2390,1580,102,8200,9560,34800,104,1000,2340,115,351,1890,,2280,1160,1550,254,191,76.2
W,W360X216,W360X216,216,27500,376,375,394,394,17.3,17.5,9.52,27.7,27,42.9,60.3,39.7,7.11,16.8,712,4260,3800,161,282,2180,1430,101,6330,8510,34300,93.2,908,2110,114,348,1870,,2270,1150,1540,254,191,76.2
W,W360X196,W360X196,196,25000,373,371,373,375,16.4,15.9,7.94,26.2,25.4,41.4,58.7,39.7,7.15,17.7,637,3830,3420,160,228,1850,1220,95.5,5120,6850,32400,79.1,811,1900,107,348,1810,,2180,1120,1490,254,140,
W,W360X179,W360X179,179,22800,368,368,373,371,15,14.3,7.94,23.9,23.8,39.1,57.2,38.1,7.8,19.3,574,3470,3110,158,206,1670,1110,95,3900,6100,32100,71.6,737,1720,107,345,1800,,2170,1110,1480,254,140,
W,W360X162,W360X162,162,20600,363,365,371,371,13.3,12.7,6.35,21.8,22.2,37.1,55.6,38.1,8.49,21.7,516,3150,2830,158,186,1520,1000,94.7,2960,5420,31700,64.1,667,1550,106,340,1790,,2160,1100,1470,254,140,
W,W360X147,W360X147,147,18800,361,359,371,371,12.3,12.7,6.35,19.8,19,35.1,52.4,36.5,9.34,23.5,462,2830,2570,157,167,1370,905,94.2,2240,4830,31600,57.9,605,1410,105,340,1780,,2150,1090,1460,254,140,
W,W360X134,W360X134,134,17100,356,356,368,368,11.2,11.1,6.35,18,17.5,33.3,50.8,36.5,10.2,25.9,416,2570,2340,156,151,1240,818,94,1690,4300,31100,51.6,544,1260,104,338,1770,,2140,1080,1450,254,140,
W,W360X122,W360X122,122,15500,363,362,257,257,13,12.7,6.35,21.7,22.2,36.8,42.9,27,5.92,22.4,367,2280,2020,154,61.6,734,480,63,2110,1800,21900,30.5,452,1120,72.4,340,1450,,1700,983,1240,276,140,
W,W360X110,W360X110,110,14100,361,359,257,257,11.4,11.1,6.35,19.9,20.6,35.1,41.3,27,6.41,25.4,331,2060,1840,153,55.8,664,436,63,1610,1610,21900,27.9,416,1020,71.9,340,1440,,1700,978,1230,276,140,
W,W360X101,W360X101,101,12900,356,356,254,254,10.5,11.1,6.35,18.3,19,33.3,39.7,27,6.97,27.5,301,1880,1690,153,50.4,605,397,62.5,1250,1440,21400,24.9,375,918,71.1,338,1430,,1680,965,1220,276,140,
W,W360X91,W360X91,91,11500,353,352,254,254,9.53,9.52,4.76,16.4,15.9,31.5,38.1,25.4,7.75,30.4,266,1670,1510,152,44.5,537,352,62.2,912,1260,21400,22.2,338,823,70.6,338,1420,,1680,960,1210,276,140,
W,W360X79,W360X79,79,10100,353,352,205,203,9.4,9.52,4.76,16.8,17.5,31.8,38.1,25.4,6.11,30.9,225,1430,1270,150,24,361,234,48.8,807,682,17200,14.8,275,696,56.4,335,1280,,1480,912,1120,276,140,
W,W360X72,W360X72,72,9100,351,349,204,203,8.64,7.94,4.76,15.1,15.9,30.2,36.5,25.4,6.75,33.6,201,1280,1150,149,21.4,321,210,48.5,604,602,17100,13.2,247,628,55.9,335,1270,,1470,904,1110,276,140,
W,W360X64,W360X64,64,8130,348,346,203,203,7.75,7.94,4.76,13.5,12.7,28.4,34.9,25.4,7.54,37.4,178,1140,1030,148,18.8,283,185,48,437,524,17000,11.6,220,557,55.4,335,1260,,1470,899,1100,276,140,
W,W360X57.8,W360X57.8,57.8,7230,358,359,172,171,7.87,7.94,4.76,13.1,12.7,23.2,31.8,20.6,6.57,39.6,160,1010,895,149,11.1,198,129,39.4,332,330,14800,8.32,185,497,46.2,345,1200,,1370,889,1060,295,88.9,
W,W360X51,W360X51,51,6450,356,356,171,171,7.24,7.94,4.76,11.6,11.1,21.7,30.2,19.1,7.41,43.1,142,895,796,148,9.7,174,113,38.9,237,287,14800,7.33,164,441,45.7,343,1190,,1360,884,1050,295,88.9,
W,W360X44,W360X44,44,5710,351,352,171,171,6.86,6.35,3.18,9.78,9.52,19.9,28.6,19.1,8.74,45.4,121,775,688,146,8.16,147,95.4,37.8,158,238,14600,6.08,137,379,45,340,1180,,1350,871,1040,295,88.9,
W,W360X39,W360X39,39,4960,353,352,128,127,6.48,6.35,3.18,10.7,11.1,20.8,28.6,19.1,5.98,48.1,102,659,578,144,3.71,90.8,58.2,27.4,149,109,11000,3.73,111,323,33,343,1060,,1190,833,963,295,69.9,
W,W360X32.9,W360X32.9,32.9,4190,348,349,127,127,5.84,6.35,3.18,8.51,7.94,18.7,27,19.1,7.46,53.3,82.8,544,475,141,2.91,71.9,45.9,26.4,86.6,84.3,10800,2.91,87.5,264,32.3,340,1050,,1180,823,950,295,69.9,
W,W310X500,W310X500,500,63800,427,429,340,340,45.2,44.4,22.2,75.2,74.6,90.2,98.4,42.9,2.26,5.47,1690,9880,7910,163,495,4490,2900,88.1,101000,15300,29900,191,1950,4930,105,351,1760,,2100,1190,1530,232,140,
W,W310X454,W310X454,454,57700,414,416,335,337,41.4,41.3,20.6,68.8,68.3,83.8,92.1,41.3,2.45,5.98,1480,8800,7130,160,437,4000,2610,86.9,77000,13100,28900,167,1750,4380,103,345,1720,,2060,1160,1500,232,140,
W,W310X415,W310X415,415,52800,404,403,333,333,38.9,38.1,19,62.7,63.5,78,85.7,41.3,2.66,6.35,1290,7880,6440,156,390,3610,2340,85.9,59500,11300,28400,148,1570,3930,102,340,1700,,2030,1140,1470,232,140,
W,W310X375,W310X375,375,47800,391,391,330,330,35.6,34.9,17.5,57.2,57.2,72.4,79.4,38.1,2.89,6.96,1130,7010,5780,154,345,3210,2080,84.8,45000,9610,27500,130,1410,3490,99.8,335,1680,,2010,1110,1440,232,140,
W,W310X342,W310X342,342,43700,384,381,328,327,32.8,33.3,17.5,52.6,52.4,67.8,74.6,38.1,3.11,7.56,1010,6330,5260,152,309,2900,1880,84.1,34900,8380,27100,117,1280,3160,98.3,330,1660,,1990,1090,1420,232,140,
W,W310X313,W310X313,313,39900,373,375,325,324,30,30.2,15.9,48.3,47.6,63.5,71.4,36.5,3.37,8.23,891,5700,4790,150,276,2610,1700,83.3,26900,7300,26500,104,1160,2830,96.8,325,1640,,1960,1070,1400,232,140,
W,W310X283,W310X283,283,36100,366,365,323,321,26.9,27,14.3,44.2,44.4,59.2,66.7,34.9,3.65,9.16,787,5100,4310,148,245,2340,1520,82.6,20300,6340,25900,92.4,1050,2560,95.8,323,1620,,1940,1050,1380,232,140,
W,W310X253,W310X253,253,32300,356,356,320,321,24.4,23.8,12.7,39.6,39.7,54.9,61.9,33.3,4.03,10.1,687,4510,3850,146,215,2060,1350,81.8,14800,5400,25300,80.3,926,2230,94,315,1600,,1920,1030,1350,232,140,
W,W310X226,W310X226,226,28800,348,349,318,318,22.1,22.2,11.1,35.6,34.9,50.8,58.7,31.8,4.46,11.2,595,3980,3420,144,189,1820,1190,81,10700,4620,24800,69.9,821,1980,93,312,1580,,1890,1010,1330,232,140,
W,W310X202,W310X202,202,25700,340,340,315,314,20.1,20.6,11.1,31.8,31.8,47,54,31.8,4.96,12.3,516,3510,3050,142,166,1610,1050,80.3,7700,3950,24300,60.8,723,1740,91.7,310,1560,,1870,996,1310,232,140,
W,W310X179,W310X179,179,22700,333,333,312,314,18,17.5,9.52,28.2,28.6,43.2,50.8,30.2,5.57,13.7,445,3050,2670,140,144,1400,918,79.5,5370,3330,23800,52.4,633,1510,90.4,305,1540,,1850,978,1290,232,140,
W,W310X158,W310X158,158,20100,328,327,310,311,15.5,15.9,7.94,25.1,25.4,40.4,47.6,28.6,6.17,15.9,388,2690,2380,139,125,1230,808,79,3800,2870,23400,45.8,560,1330,89.4,302,1530,,1840,965,1280,232,140,
W,W310X143,W310X143,143,18200,323,324,310,308,14,14.3,7.94,22.9,22.2,38.1,46,28.6,6.76,17.7,347,2410,2150,138,112,1110,728,78.5,2850,2530,23200,41.1,506,1200,88.6,300,1520,,1830,955,1260,232,140,
W,W310X129,W310X129,129,16500,318,318,307,308,13.1,12.7,6.35,20.6,20.6,35.8,42.9,27,7.48,18.9,308,2160,1930,137,100,990,651,78,2120,2220,22800,36,449,1060,87.9,297,1500,,1810,942,1250,232,140,
W,W310X117,W310X117,117,15000,315,314,307,308,11.9,12.7,6.35,18.7,19,33.8,41.3,27,8.22,20.7,276,1950,1750,136,89.9,890,587,77.5,1600,1970,22800,32.7,408,965,87.1,297,1500,,1810,937,1240,232,140,
W,W310X107,W310X107,107,13600,312,311,305,305,10.9,11.1,6.35,17,17.5,32.3,39.7,27,8.99,22.6,248,1770,1600,135,81.2,806,531,77.2,1220,1760,22500,29.2,369,872,86.6,295,1490,,1800,930,1230,232,140,
W,W310X97,W310X97,97,12300,307,308,305,305,9.91,9.52,4.76,15.4,15.9,30.5,38.1,25.4,9.92,24.9,222,1590,1440,134,72.4,723,477,76.7,907,1550,22300,26.1,331,778,85.9,292,1480,,1790,919,1220,232,140,
W,W310X86,W310X86,86,11000,310,311,254,254,9.14,9.52,4.76,16.3,15.9,31.5,38.1,23.8,7.82,27,198,1420,1280,134,44.5,533,351,63.8,874,959,18600,19.2,292,695,71.4,295,1340,,1590,874,1130,235,140,
W,W310X79,W310X79,79,10100,307,305,254,254,8.76,9.52,4.76,14.6,14.3,30,34.9,23.8,8.69,28.1,177,1280,1160,133,39.9,477,315,63,658,849,18600,17.2,262,628,70.9,292,1330,,1590,869,1120,235,140,
W,W310X74,W310X74,74,9420,310,311,205,206,9.4,9.52,4.76,16.3,15.9,29,38.1,23.8,6.31,26.8,163,1180,1050,132,23.4,349,228,49.8,712,505,15100,12.6,234,580,57.2,295,1190,,1400,826,1030,235,140,
W,W310X67,W310X67,67,8450,307,305,204,203,8.51,7.94,4.76,14.6,14.3,27.4,34.9,23.8,7,29.6,145,1050,946,131,20.8,311,203,49.5,524,443,15000,11.2,210,519,56.6,292,1190,,1390,820,1020,235,140,
W,W310X60,W310X60,60,7550,302,305,203,203,7.49,7.94,4.76,13.1,12.7,25.9,34.9,22.2,7.77,33.6,128,934,844,130,18.4,275,180,49.3,377,387,14700,9.78,185,456,56.1,290,1180,,1380,808,1010,235,140,
W,W310X52,W310X52,52,6650,318,318,167,165,7.62,7.94,4.76,13.2,12.7,20.8,30.2,19.1,6.31,36.2,119,839,747,133,10.2,188,122,39.1,308,236,12600,6.99,160,416,45.5,305,1100,,1270,803,968,257,88.9,
W,W310X44.5,W310X44.5,44.5,5670,312,314,166,165,6.6,6.35,3.18,11.2,11.1,18.8,28.6,19.1,7.41,41.8,99.1,706,633,132,8.45,157,102,38.6,190,193,12500,5.79,134,349,45,302,1090,,1260,790,955,257,88.9,
W,W310X38.7,W310X38.7,38.7,4940,310,311,165,165,5.84,6.35,3.18,9.65,9.52,17.3,27,19.1,8.54,47.2,84.9,610,547,131,7.2,134,87.5,38.4,125,163,12400,4.91,115,300,44.4,300,1090,,1250,785,950,257,88.9,
W,W310X32.7,W310X32.7,32.7,4180,312,311,102,102,6.6,6.35,3.18,10.8,11.1,18.4,23.8,15.9,4.74,41.8,64.9,480,416,125,1.94,60,37.9,21.5,122,44,7740,2.13,78,236,26.4,302,907,,1010,726,831,264,57.2,
W,W310X28.3,W310X28.3,28.3,3590,310,308,102,102,5.97,6.35,3.18,8.89,9.52,16.5,22.2,14.3,5.72,46.2,54.1,405,349,122,1.57,48.8,30.8,20.9,74.9,35.2,7680,1.74,64.1,200,25.9,302,902,,1000,721,823,264,57.2,
W,W310X23.8,W310X23.8,23.8,3040,305,305,101,102,5.59,6.35,3.18,6.73,6.35,14.4,20.6,14.3,7.53,49.4,42.9,329,280,119,1.17,37,23.1,19.6,42.9,26,7550,1.29,48,161,25,297,889,,991,711,813,264,57.2,
W,W310X21,W310X21,21,2680,302,302,101,102,5.08,4.76,3.18,5.72,6.35,13.3,19.1,14.3,8.82,54.3,36.9,285,244,117,0.982,31.1,19.5,19.1,29.3,21.6,7480,1.08,40.6,139,24.4,297,884,,986,706,805,264,57.2,
W,W250X167,W250X167,167,21200,290,289,264,264,19.2,19,9.52,31.8,31.8,44.5,49.2,25.4,4.17,10.4,298,2410,2060,118,98.2,1130,742,68.1,6290,1620,17000,35.7,501,1200,78.2,259,1310,,1570,843,1110,191,140,
W,W250X149,W250X149,149,18900,282,283,262,264,17.3,17.5,9.52,28.4,28.6,41.1,46,25.4,4.62,11.6,259,2130,1840,117,86.2,1000,655,67.3,4540,1380,16600,30.8,441,1050,77.2,254,1290,,1550,826,1090,191,140,
W,W250X131,W250X131,131,16800,274,276,262,260,15.4,15.9,7.94,25.1,25.4,37.8,42.9,23.8,5.18,13,222,1850,1610,115,74.5,870,570,66.8,3130,1160,16300,26.8,385,916,75.9,249,1280,,1540,810,1070,191,140,
W,W250X115,W250X115,115,14600,269,270,259,260,13.5,12.7,6.35,22.1,22.2,34.8,39.7,22.2,5.86,14.8,189,1600,1410,114,64.1,752,493,66,2130,975,16000,22.9,336,793,74.9,247,1270,,1530,798,1060,191,140,
W,W250X101,W250X101,101,12800,264,264,257,257,11.9,12.7,6.35,19.6,19,32.3,36.5,22.2,6.58,16.7,164,1400,1240,113,55.8,657,433,65.8,1480,832,15700,19.7,293,690,74.2,245,1250,,1510,785,1040,191,140,
W,W250X89,W250X89,89,11400,259,260,257,257,10.7,11.1,6.35,17.3,17.5,30,34.9,20.6,7.41,18.7,142,1220,1090,112,48.3,574,377,65.3,1030,709,15500,17.2,257,603,73.2,242,1240,,1500,775,1030,191,140,
W,W250X80,W250X80,80,10200,257,257,254,254,9.4,9.52,4.76,15.6,15.9,28.4,33.3,20.6,8.15,21.2,126,1090,983,111,42.9,513,338,65,758,623,15300,15.2,229,537,72.4,241,1230,,1490,767,1020,191,140,
W,W250X73,W250X73,73,9290,254,254,254,254,8.64,7.94,4.76,14.2,14.3,26.9,31.8,20.6,8.93,23.1,113,990,895,110,38.9,464,306,64.5,579,556,15200,13.7,210,488,72.1,240,1230,,1490,762,1020,191,140,
W,W250X67,W250X67,67,8580,257,257,204,203,8.89,9.52,4.76,15.7,15.9,28.4,33.3,20.6,6.47,22.5,103,900,805,110,22.2,333,218,51.1,629,322,12300,9.82,185,442,57.7,241,1080,,1290,716,919,191,140,
W,W250X58,W250X58,58,7420,252,251,203,203,8,7.94,4.76,13.5,12.7,26.2,30.2,20.6,7.53,25,87,767,690,108,18.7,282,185,50.3,406,266,12100,8.28,156,377,56.9,239,1070,,1280,706,909,191,140,
W,W250X49.1,W250X49.1,49.1,6260,247,248,202,203,7.37,7.94,4.76,11,11.1,23.7,28.6,19.1,9.15,27.1,71.2,636,574,106,15.2,229,151,49.3,243,212,11900,6.66,127,310,55.9,236,1060,,1270,696,899,191,140,
W,W250X44.8,W250X44.8,44.8,5700,267,267,148,146,7.62,7.94,4.76,13,12.7,20.6,28.6,17.5,5.7,29.5,70.8,600,531,111,6.95,145,94.2,34.8,259,111,9350,4.45,115,298,40.6,254,947,,1090,681,828,210,69.9,
W,W250X38.5,W250X38.5,38.5,4910,262,264,147,146,6.6,6.35,3.18,11.2,11.1,18.8,27,17.5,6.56,34,59.9,513,457,110,5.87,123,80.1,34.5,167,92.6,9160,3.76,98,252,40.1,250,935,,1080,671,815,210,69.9,
W,W250X32.7,W250X32.7,32.7,4190,259,257,146,146,6.1,6.35,3.18,9.14,9.52,16.8,23.8,15.9,7.99,36.9,49.1,426,380,108,4.75,100,65.1,33.8,99.5,73.8,9100,3.05,80,211,39.4,250,930,,1080,665,810,210,69.9,
W,W250X28.4,W250X28.4,28.4,3630,259,260,102,102,6.35,6.35,3.18,10,9.52,17.7,23.8,15.9,5.09,35.4,40.1,354,308,105,1.79,54.9,35.1,22.2,97,27.9,6350,1.63,59.8,174,26.9,249,800,,902,620,721,213,57.2,
W,W250X25.3,W250X25.3,25.3,3220,257,257,102,102,6.1,6.35,3.18,8.38,7.94,16,22.2,14.3,6.08,36.9,34.1,306,265,103,1.48,45.9,29.2,21.5,64.9,22.9,6320,1.35,49.8,150,26.4,248,792,,894,615,716,213,57.2,
W,W250X22.3,W250X22.3,22.3,2850,254,254,102,102,5.84,6.35,3.18,6.86,6.35,14.5,20.6,14.3,7.41,38.5,28.7,262,226,100,1.2,37.7,23.8,20.6,43.3,18.3,6280,1.09,40.6,128,25.7,247,787,,889,610,711,213,57.2,
W,W250X17.9,W250X17.9,17.9,2280,251,251,101,102,4.83,4.76,3.18,5.33,4.76,13,19.1,14.3,9.43,46.6,22.4,206,179,99.1,0.907,28.5,18,19.9,22.8,13.7,6170,0.828,31.3,101,25,245,780,,881,602,704,213,57.2,
W,W200X100,W200X100,100,12700,229,229,210,210,14.5,14.3,7.94,23.7,23.8,33.8,41.3,23.8,4.43,11.1,113,1150,990,94.5,36.9,536,351,53.8,2100,387,10800,13.4,238,570,61.7,205,1040,,1250,668,879,146,140,
W,W200X86,W200X86,86,11000,222,222,209,210,13,12.7,6.35,20.6,20.6,30.5,38.1,22.2,5.07,12.4,94.9,980,852,92.7,31.3,457,300,53.3,1390,317,10500,11.3,203,487,60.7,202,1030,,1240,653,861,146,140,
W,W200X71,W200X71,71,9100,216,216,206,206,10.2,9.52,4.76,17.4,17.5,27.4,34.9,20.6,5.92,15.9,76.6,803,708,91.7,25.3,375,246,52.8,816,250,10200,9.16,169,397,59.7,199,1010,,1220,638,843,146,140,
W,W200X59,W200X59,59,7550,210,210,205,206,9.14,9.52,4.76,14.2,14.3,24.2,31.8,20.6,7.21,17.6,60.8,652,582,89.7,20.4,303,200,51.8,466,195,10000,7.28,136,323,58.7,195,998,,1200,625,828,146,140,
W,W200X52,W200X52,52,6650,206,206,204,203,7.87,7.94,4.76,12.6,12.7,22.6,30.2,20.6,8.1,20.5,52.9,569,511,89.2,17.7,264,174,51.6,320,166,9870,6.33,119,280,57.9,194,991,,1190,617,820,146,140,
W,W200X46.1,W200X46.1,46.1,5890,203,203,203,203,7.24,7.94,4.76,11,11.1,21.1,28.6,19.1,9.19,22.3,45.8,498,451,88.1,15.4,231,152,51.3,223,142,9740,5.49,104,246,57.4,192,986,,1190,610,813,146,140,
W,W200X41.7,W200X41.7,41.7,5320,205,203,166,165,7.24,7.94,4.76,11.8,11.1,21.8,23.8,15.9,7.03,22.3,40.8,446,398,87.6,9.03,166,109,41.1,224,83.8,8000,3.93,90.5,220,46.7,193,876,,1040,577,742,156,102,
W,W200X35.9,W200X35.9,35.9,4570,201,200,165,165,6.22,6.35,3.18,10.2,9.52,20.2,22.2,14.3,8.12,25.9,34.4,379,342,86.9,7.62,140,92.3,40.9,144,69.6,7870,3.31,77.2,185,46,191,869,,1030,569,734,156,102,
W,W200X31.3,W200X31.3,31.3,3970,210,210,134,133,6.35,6.35,3.18,10.2,9.52,17.8,22.2,14.3,6.59,27.5,31.3,334,298,88.6,4.07,93.2,60.8,32,117,40.8,6710,2.28,64.9,166,37.1,200,795,,930,554,688,165,69.9,
W,W200X26.6,W200X26.6,26.6,3390,207,206,133,133,5.84,6.35,3.18,8.38,7.94,16,20.6,14.3,7.95,29.9,25.8,279,249,87.1,3.32,76.4,49.8,31.2,71.6,32.8,6650,1.85,52.9,137,36.3,198,787,,922,546,681,165,69.9,
W,W200X22.5,W200X22.5,22.5,2860,206,206,102,102,6.22,6.35,3.18,8,7.94,15.6,20.6,14.3,6.37,28.1,20,223,193,83.6,1.42,43.8,27.9,22.3,57,13.9,5040,1.03,37.9,109,26.9,198,693,,795,513,615,165,57.2,
W,W200X19.3,W200X19.3,19.3,2480,203,203,102,102,5.84,6.35,3.18,6.48,6.35,14.1,19.1,14.3,7.84,29.9,16.5,187,162,81.5,1.14,35.2,22.5,21.4,36.3,11,4990,0.82,30.5,90.9,26.2,197,686,,787,508,610,165,57.2,
W,W200X15,W200X15,15,1910,200,200,100,102,4.32,4.76,3.18,5.21,4.76,12.8,17.5,12.7,9.61,40.5,12.8,145,128,81.8,0.87,27.2,17.4,21.4,17.7,8.3,4880,0.637,24.3,70.3,25.7,195,681,,780,500,602,165,57.2,
W,W150X37.1,W150X37.1,37.1,4740,162,162,154,156,8.13,7.94,4.76,11.6,11.1,17.9,23.8,14.3,6.68,15.5,22.2,310,274,68.6,7.12,140,91.9,38.6,192,40.3,5810,2.59,63.6,154,44.2,151,759,,914,478,632,114,88.9,
W,W150X29.8,W150X29.8,29.8,3790,157,159,153,152,6.6,6.35,3.18,9.27,9.52,15.6,22.2,14.3,8.25,19.1,17.2,246,220,67.6,5.54,110,72.3,38.1,99.9,30.3,5660,2.01,50.3,121,43.2,148,749,,902,467,620,114,88.9,
W,W150X22.5,W150X22.5,22.5,2860,152,152,152,152,5.84,6.35,3.18,6.6,6.35,13,19.1,14.3,11.5,21.6,12.1,177,159,65,3.88,77.8,51,36.8,42,20.5,5540,1.39,35.2,87.2,42.2,146,739,,892,457,610,114,88.9,
W,W150X24,W150X24,24,3060,160,159,102,102,6.6,6.35,3.18,10.3,9.52,16.6,22.2,14.3,4.98,19.1,13.4,192,167,66,1.84,55.6,36.1,24.6,92.8,10.3,3820,1.01,36.7,94.6,28.7,149,602,,704,422,523,114,57.2,
W,W150X18,W150X18,18,2290,153,152,102,102,5.84,6.35,3.18,7.11,6.35,13.5,19.1,14.3,7.14,21.6,9.2,136,120,63.2,1.24,38,24.6,23.3,37.6,6.63,3710,0.67,24.9,66.9,27.4,146,589,,691,409,511,114,57.2,
W,W150X13.5,W150X13.5,13.5,1730,150,149,100,102,4.32,4.76,3.18,5.46,4.76,11.8,17.5,12.7,9.16,29.2,6.83,102,91.1,62.7,0.916,28.2,18.2,23,16.9,4.75,3610,0.495,18.8,49.8,26.9,145,582,,681,399,500,114,57.2,
W,W150X13,W150X13,13,1630,148,149,100,102,4.32,4.76,3.18,4.95,4.76,11.3,17.5,12.7,10.1,29.1,6.2,93.9,83.6,61.7,0.828,25.6,16.6,22.6,13.9,4.24,3580,0.441,16.9,45.6,26.7,143,579,,678,396,495,114,57.2,
W,W130X28.1,W130X28.1,28.1,3590,131,130,128,127,6.86,6.35,3.18,10.9,11.1,18.5,20.6,11.1,5.85,13.7,10.9,190,167,55.1,3.8,90.6,59.5,32.5,132,13.7,3830,1.34,39.7,93.9,36.8,120,620,,747,389,518,88.9,69.9,
W,W130X23.8,W130X23.8,23.8,3040,127,127,127,127,6.1,6.35,3.18,9.14,9.52,16.8,19.1,11.1,6.94,15.4,8.91,158,140,54.1,3.13,75.1,49.2,32,79.9,10.9,3750,1.09,32.6,77.7,36.3,118,610,,737,381,508,88.9,69.9,
W,W100X19.3,W100X19.3,19.3,2470,106,105,103,102,7.11,6.35,3.18,8.76,9.52,15.1,19.1,12.7,5.88,10.6,4.7,103,89.5,43.7,1.61,47.9,31.1,25.4,62.9,3.76,2500,0.566,20.3,50.6,29.5,97,495,,599,315,417,66.7,57.2,
